13:43:17:672  INFO 17556 --- [main] com.hmall.cart.CartApplication           : The following 1 profile is active: "local"
13:43:18:677 ERROR 17556 --- [main] o.s.boot.SpringApplication               : Application run failed

java.lang.IllegalStateException: Error processing condition on com.hmall.common.config.MyBatisConfig.mybatisPlusInterceptor
	at org.springframework.boot.autoconfigure.condition.SpringBootCondition.matches(SpringBootCondition.java:60) ~[spring-boot-autoconfigure-2.7.12.jar:2.7.12]
	at org.springframework.context.annotation.ConditionEvaluator.shouldSkip(ConditionEvaluator.java:108) ~[spring-context-5.3.27.jar:5.3.27]
	at org.springframework.context.annotation.ConfigurationClassBeanDefinitionReader.loadBeanDefinitionsForBeanMethod(ConfigurationClassBeanDefinitionReader.java:193) ~[spring-context-5.3.27.jar:5.3.27]
	at org.springframework.context.annotation.ConfigurationClassBeanDefinitionReader.loadBeanDefinitionsForConfigurationClass(ConfigurationClassBeanDefinitionReader.java:153) ~[spring-context-5.3.27.jar:5.3.27]
	at org.springframework.context.annotation.ConfigurationClassBeanDefinitionReader.loadBeanDefinitions(ConfigurationClassBeanDefinitionReader.java:129) ~[spring-context-5.3.27.jar:5.3.27]
	at org.springframework.context.annotation.ConfigurationClassPostProcessor.processConfigBeanDefinitions(ConfigurationClassPostProcessor.java:343) ~[spring-context-5.3.27.jar:5.3.27]
	at org.springframework.context.annotation.ConfigurationClassPostProcessor.postProcessBeanDefinitionRegistry(ConfigurationClassPostProcessor.java:247) ~[spring-context-5.3.27.jar:5.3.27]
	at org.springframework.context.support.PostProcessorRegistrationDelegate.invokeBeanDefinitionRegistryPostProcessors(PostProcessorRegistrationDelegate.java:311) ~[spring-context-5.3.27.jar:5.3.27]
	at org.springframework.context.support.PostProcessorRegistrationDelegate.invokeBeanFactoryPostProcessors(PostProcessorRegistrationDelegate.java:112) ~[spring-context-5.3.27.jar:5.3.27]
	at org.springframework.context.support.AbstractApplicationContext.invokeBeanFactoryPostProcessors(AbstractApplicationContext.java:748) ~[spring-context-5.3.27.jar:5.3.27]
	at org.springframework.context.support.AbstractApplicationContext.refresh(AbstractApplicationContext.java:564) ~[spring-context-5.3.27.jar:5.3.27]
	at org.springframework.boot.web.servlet.context.ServletWebServerApplicationContext.refresh(ServletWebServerApplicationContext.java:147) ~[spring-boot-2.7.12.jar:2.7.12]
	at org.springframework.boot.SpringApplication.refresh(SpringApplication.java:731) ~[spring-boot-2.7.12.jar:2.7.12]
	at org.springframework.boot.SpringApplication.refreshContext(SpringApplication.java:408) ~[spring-boot-2.7.12.jar:2.7.12]
	at org.springframework.boot.SpringApplication.run(SpringApplication.java:307) ~[spring-boot-2.7.12.jar:2.7.12]
	at org.springframework.boot.SpringApplication.run(SpringApplication.java:1303) ~[spring-boot-2.7.12.jar:2.7.12]
	at org.springframework.boot.SpringApplication.run(SpringApplication.java:1292) ~[spring-boot-2.7.12.jar:2.7.12]
	at com.hmall.cart.CartApplication.main(CartApplication.java:13) ~[classes/:na]
Caused by: java.lang.IllegalStateException: Failed to introspect Class [com.hmall.common.config.MqConfig] from ClassLoader [jdk.internal.loader.ClassLoaders$AppClassLoader@1f89ab83]
	at org.springframework.util.ReflectionUtils.getDeclaredMethods(ReflectionUtils.java:485) ~[spring-core-5.3.27.jar:5.3.27]
	at org.springframework.util.ReflectionUtils.doWithMethods(ReflectionUtils.java:361) ~[spring-core-5.3.27.jar:5.3.27]
	at org.springframework.util.ReflectionUtils.getUniqueDeclaredMethods(ReflectionUtils.java:418) ~[spring-core-5.3.27.jar:5.3.27]
	at org.springframework.beans.factory.support.AbstractAutowireCapableBeanFactory.lambda$getTypeForFactoryMethod$2(AbstractAutowireCapableBeanFactory.java:765) ~[spring-beans-5.3.27.jar:5.3.27]
	at java.base/java.util.concurrent.ConcurrentHashMap.computeIfAbsent(ConcurrentHashMap.java:1705) ~[na:na]
	at org.springframework.beans.factory.support.AbstractAutowireCapableBeanFactory.getTypeForFactoryMethod(AbstractAutowireCapableBeanFactory.java:764) ~[spring-beans-5.3.27.jar:5.3.27]
	at org.springframework.beans.factory.support.AbstractAutowireCapableBeanFactory.determineTargetType(AbstractAutowireCapableBeanFactory.java:703) ~[spring-beans-5.3.27.jar:5.3.27]
	at org.springframework.beans.factory.support.AbstractAutowireCapableBeanFactory.predictBeanType(AbstractAutowireCapableBeanFactory.java:674) ~[spring-beans-5.3.27.jar:5.3.27]
	at org.springframework.beans.factory.support.AbstractBeanFactory.isFactoryBean(AbstractBeanFactory.java:1684) ~[spring-beans-5.3.27.jar:5.3.27]
	at org.springframework.beans.factory.support.DefaultListableBeanFactory.doGetBeanNamesForType(DefaultListableBeanFactory.java:570) ~[spring-beans-5.3.27.jar:5.3.27]
	at org.springframework.beans.factory.support.DefaultListableBeanFactory.getBeanNamesForType(DefaultListableBeanFactory.java:542) ~[spring-beans-5.3.27.jar:5.3.27]
	at org.springframework.boot.autoconfigure.condition.OnBeanCondition.collectBeanNamesForType(OnBeanCondition.java:246) ~[spring-boot-autoconfigure-2.7.12.jar:2.7.12]
	at org.springframework.boot.autoconfigure.condition.OnBeanCondition.getBeanNamesForType(OnBeanCondition.java:239) ~[spring-boot-autoconfigure-2.7.12.jar:2.7.12]
	at org.springframework.boot.autoconfigure.condition.OnBeanCondition.getBeanNamesForType(OnBeanCondition.java:229) ~[spring-boot-autoconfigure-2.7.12.jar:2.7.12]
	at org.springframework.boot.autoconfigure.condition.OnBeanCondition.getMatchingBeans(OnBeanCondition.java:182) ~[spring-boot-autoconfigure-2.7.12.jar:2.7.12]
	at org.springframework.boot.autoconfigure.condition.OnBeanCondition.getMatchOutcome(OnBeanCondition.java:157) ~[spring-boot-autoconfigure-2.7.12.jar:2.7.12]
	at org.springframework.boot.autoconfigure.condition.SpringBootCondition.matches(SpringBootCondition.java:47) ~[spring-boot-autoconfigure-2.7.12.jar:2.7.12]
	... 17 common frames omitted
Caused by: java.lang.NoClassDefFoundError: org/springframework/amqp/support/converter/MessageConverter
	at java.base/java.lang.Class.getDeclaredMethods0(Native Method) ~[na:na]
	at java.base/java.lang.Class.privateGetDeclaredMethods(Class.java:3166) ~[na:na]
	at java.base/java.lang.Class.getDeclaredMethods(Class.java:2309) ~[na:na]
	at org.springframework.util.ReflectionUtils.getDeclaredMethods(ReflectionUtils.java:467) ~[spring-core-5.3.27.jar:5.3.27]
	... 33 common frames omitted
Caused by: java.lang.ClassNotFoundException: org.springframework.amqp.support.converter.MessageConverter
	at java.base/jdk.internal.loader.BuiltinClassLoader.loadClass(BuiltinClassLoader.java:581) ~[na:na]
	at java.base/jdk.internal.loader.ClassLoaders$AppClassLoader.loadClass(ClassLoaders.java:178) ~[na:na]
	at java.base/java.lang.ClassLoader.loadClass(ClassLoader.java:527) ~[na:na]
	... 37 common frames omitted

13:43:18:680  WARN 17556 --- [main] o.s.boot.SpringApplication               : Unable to close ApplicationContext

java.lang.IllegalStateException: Failed to introspect Class [com.hmall.common.config.MqConfig] from ClassLoader [jdk.internal.loader.ClassLoaders$AppClassLoader@1f89ab83]
	at org.springframework.util.ReflectionUtils.getDeclaredMethods(ReflectionUtils.java:485) ~[spring-core-5.3.27.jar:5.3.27]
	at org.springframework.util.ReflectionUtils.doWithMethods(ReflectionUtils.java:361) ~[spring-core-5.3.27.jar:5.3.27]
	at org.springframework.util.ReflectionUtils.getUniqueDeclaredMethods(ReflectionUtils.java:418) ~[spring-core-5.3.27.jar:5.3.27]
	at org.springframework.beans.factory.support.AbstractAutowireCapableBeanFactory.lambda$getTypeForFactoryMethod$2(AbstractAutowireCapableBeanFactory.java:765) ~[spring-beans-5.3.27.jar:5.3.27]
	at java.base/java.util.concurrent.ConcurrentHashMap.computeIfAbsent(ConcurrentHashMap.java:1705) ~[na:na]
	at org.springframework.beans.factory.support.AbstractAutowireCapableBeanFactory.getTypeForFactoryMethod(AbstractAutowireCapableBeanFactory.java:764) ~[spring-beans-5.3.27.jar:5.3.27]
	at org.springframework.beans.factory.support.AbstractAutowireCapableBeanFactory.determineTargetType(AbstractAutowireCapableBeanFactory.java:703) ~[spring-beans-5.3.27.jar:5.3.27]
	at org.springframework.beans.factory.support.AbstractAutowireCapableBeanFactory.predictBeanType(AbstractAutowireCapableBeanFactory.java:674) ~[spring-beans-5.3.27.jar:5.3.27]
	at org.springframework.beans.factory.support.AbstractBeanFactory.isFactoryBean(AbstractBeanFactory.java:1684) ~[spring-beans-5.3.27.jar:5.3.27]
	at org.springframework.beans.factory.support.DefaultListableBeanFactory.doGetBeanNamesForType(DefaultListableBeanFactory.java:570) ~[spring-beans-5.3.27.jar:5.3.27]
	at org.springframework.beans.factory.support.DefaultListableBeanFactory.getBeanNamesForType(DefaultListableBeanFactory.java:542) ~[spring-beans-5.3.27.jar:5.3.27]
	at org.springframework.beans.factory.support.DefaultListableBeanFactory.getBeansOfType(DefaultListableBeanFactory.java:669) ~[spring-beans-5.3.27.jar:5.3.27]
	at org.springframework.beans.factory.support.DefaultListableBeanFactory.getBeansOfType(DefaultListableBeanFactory.java:661) ~[spring-beans-5.3.27.jar:5.3.27]
	at org.springframework.context.support.AbstractApplicationContext.getBeansOfType(AbstractApplicationContext.java:1302) ~[spring-context-5.3.27.jar:5.3.27]
	at org.springframework.boot.SpringApplication.getExitCodeFromMappedException(SpringApplication.java:864) ~[spring-boot-2.7.12.jar:2.7.12]
	at org.springframework.boot.SpringApplication.getExitCodeFromException(SpringApplication.java:852) ~[spring-boot-2.7.12.jar:2.7.12]
	at org.springframework.boot.SpringApplication.handleExitCode(SpringApplication.java:839) ~[spring-boot-2.7.12.jar:2.7.12]
	at org.springframework.boot.SpringApplication.handleRunFailure(SpringApplication.java:779) ~[spring-boot-2.7.12.jar:2.7.12]
	at org.springframework.boot.SpringApplication.run(SpringApplication.java:317) ~[spring-boot-2.7.12.jar:2.7.12]
	at org.springframework.boot.SpringApplication.run(SpringApplication.java:1303) ~[spring-boot-2.7.12.jar:2.7.12]
	at org.springframework.boot.SpringApplication.run(SpringApplication.java:1292) ~[spring-boot-2.7.12.jar:2.7.12]
	at com.hmall.cart.CartApplication.main(CartApplication.java:13) ~[classes/:na]
Caused by: java.lang.NoClassDefFoundError: org/springframework/amqp/support/converter/MessageConverter
	at java.base/java.lang.Class.getDeclaredMethods0(Native Method) ~[na:na]
	at java.base/java.lang.Class.privateGetDeclaredMethods(Class.java:3166) ~[na:na]
	at java.base/java.lang.Class.getDeclaredMethods(Class.java:2309) ~[na:na]
	at org.springframework.util.ReflectionUtils.getDeclaredMethods(ReflectionUtils.java:467) ~[spring-core-5.3.27.jar:5.3.27]
	... 21 common frames omitted
Caused by: java.lang.ClassNotFoundException: org.springframework.amqp.support.converter.MessageConverter
	at java.base/jdk.internal.loader.BuiltinClassLoader.loadClass(BuiltinClassLoader.java:581) ~[na:na]
	at java.base/jdk.internal.loader.ClassLoaders$AppClassLoader.loadClass(ClassLoaders.java:178) ~[na:na]
	at java.base/java.lang.ClassLoader.loadClass(ClassLoader.java:527) ~[na:na]
	... 25 common frames omitted

13:43:18:682  WARN 17556 --- [Thread-1] c.a.n.common.http.HttpClientBeanHolder   : [HttpClientBeanHolder] Start destroying common HttpClient
13:45:23:109  INFO 8240 --- [main] com.hmall.cart.CartApplication           : The following 1 profile is active: "local"
13:45:24:359  INFO 8240 --- [main] o.s.cloud.context.scope.GenericScope     : BeanFactory id=7d8590a9-9904-3b0f-896a-41dd89c11948
13:45:24:884  INFO 8240 --- [main] o.s.b.w.embedded.tomcat.TomcatWebServer  : Tomcat initialized with port(s): 8082 (http)
13:45:24:901  INFO 8240 --- [main] o.apache.catalina.core.StandardService   : Starting service [Tomcat]
13:45:24:901  INFO 8240 --- [main] org.apache.catalina.core.StandardEngine  : Starting Servlet engine: [Apache Tomcat/9.0.75]
13:45:25:224  INFO 8240 --- [main] o.a.c.c.C.[Tomcat].[localhost].[/]       : Initializing Spring embedded WebApplicationContext
13:45:25:224  INFO 8240 --- [main] w.s.c.ServletWebServerApplicationContext : Root WebApplicationContext: initialization completed in 2095 ms
13:45:25:595  INFO 8240 --- [main] o.s.c.openfeign.FeignClientFactoryBean   : For 'item-service' URL not provided. Will try picking an instance via load-balancing.
13:45:26:862  INFO 8240 --- [main] c.a.c.sentinel.SentinelWebMvcConfigurer  : [Sentinel Starter] register SentinelWebInterceptor with urlPatterns: [/**].
13:45:27:943  INFO 8240 --- [main] pertySourcedRequestMappingHandlerMapping : Mapped URL path [/v2/api-docs] onto method [springfox.documentation.swagger2.web.Swagger2ControllerWebMvc#getDocumentation(String, HttpServletRequest)]
13:45:28:984  INFO 8240 --- [main] com.alibaba.nacos.client.naming          : initializer namespace from System Property :null
13:45:28:985  INFO 8240 --- [main] com.alibaba.nacos.client.naming          : initializer namespace from System Environment :null
13:45:28:986  INFO 8240 --- [main] com.alibaba.nacos.client.naming          : initializer namespace from System Property :null
13:45:29:092  INFO 8240 --- [main] o.s.b.w.embedded.tomcat.TomcatWebServer  : Tomcat started on port(s): 8082 (http) with context path ''
13:45:29:095  INFO 8240 --- [main] com.alibaba.nacos.client.naming          : [BEAT] adding beat: BeatInfo{port=8082, ip='192.168.79.1', weight=1.0, serviceName='DEFAULT_GROUP@@cart-service', cluster='DEFAULT', metadata={preserved.register.source=SPRING_CLOUD}, scheduled=false, period=5000, stopped=false} to beat map.
13:45:29:096  INFO 8240 --- [main] com.alibaba.nacos.client.naming          : [REGISTER-SERVICE] public registering service DEFAULT_GROUP@@cart-service with instance: Instance{instanceId='null', ip='192.168.79.1', port=8082, weight=1.0, healthy=true, enabled=true, ephemeral=true, clusterName='DEFAULT', serviceName='null', metadata={preserved.register.source=SPRING_CLOUD}}
13:45:29:107  INFO 8240 --- [main] c.a.c.n.registry.NacosServiceRegistry    : nacos registry, DEFAULT_GROUP cart-service 192.168.79.1:8082 register finished
13:45:29:559  INFO 8240 --- [main] d.s.w.p.DocumentationPluginsBootstrapper : Documentation plugins bootstrapped
13:45:29:562  INFO 8240 --- [main] d.s.w.p.DocumentationPluginsBootstrapper : Found 1 custom documentation plugin(s)
13:45:29:595  INFO 8240 --- [main] s.d.s.w.s.ApiListingReferenceScanner     : Scanning for api listing references
13:45:29:646  INFO 8240 --- [com.alibaba.nacos.naming.push.receiver] com.alibaba.nacos.client.naming          : received push data: {"type":"dom","data":"{\"name\":\"DEFAULT_GROUP@@cart-service\",\"clusters\":\"DEFAULT\",\"cacheMillis\":10000,\"hosts\":[{\"instanceId\":\"192.168.79.1#8082#DEFAULT#DEFAULT_GROUP@@cart-service\",\"ip\":\"192.168.79.1\",\"port\":8082,\"weight\":1.0,\"healthy\":true,\"enabled\":true,\"ephemeral\":true,\"clusterName\":\"DEFAULT\",\"serviceName\":\"DEFAULT_GROUP@@cart-service\",\"metadata\":{\"preserved.register.source\":\"SPRING_CLOUD\"},\"instanceHeartBeatInterval\":5000,\"instanceHeartBeatTimeOut\":15000,\"ipDeleteTimeout\":30000}],\"lastRefTime\":1740894329682,\"checksum\":\"\",\"allIPs\":false,\"reachProtectionThreshold\":false,\"valid\":true}","lastRefTime":6406825494089} from /192.168.200.129
13:45:29:658  INFO 8240 --- [com.alibaba.nacos.naming.push.receiver] com.alibaba.nacos.client.naming          : new ips(1) service: DEFAULT_GROUP@@cart-service@@DEFAULT -> [{"instanceId":"192.168.79.1#8082#DEFAULT#DEFAULT_GROUP@@cart-service","ip":"192.168.79.1","port":8082,"weight":1.0,"healthy":true,"enabled":true,"ephemeral":true,"clusterName":"DEFAULT","serviceName":"DEFAULT_GROUP@@cart-service","metadata":{"preserved.register.source":"SPRING_CLOUD"},"ipDeleteTimeout":30000,"instanceHeartBeatTimeOut":15000,"instanceHeartBeatInterval":5000}]
13:45:29:666  INFO 8240 --- [com.alibaba.nacos.naming.push.receiver] com.alibaba.nacos.client.naming          : current ips:(1) service: DEFAULT_GROUP@@cart-service@@DEFAULT -> [{"instanceId":"192.168.79.1#8082#DEFAULT#DEFAULT_GROUP@@cart-service","ip":"192.168.79.1","port":8082,"weight":1.0,"healthy":true,"enabled":true,"ephemeral":true,"clusterName":"DEFAULT","serviceName":"DEFAULT_GROUP@@cart-service","metadata":{"preserved.register.source":"SPRING_CLOUD"},"ipDeleteTimeout":30000,"instanceHeartBeatTimeOut":15000,"instanceHeartBeatInterval":5000}]
13:45:29:755  INFO 8240 --- [main] com.hmall.cart.CartApplication           : Started CartApplication in 8.673 seconds (JVM running for 9.869)
13:45:29:762  INFO 8240 --- [main] c.a.n.client.config.impl.ClientWorker    : [fixed-192.168.200.129_8848] [subscribe] cart-service+DEFAULT_GROUP
13:45:29:764  INFO 8240 --- [main] c.a.nacos.client.config.impl.CacheData   : [fixed-192.168.200.129_8848] [add-listener] ok, tenant=, dataId=cart-service, group=DEFAULT_GROUP, cnt=1
13:45:29:764  INFO 8240 --- [main] c.a.c.n.refresh.NacosContextRefresher    : [Nacos Config] Listening config: dataId=cart-service, group=DEFAULT_GROUP
13:45:29:766  INFO 8240 --- [main] c.a.n.client.config.impl.ClientWorker    : [fixed-192.168.200.129_8848] [subscribe] cart-service.yaml+DEFAULT_GROUP
13:45:29:766  INFO 8240 --- [main] c.a.nacos.client.config.impl.CacheData   : [fixed-192.168.200.129_8848] [add-listener] ok, tenant=, dataId=cart-service.yaml, group=DEFAULT_GROUP, cnt=1
13:45:29:766  INFO 8240 --- [main] c.a.c.n.refresh.NacosContextRefresher    : [Nacos Config] Listening config: dataId=cart-service.yaml, group=DEFAULT_GROUP
13:45:29:767  INFO 8240 --- [main] c.a.n.client.config.impl.ClientWorker    : [fixed-192.168.200.129_8848] [subscribe] cart-service-local.yaml+DEFAULT_GROUP
13:45:29:767  INFO 8240 --- [main] c.a.nacos.client.config.impl.CacheData   : [fixed-192.168.200.129_8848] [add-listener] ok, tenant=, dataId=cart-service-local.yaml, group=DEFAULT_GROUP, cnt=1
13:45:29:767  INFO 8240 --- [main] c.a.c.n.refresh.NacosContextRefresher    : [Nacos Config] Listening config: dataId=cart-service-local.yaml, group=DEFAULT_GROUP
13:46:54:020  INFO 8240 --- [http-nio-8082-exec-3] o.a.c.c.C.[Tomcat].[localhost].[/]       : Initializing Spring DispatcherServlet 'dispatcherServlet'
13:46:54:020  INFO 8240 --- [http-nio-8082-exec-3] o.s.web.servlet.DispatcherServlet        : Initializing Servlet 'dispatcherServlet'
13:46:54:021  INFO 8240 --- [http-nio-8082-exec-3] o.s.web.servlet.DispatcherServlet        : Completed initialization in 1 ms
13:46:54:271  INFO 8240 --- [http-nio-8082-exec-3] com.zaxxer.hikari.HikariDataSource       : HikariPool-1 - Starting...
13:46:54:457  INFO 8240 --- [http-nio-8082-exec-3] com.zaxxer.hikari.HikariDataSource       : HikariPool-1 - Start completed.
13:46:54:463 DEBUG 8240 --- [http-nio-8082-exec-3] c.h.cart.mapper.CartMapper.selectList    : ==>  Preparing: SELECT id,user_id,item_id,num,name,spec,price,image,create_time,update_time FROM cart WHERE (user_id = ?)
13:46:54:481 DEBUG 8240 --- [http-nio-8082-exec-3] c.h.cart.mapper.CartMapper.selectList    : ==> Parameters: 3(Long)
13:46:54:507 DEBUG 8240 --- [http-nio-8082-exec-3] c.h.cart.mapper.CartMapper.selectList    : <==      Total: 0
13:47:05:780 DEBUG 8240 --- [http-nio-8082-exec-1] c.h.cart.mapper.CartMapper.selectList    : ==>  Preparing: SELECT id,user_id,item_id,num,name,spec,price,image,create_time,update_time FROM cart WHERE (user_id = ?)
13:47:05:780 DEBUG 8240 --- [http-nio-8082-exec-1] c.h.cart.mapper.CartMapper.selectList    : ==> Parameters: 3(Long)
13:47:05:782 DEBUG 8240 --- [http-nio-8082-exec-1] c.h.cart.mapper.CartMapper.selectList    : <==      Total: 0
13:48:10:823 DEBUG 8240 --- [http-nio-8082-exec-4] c.h.cart.mapper.CartMapper.selectList    : ==>  Preparing: SELECT id,user_id,item_id,num,name,spec,price,image,create_time,update_time FROM cart WHERE (user_id = ?)
13:48:10:824 DEBUG 8240 --- [http-nio-8082-exec-4] c.h.cart.mapper.CartMapper.selectList    : ==> Parameters: 3(Long)
13:48:10:826 DEBUG 8240 --- [http-nio-8082-exec-4] c.h.cart.mapper.CartMapper.selectList    : <==      Total: 0
13:49:11:946 DEBUG 8240 --- [http-nio-8082-exec-6] c.h.cart.mapper.CartMapper.selectCount   : ==>  Preparing: SELECT COUNT( * ) AS total FROM cart WHERE (user_id = ? AND item_id = ?)
13:49:11:946 DEBUG 8240 --- [http-nio-8082-exec-6] c.h.cart.mapper.CartMapper.selectCount   : ==> Parameters: 3(Long), 5706773(Long)
13:49:11:949 DEBUG 8240 --- [http-nio-8082-exec-6] c.h.cart.mapper.CartMapper.selectCount   : <==      Total: 1
13:49:11:950 DEBUG 8240 --- [http-nio-8082-exec-6] c.h.cart.mapper.CartMapper.selectCount   : ==>  Preparing: SELECT COUNT( * ) AS total FROM cart WHERE (user_id = ?)
13:49:11:951 DEBUG 8240 --- [http-nio-8082-exec-6] c.h.cart.mapper.CartMapper.selectCount   : ==> Parameters: 3(Long)
13:49:11:952 DEBUG 8240 --- [http-nio-8082-exec-6] c.h.cart.mapper.CartMapper.selectCount   : <==      Total: 1
13:49:11:994 DEBUG 8240 --- [http-nio-8082-exec-6] com.hmall.cart.mapper.CartMapper.insert  : ==>  Preparing: INSERT INTO cart ( user_id, item_id, name, spec, price, image ) VALUES ( ?, ?, ?, ?, ?, ? )
13:49:11:995 DEBUG 8240 --- [http-nio-8082-exec-6] com.hmall.cart.mapper.CartMapper.insert  : ==> Parameters: 3(Long), 5706773(Long), 华为 HUAWEI Mate 10 Pro 全面屏徕卡双摄游戏手机 6GB+128GB 银钻灰 全网通移动联通电信4G手机 双卡双待(String), {"颜色": "银色", "选择内存": "128GB"}(String), 544000(Integer), https://m.360buyimg.com/mobilecms/s720x720_jfs/t11986/295/1484411523/155164/77795126/5a01503cN19d7f1a0.jpg!q70.jpg.webp(String)
13:49:12:008 DEBUG 8240 --- [http-nio-8082-exec-6] com.hmall.cart.mapper.CartMapper.insert  : <==    Updates: 1
13:49:12:073 DEBUG 8240 --- [http-nio-8082-exec-7] c.h.cart.mapper.CartMapper.selectList    : ==>  Preparing: SELECT id,user_id,item_id,num,name,spec,price,image,create_time,update_time FROM cart WHERE (user_id = ?)
13:49:12:073 DEBUG 8240 --- [http-nio-8082-exec-7] c.h.cart.mapper.CartMapper.selectList    : ==> Parameters: 3(Long)
13:49:12:077 DEBUG 8240 --- [http-nio-8082-exec-7] c.h.cart.mapper.CartMapper.selectList    : <==      Total: 1
13:49:12:174  INFO 8240 --- [http-nio-8082-exec-7] com.alibaba.nacos.client.naming          : new ips(2) service: DEFAULT_GROUP@@item-service -> [{"instanceId":"192.168.79.1#8083#DEFAULT#DEFAULT_GROUP@@item-service","ip":"192.168.79.1","port":8083,"weight":1.0,"healthy":true,"enabled":true,"ephemeral":true,"clusterName":"DEFAULT","serviceName":"DEFAULT_GROUP@@item-service","metadata":{"preserved.register.source":"SPRING_CLOUD"},"ipDeleteTimeout":30000,"instanceHeartBeatTimeOut":15000,"instanceHeartBeatInterval":5000},{"instanceId":"192.168.79.1#8081#DEFAULT#DEFAULT_GROUP@@item-service","ip":"192.168.79.1","port":8081,"weight":1.0,"healthy":true,"enabled":true,"ephemeral":true,"clusterName":"DEFAULT","serviceName":"DEFAULT_GROUP@@item-service","metadata":{"preserved.register.source":"SPRING_CLOUD"},"ipDeleteTimeout":30000,"instanceHeartBeatTimeOut":15000,"instanceHeartBeatInterval":5000}]
13:49:12:176  INFO 8240 --- [http-nio-8082-exec-7] com.alibaba.nacos.client.naming          : current ips:(2) service: DEFAULT_GROUP@@item-service -> [{"instanceId":"192.168.79.1#8083#DEFAULT#DEFAULT_GROUP@@item-service","ip":"192.168.79.1","port":8083,"weight":1.0,"healthy":true,"enabled":true,"ephemeral":true,"clusterName":"DEFAULT","serviceName":"DEFAULT_GROUP@@item-service","metadata":{"preserved.register.source":"SPRING_CLOUD"},"ipDeleteTimeout":30000,"instanceHeartBeatTimeOut":15000,"instanceHeartBeatInterval":5000},{"instanceId":"192.168.79.1#8081#DEFAULT#DEFAULT_GROUP@@item-service","ip":"192.168.79.1","port":8081,"weight":1.0,"healthy":true,"enabled":true,"ephemeral":true,"clusterName":"DEFAULT","serviceName":"DEFAULT_GROUP@@item-service","metadata":{"preserved.register.source":"SPRING_CLOUD"},"ipDeleteTimeout":30000,"instanceHeartBeatTimeOut":15000,"instanceHeartBeatInterval":5000}]
13:49:12:370 ERROR 8240 --- [http-nio-8082-exec-7] o.a.c.c.C.[.[.[/].[dispatcherServlet]    : Servlet.service() for servlet [dispatcherServlet] in context with path [] threw exception [Request processing failed; nested exception is feign.FeignException$NotFound: [404 ] during [GET] to [http://item-service/items?ids=5706773] [ItemClient#queryItemByIds(Collection)]: [{"timestamp":"2025-03-02T05:49:12.326+00:00","status":404,"error":"Not Found","path":"/items"}]] with root cause

feign.FeignException$NotFound: [404 ] during [GET] to [http://item-service/items?ids=5706773] [ItemClient#queryItemByIds(Collection)]: [{"timestamp":"2025-03-02T05:49:12.326+00:00","status":404,"error":"Not Found","path":"/items"}]
	at feign.FeignException.clientErrorStatus(FeignException.java:219) ~[feign-core-11.8.jar:na]
	at feign.FeignException.errorStatus(FeignException.java:194) ~[feign-core-11.8.jar:na]
	at feign.FeignException.errorStatus(FeignException.java:185) ~[feign-core-11.8.jar:na]
	at feign.codec.ErrorDecoder$Default.decode(ErrorDecoder.java:92) ~[feign-core-11.8.jar:na]
	at feign.AsyncResponseHandler.handleResponse(AsyncResponseHandler.java:96) ~[feign-core-11.8.jar:na]
	at feign.SynchronousMethodHandler.executeAndDecode(SynchronousMethodHandler.java:138) ~[feign-core-11.8.jar:na]
	at feign.SynchronousMethodHandler.invoke(SynchronousMethodHandler.java:89) ~[feign-core-11.8.jar:na]
	at feign.ReflectiveFeign$FeignInvocationHandler.invoke(ReflectiveFeign.java:100) ~[feign-core-11.8.jar:na]
	at com.sun.proxy.$Proxy128.queryItemByIds(Unknown Source) ~[na:na]
	at com.hmall.cart.service.impl.CartServiceImpl.handleCartItems(CartServiceImpl.java:100) ~[classes/:na]
	at com.hmall.cart.service.impl.CartServiceImpl.queryMyCarts(CartServiceImpl.java:91) ~[classes/:na]
	at com.hmall.cart.service.impl.CartServiceImpl$$FastClassBySpringCGLIB$$7813828f.invoke(<generated>) ~[classes/:na]
	at org.springframework.cglib.proxy.MethodProxy.invoke(MethodProxy.java:218) ~[spring-core-5.3.27.jar:5.3.27]
	at org.springframework.aop.framework.CglibAopProxy.invokeMethod(CglibAopProxy.java:386) ~[spring-aop-5.3.27.jar:5.3.27]
	at org.springframework.aop.framework.CglibAopProxy.access$000(CglibAopProxy.java:85) ~[spring-aop-5.3.27.jar:5.3.27]
	at org.springframework.aop.framework.CglibAopProxy$DynamicAdvisedInterceptor.intercept(CglibAopProxy.java:704) ~[spring-aop-5.3.27.jar:5.3.27]
	at com.hmall.cart.service.impl.CartServiceImpl$$EnhancerBySpringCGLIB$$2643c05e.queryMyCarts(<generated>) ~[classes/:na]
	at com.hmall.cart.controller.CartController.queryMyCarts(CartController.java:52) ~[classes/:na]
	at java.base/jdk.internal.reflect.NativeMethodAccessorImpl.invoke0(Native Method) ~[na:na]
	at java.base/jdk.internal.reflect.NativeMethodAccessorImpl.invoke(NativeMethodAccessorImpl.java:62) ~[na:na]
	at java.base/jdk.internal.reflect.DelegatingMethodAccessorImpl.invoke(DelegatingMethodAccessorImpl.java:43) ~[na:na]
	at java.base/java.lang.reflect.Method.invoke(Method.java:566) ~[na:na]
	at org.springframework.web.method.support.InvocableHandlerMethod.doInvoke(InvocableHandlerMethod.java:205) ~[spring-web-5.3.27.jar:5.3.27]
	at org.springframework.web.method.support.InvocableHandlerMethod.invokeForRequest(InvocableHandlerMethod.java:150) ~[spring-web-5.3.27.jar:5.3.27]
	at org.springframework.web.servlet.mvc.method.annotation.ServletInvocableHandlerMethod.invokeAndHandle(ServletInvocableHandlerMethod.java:117) ~[spring-webmvc-5.3.27.jar:5.3.27]
	at org.springframework.web.servlet.mvc.method.annotation.RequestMappingHandlerAdapter.invokeHandlerMethod(RequestMappingHandlerAdapter.java:895) ~[spring-webmvc-5.3.27.jar:5.3.27]
	at org.springframework.web.servlet.mvc.method.annotation.RequestMappingHandlerAdapter.handleInternal(RequestMappingHandlerAdapter.java:808) ~[spring-webmvc-5.3.27.jar:5.3.27]
	at org.springframework.web.servlet.mvc.method.AbstractHandlerMethodAdapter.handle(AbstractHandlerMethodAdapter.java:87) ~[spring-webmvc-5.3.27.jar:5.3.27]
	at org.springframework.web.servlet.DispatcherServlet.doDispatch(DispatcherServlet.java:1072) ~[spring-webmvc-5.3.27.jar:5.3.27]
	at org.springframework.web.servlet.DispatcherServlet.doService(DispatcherServlet.java:965) ~[spring-webmvc-5.3.27.jar:5.3.27]
	at org.springframework.web.servlet.FrameworkServlet.processRequest(FrameworkServlet.java:1006) ~[spring-webmvc-5.3.27.jar:5.3.27]
	at org.springframework.web.servlet.FrameworkServlet.doGet(FrameworkServlet.java:898) ~[spring-webmvc-5.3.27.jar:5.3.27]
	at javax.servlet.http.HttpServlet.service(HttpServlet.java:529) ~[tomcat-embed-core-9.0.75.jar:4.0.FR]
	at org.springframework.web.servlet.FrameworkServlet.service(FrameworkServlet.java:883) ~[spring-webmvc-5.3.27.jar:5.3.27]
	at javax.servlet.http.HttpServlet.service(HttpServlet.java:623) ~[tomcat-embed-core-9.0.75.jar:4.0.FR]
	at org.apache.catalina.core.ApplicationFilterChain.internalDoFilter(ApplicationFilterChain.java:209) ~[tomcat-embed-core-9.0.75.jar:9.0.75]
	at org.apache.catalina.core.ApplicationFilterChain.doFilter(ApplicationFilterChain.java:153) ~[tomcat-embed-core-9.0.75.jar:9.0.75]
	at org.apache.tomcat.websocket.server.WsFilter.doFilter(WsFilter.java:51) ~[tomcat-embed-websocket-9.0.75.jar:9.0.75]
	at org.apache.catalina.core.ApplicationFilterChain.internalDoFilter(ApplicationFilterChain.java:178) ~[tomcat-embed-core-9.0.75.jar:9.0.75]
	at org.apache.catalina.core.ApplicationFilterChain.doFilter(ApplicationFilterChain.java:153) ~[tomcat-embed-core-9.0.75.jar:9.0.75]
	at org.springframework.web.filter.RequestContextFilter.doFilterInternal(RequestContextFilter.java:100) ~[spring-web-5.3.27.jar:5.3.27]
	at org.springframework.web.filter.OncePerRequestFilter.doFilter(OncePerRequestFilter.java:117) ~[spring-web-5.3.27.jar:5.3.27]
	at org.apache.catalina.core.ApplicationFilterChain.internalDoFilter(ApplicationFilterChain.java:178) ~[tomcat-embed-core-9.0.75.jar:9.0.75]
	at org.apache.catalina.core.ApplicationFilterChain.doFilter(ApplicationFilterChain.java:153) ~[tomcat-embed-core-9.0.75.jar:9.0.75]
	at org.springframework.web.filter.FormContentFilter.doFilterInternal(FormContentFilter.java:93) ~[spring-web-5.3.27.jar:5.3.27]
	at org.springframework.web.filter.OncePerRequestFilter.doFilter(OncePerRequestFilter.java:117) ~[spring-web-5.3.27.jar:5.3.27]
	at org.apache.catalina.core.ApplicationFilterChain.internalDoFilter(ApplicationFilterChain.java:178) ~[tomcat-embed-core-9.0.75.jar:9.0.75]
	at org.apache.catalina.core.ApplicationFilterChain.doFilter(ApplicationFilterChain.java:153) ~[tomcat-embed-core-9.0.75.jar:9.0.75]
	at org.springframework.web.filter.CharacterEncodingFilter.doFilterInternal(CharacterEncodingFilter.java:201) ~[spring-web-5.3.27.jar:5.3.27]
	at org.springframework.web.filter.OncePerRequestFilter.doFilter(OncePerRequestFilter.java:117) ~[spring-web-5.3.27.jar:5.3.27]
	at org.apache.catalina.core.ApplicationFilterChain.internalDoFilter(ApplicationFilterChain.java:178) ~[tomcat-embed-core-9.0.75.jar:9.0.75]
	at org.apache.catalina.core.ApplicationFilterChain.doFilter(ApplicationFilterChain.java:153) ~[tomcat-embed-core-9.0.75.jar:9.0.75]
	at org.apache.catalina.core.StandardWrapperValve.invoke(StandardWrapperValve.java:167) ~[tomcat-embed-core-9.0.75.jar:9.0.75]
	at org.apache.catalina.core.StandardContextValve.invoke(StandardContextValve.java:90) ~[tomcat-embed-core-9.0.75.jar:9.0.75]
	at org.apache.catalina.authenticator.AuthenticatorBase.invoke(AuthenticatorBase.java:481) ~[tomcat-embed-core-9.0.75.jar:9.0.75]
	at org.apache.catalina.core.StandardHostValve.invoke(StandardHostValve.java:130) ~[tomcat-embed-core-9.0.75.jar:9.0.75]
	at org.apache.catalina.valves.ErrorReportValve.invoke(ErrorReportValve.java:93) ~[tomcat-embed-core-9.0.75.jar:9.0.75]
	at org.apache.catalina.core.StandardEngineValve.invoke(StandardEngineValve.java:74) ~[tomcat-embed-core-9.0.75.jar:9.0.75]
	at org.apache.catalina.connector.CoyoteAdapter.service(CoyoteAdapter.java:343) ~[tomcat-embed-core-9.0.75.jar:9.0.75]
	at org.apache.coyote.http11.Http11Processor.service(Http11Processor.java:390) ~[tomcat-embed-core-9.0.75.jar:9.0.75]
	at org.apache.coyote.AbstractProcessorLight.process(AbstractProcessorLight.java:63) ~[tomcat-embed-core-9.0.75.jar:9.0.75]
	at org.apache.coyote.AbstractProtocol$ConnectionHandler.process(AbstractProtocol.java:926) ~[tomcat-embed-core-9.0.75.jar:9.0.75]
	at org.apache.tomcat.util.net.NioEndpoint$SocketProcessor.doRun(NioEndpoint.java:1791) ~[tomcat-embed-core-9.0.75.jar:9.0.75]
	at org.apache.tomcat.util.net.SocketProcessorBase.run(SocketProcessorBase.java:52) ~[tomcat-embed-core-9.0.75.jar:9.0.75]
	at org.apache.tomcat.util.threads.ThreadPoolExecutor.runWorker(ThreadPoolExecutor.java:1191) ~[tomcat-embed-core-9.0.75.jar:9.0.75]
	at org.apache.tomcat.util.threads.ThreadPoolExecutor$Worker.run(ThreadPoolExecutor.java:659) ~[tomcat-embed-core-9.0.75.jar:9.0.75]
	at org.apache.tomcat.util.threads.TaskThread$WrappingRunnable.run(TaskThread.java:61) ~[tomcat-embed-core-9.0.75.jar:9.0.75]
	at java.base/java.lang.Thread.run(Thread.java:829) ~[na:na]

13:49:12:687  INFO 8240 --- [com.alibaba.nacos.naming.push.receiver] com.alibaba.nacos.client.naming          : received push data: {"type":"dom","data":"{\"name\":\"DEFAULT_GROUP@@item-service\",\"clusters\":\"\",\"cacheMillis\":10000,\"hosts\":[{\"instanceId\":\"192.168.79.1#8083#DEFAULT#DEFAULT_GROUP@@item-service\",\"ip\":\"192.168.79.1\",\"port\":8083,\"weight\":1.0,\"healthy\":true,\"enabled\":true,\"ephemeral\":true,\"clusterName\":\"DEFAULT\",\"serviceName\":\"DEFAULT_GROUP@@item-service\",\"metadata\":{\"preserved.register.source\":\"SPRING_CLOUD\"},\"instanceHeartBeatInterval\":5000,\"instanceHeartBeatTimeOut\":15000,\"ipDeleteTimeout\":30000},{\"instanceId\":\"192.168.79.1#8081#DEFAULT#DEFAULT_GROUP@@item-service\",\"ip\":\"192.168.79.1\",\"port\":8081,\"weight\":1.0,\"healthy\":true,\"enabled\":true,\"ephemeral\":true,\"clusterName\":\"DEFAULT\",\"serviceName\":\"DEFAULT_GROUP@@item-service\",\"metadata\":{\"preserved.register.source\":\"SPRING_CLOUD\"},\"instanceHeartBeatInterval\":5000,\"instanceHeartBeatTimeOut\":15000,\"ipDeleteTimeout\":30000}],\"lastRefTime\":1740894552748,\"checksum\":\"\",\"allIPs\":false,\"reachProtectionThreshold\":false,\"valid\":true}","lastRefTime":6629890549415} from /192.168.200.129
13:50:40:071 DEBUG 8240 --- [http-nio-8082-exec-8] c.h.cart.mapper.CartMapper.selectList    : ==>  Preparing: SELECT id,user_id,item_id,num,name,spec,price,image,create_time,update_time FROM cart WHERE (user_id = ?)
13:50:40:072 DEBUG 8240 --- [http-nio-8082-exec-8] c.h.cart.mapper.CartMapper.selectList    : ==> Parameters: 3(Long)
13:50:40:073 DEBUG 8240 --- [http-nio-8082-exec-8] c.h.cart.mapper.CartMapper.selectList    : <==      Total: 1
13:50:50:934 DEBUG 8240 --- [http-nio-8082-exec-9] c.h.cart.mapper.CartMapper.selectCount   : ==>  Preparing: SELECT COUNT( * ) AS total FROM cart WHERE (user_id = ? AND item_id = ?)
13:50:50:934 DEBUG 8240 --- [http-nio-8082-exec-9] c.h.cart.mapper.CartMapper.selectCount   : ==> Parameters: 3(Long), 100000011127(Long)
13:50:50:935 DEBUG 8240 --- [http-nio-8082-exec-9] c.h.cart.mapper.CartMapper.selectCount   : <==      Total: 1
13:50:50:936 DEBUG 8240 --- [http-nio-8082-exec-9] c.h.cart.mapper.CartMapper.selectCount   : ==>  Preparing: SELECT COUNT( * ) AS total FROM cart WHERE (user_id = ?)
13:50:50:936 DEBUG 8240 --- [http-nio-8082-exec-9] c.h.cart.mapper.CartMapper.selectCount   : ==> Parameters: 3(Long)
13:50:50:937 DEBUG 8240 --- [http-nio-8082-exec-9] c.h.cart.mapper.CartMapper.selectCount   : <==      Total: 1
13:50:50:938 DEBUG 8240 --- [http-nio-8082-exec-9] com.hmall.cart.mapper.CartMapper.insert  : ==>  Preparing: INSERT INTO cart ( user_id, item_id, name, spec, price, image ) VALUES ( ?, ?, ?, ?, ?, ? )
13:50:50:939 DEBUG 8240 --- [http-nio-8082-exec-9] com.hmall.cart.mapper.CartMapper.insert  : ==> Parameters: 3(Long), 100000011127(Long), 莎米特SUMMIT拉杆箱22英寸PC材质万向轮旅行箱行李箱PC154T4A可扩容 米白(String), {"颜色": "米色"}(String), 26600(Integer), https://m.360buyimg.com/mobilecms/s720x720_jfs/t1/25363/12/2929/274060/5c21df3aE1789bda7/030af31afd116ae0.jpg!q70.jpg.webp(String)
13:50:50:946 DEBUG 8240 --- [http-nio-8082-exec-9] com.hmall.cart.mapper.CartMapper.insert  : <==    Updates: 1
13:50:50:982 DEBUG 8240 --- [http-nio-8082-exec-10] c.h.cart.mapper.CartMapper.selectList    : ==>  Preparing: SELECT id,user_id,item_id,num,name,spec,price,image,create_time,update_time FROM cart WHERE (user_id = ?)
13:50:50:983 DEBUG 8240 --- [http-nio-8082-exec-10] c.h.cart.mapper.CartMapper.selectList    : ==> Parameters: 3(Long)
13:50:50:986 DEBUG 8240 --- [http-nio-8082-exec-10] c.h.cart.mapper.CartMapper.selectList    : <==      Total: 2
13:50:51:001 ERROR 8240 --- [http-nio-8082-exec-10] o.a.c.c.C.[.[.[/].[dispatcherServlet]    : Servlet.service() for servlet [dispatcherServlet] in context with path [] threw exception [Request processing failed; nested exception is feign.FeignException$NotFound: [404 ] during [GET] to [http://item-service/items?ids=5706773&ids=100000011127] [ItemClient#queryItemByIds(Collection)]: [{"timestamp":"2025-03-02T05:50:50.999+00:00","status":404,"error":"Not Found","path":"/items"}]] with root cause

feign.FeignException$NotFound: [404 ] during [GET] to [http://item-service/items?ids=5706773&ids=100000011127] [ItemClient#queryItemByIds(Collection)]: [{"timestamp":"2025-03-02T05:50:50.999+00:00","status":404,"error":"Not Found","path":"/items"}]
	at feign.FeignException.clientErrorStatus(FeignException.java:219) ~[feign-core-11.8.jar:na]
	at feign.FeignException.errorStatus(FeignException.java:194) ~[feign-core-11.8.jar:na]
	at feign.FeignException.errorStatus(FeignException.java:185) ~[feign-core-11.8.jar:na]
	at feign.codec.ErrorDecoder$Default.decode(ErrorDecoder.java:92) ~[feign-core-11.8.jar:na]
	at feign.AsyncResponseHandler.handleResponse(AsyncResponseHandler.java:96) ~[feign-core-11.8.jar:na]
	at feign.SynchronousMethodHandler.executeAndDecode(SynchronousMethodHandler.java:138) ~[feign-core-11.8.jar:na]
	at feign.SynchronousMethodHandler.invoke(SynchronousMethodHandler.java:89) ~[feign-core-11.8.jar:na]
	at feign.ReflectiveFeign$FeignInvocationHandler.invoke(ReflectiveFeign.java:100) ~[feign-core-11.8.jar:na]
	at com.sun.proxy.$Proxy128.queryItemByIds(Unknown Source) ~[na:na]
	at com.hmall.cart.service.impl.CartServiceImpl.handleCartItems(CartServiceImpl.java:100) ~[classes/:na]
	at com.hmall.cart.service.impl.CartServiceImpl.queryMyCarts(CartServiceImpl.java:91) ~[classes/:na]
	at com.hmall.cart.service.impl.CartServiceImpl$$FastClassBySpringCGLIB$$7813828f.invoke(<generated>) ~[classes/:na]
	at org.springframework.cglib.proxy.MethodProxy.invoke(MethodProxy.java:218) ~[spring-core-5.3.27.jar:5.3.27]
	at org.springframework.aop.framework.CglibAopProxy.invokeMethod(CglibAopProxy.java:386) ~[spring-aop-5.3.27.jar:5.3.27]
	at org.springframework.aop.framework.CglibAopProxy.access$000(CglibAopProxy.java:85) ~[spring-aop-5.3.27.jar:5.3.27]
	at org.springframework.aop.framework.CglibAopProxy$DynamicAdvisedInterceptor.intercept(CglibAopProxy.java:704) ~[spring-aop-5.3.27.jar:5.3.27]
	at com.hmall.cart.service.impl.CartServiceImpl$$EnhancerBySpringCGLIB$$2643c05e.queryMyCarts(<generated>) ~[classes/:na]
	at com.hmall.cart.controller.CartController.queryMyCarts(CartController.java:52) ~[classes/:na]
	at java.base/jdk.internal.reflect.NativeMethodAccessorImpl.invoke0(Native Method) ~[na:na]
	at java.base/jdk.internal.reflect.NativeMethodAccessorImpl.invoke(NativeMethodAccessorImpl.java:62) ~[na:na]
	at java.base/jdk.internal.reflect.DelegatingMethodAccessorImpl.invoke(DelegatingMethodAccessorImpl.java:43) ~[na:na]
	at java.base/java.lang.reflect.Method.invoke(Method.java:566) ~[na:na]
	at org.springframework.web.method.support.InvocableHandlerMethod.doInvoke(InvocableHandlerMethod.java:205) ~[spring-web-5.3.27.jar:5.3.27]
	at org.springframework.web.method.support.InvocableHandlerMethod.invokeForRequest(InvocableHandlerMethod.java:150) ~[spring-web-5.3.27.jar:5.3.27]
	at org.springframework.web.servlet.mvc.method.annotation.ServletInvocableHandlerMethod.invokeAndHandle(ServletInvocableHandlerMethod.java:117) ~[spring-webmvc-5.3.27.jar:5.3.27]
	at org.springframework.web.servlet.mvc.method.annotation.RequestMappingHandlerAdapter.invokeHandlerMethod(RequestMappingHandlerAdapter.java:895) ~[spring-webmvc-5.3.27.jar:5.3.27]
	at org.springframework.web.servlet.mvc.method.annotation.RequestMappingHandlerAdapter.handleInternal(RequestMappingHandlerAdapter.java:808) ~[spring-webmvc-5.3.27.jar:5.3.27]
	at org.springframework.web.servlet.mvc.method.AbstractHandlerMethodAdapter.handle(AbstractHandlerMethodAdapter.java:87) ~[spring-webmvc-5.3.27.jar:5.3.27]
	at org.springframework.web.servlet.DispatcherServlet.doDispatch(DispatcherServlet.java:1072) ~[spring-webmvc-5.3.27.jar:5.3.27]
	at org.springframework.web.servlet.DispatcherServlet.doService(DispatcherServlet.java:965) ~[spring-webmvc-5.3.27.jar:5.3.27]
	at org.springframework.web.servlet.FrameworkServlet.processRequest(FrameworkServlet.java:1006) ~[spring-webmvc-5.3.27.jar:5.3.27]
	at org.springframework.web.servlet.FrameworkServlet.doGet(FrameworkServlet.java:898) ~[spring-webmvc-5.3.27.jar:5.3.27]
	at javax.servlet.http.HttpServlet.service(HttpServlet.java:529) ~[tomcat-embed-core-9.0.75.jar:4.0.FR]
	at org.springframework.web.servlet.FrameworkServlet.service(FrameworkServlet.java:883) ~[spring-webmvc-5.3.27.jar:5.3.27]
	at javax.servlet.http.HttpServlet.service(HttpServlet.java:623) ~[tomcat-embed-core-9.0.75.jar:4.0.FR]
	at org.apache.catalina.core.ApplicationFilterChain.internalDoFilter(ApplicationFilterChain.java:209) ~[tomcat-embed-core-9.0.75.jar:9.0.75]
	at org.apache.catalina.core.ApplicationFilterChain.doFilter(ApplicationFilterChain.java:153) ~[tomcat-embed-core-9.0.75.jar:9.0.75]
	at org.apache.tomcat.websocket.server.WsFilter.doFilter(WsFilter.java:51) ~[tomcat-embed-websocket-9.0.75.jar:9.0.75]
	at org.apache.catalina.core.ApplicationFilterChain.internalDoFilter(ApplicationFilterChain.java:178) ~[tomcat-embed-core-9.0.75.jar:9.0.75]
	at org.apache.catalina.core.ApplicationFilterChain.doFilter(ApplicationFilterChain.java:153) ~[tomcat-embed-core-9.0.75.jar:9.0.75]
	at org.springframework.web.filter.RequestContextFilter.doFilterInternal(RequestContextFilter.java:100) ~[spring-web-5.3.27.jar:5.3.27]
	at org.springframework.web.filter.OncePerRequestFilter.doFilter(OncePerRequestFilter.java:117) ~[spring-web-5.3.27.jar:5.3.27]
	at org.apache.catalina.core.ApplicationFilterChain.internalDoFilter(ApplicationFilterChain.java:178) ~[tomcat-embed-core-9.0.75.jar:9.0.75]
	at org.apache.catalina.core.ApplicationFilterChain.doFilter(ApplicationFilterChain.java:153) ~[tomcat-embed-core-9.0.75.jar:9.0.75]
	at org.springframework.web.filter.FormContentFilter.doFilterInternal(FormContentFilter.java:93) ~[spring-web-5.3.27.jar:5.3.27]
	at org.springframework.web.filter.OncePerRequestFilter.doFilter(OncePerRequestFilter.java:117) ~[spring-web-5.3.27.jar:5.3.27]
	at org.apache.catalina.core.ApplicationFilterChain.internalDoFilter(ApplicationFilterChain.java:178) ~[tomcat-embed-core-9.0.75.jar:9.0.75]
	at org.apache.catalina.core.ApplicationFilterChain.doFilter(ApplicationFilterChain.java:153) ~[tomcat-embed-core-9.0.75.jar:9.0.75]
	at org.springframework.web.filter.CharacterEncodingFilter.doFilterInternal(CharacterEncodingFilter.java:201) ~[spring-web-5.3.27.jar:5.3.27]
	at org.springframework.web.filter.OncePerRequestFilter.doFilter(OncePerRequestFilter.java:117) ~[spring-web-5.3.27.jar:5.3.27]
	at org.apache.catalina.core.ApplicationFilterChain.internalDoFilter(ApplicationFilterChain.java:178) ~[tomcat-embed-core-9.0.75.jar:9.0.75]
	at org.apache.catalina.core.ApplicationFilterChain.doFilter(ApplicationFilterChain.java:153) ~[tomcat-embed-core-9.0.75.jar:9.0.75]
	at org.apache.catalina.core.StandardWrapperValve.invoke(StandardWrapperValve.java:167) ~[tomcat-embed-core-9.0.75.jar:9.0.75]
	at org.apache.catalina.core.StandardContextValve.invoke(StandardContextValve.java:90) ~[tomcat-embed-core-9.0.75.jar:9.0.75]
	at org.apache.catalina.authenticator.AuthenticatorBase.invoke(AuthenticatorBase.java:481) ~[tomcat-embed-core-9.0.75.jar:9.0.75]
	at org.apache.catalina.core.StandardHostValve.invoke(StandardHostValve.java:130) ~[tomcat-embed-core-9.0.75.jar:9.0.75]
	at org.apache.catalina.valves.ErrorReportValve.invoke(ErrorReportValve.java:93) ~[tomcat-embed-core-9.0.75.jar:9.0.75]
	at org.apache.catalina.core.StandardEngineValve.invoke(StandardEngineValve.java:74) ~[tomcat-embed-core-9.0.75.jar:9.0.75]
	at org.apache.catalina.connector.CoyoteAdapter.service(CoyoteAdapter.java:343) ~[tomcat-embed-core-9.0.75.jar:9.0.75]
	at org.apache.coyote.http11.Http11Processor.service(Http11Processor.java:390) ~[tomcat-embed-core-9.0.75.jar:9.0.75]
	at org.apache.coyote.AbstractProcessorLight.process(AbstractProcessorLight.java:63) ~[tomcat-embed-core-9.0.75.jar:9.0.75]
	at org.apache.coyote.AbstractProtocol$ConnectionHandler.process(AbstractProtocol.java:926) ~[tomcat-embed-core-9.0.75.jar:9.0.75]
	at org.apache.tomcat.util.net.NioEndpoint$SocketProcessor.doRun(NioEndpoint.java:1791) ~[tomcat-embed-core-9.0.75.jar:9.0.75]
	at org.apache.tomcat.util.net.SocketProcessorBase.run(SocketProcessorBase.java:52) ~[tomcat-embed-core-9.0.75.jar:9.0.75]
	at org.apache.tomcat.util.threads.ThreadPoolExecutor.runWorker(ThreadPoolExecutor.java:1191) ~[tomcat-embed-core-9.0.75.jar:9.0.75]
	at org.apache.tomcat.util.threads.ThreadPoolExecutor$Worker.run(ThreadPoolExecutor.java:659) ~[tomcat-embed-core-9.0.75.jar:9.0.75]
	at org.apache.tomcat.util.threads.TaskThread$WrappingRunnable.run(TaskThread.java:61) ~[tomcat-embed-core-9.0.75.jar:9.0.75]
	at java.base/java.lang.Thread.run(Thread.java:829) ~[na:na]

13:54:22:384  WARN 8240 --- [Thread-12] c.a.nacos.common.notify.NotifyCenter     : [NotifyCenter] Start destroying Publisher
13:54:22:384  WARN 8240 --- [Thread-1] c.a.n.common.http.HttpClientBeanHolder   : [HttpClientBeanHolder] Start destroying common HttpClient
13:54:22:386  WARN 8240 --- [Thread-12] c.a.nacos.common.notify.NotifyCenter     : [NotifyCenter] Destruction of the end
13:54:22:387  WARN 8240 --- [Thread-1] c.a.n.common.http.HttpClientBeanHolder   : [HttpClientBeanHolder] Destruction of the end
13:54:22:639  INFO 8240 --- [SpringApplicationShutdownHook] c.a.c.n.registry.NacosServiceRegistry    : De-registering from Nacos Server now...
13:54:22:639  INFO 8240 --- [SpringApplicationShutdownHook] com.alibaba.nacos.client.naming          : [BEAT] removing beat: DEFAULT_GROUP@@cart-service:192.168.79.1:8082 from beat map.
13:54:22:639  INFO 8240 --- [SpringApplicationShutdownHook] com.alibaba.nacos.client.naming          : [DEREGISTER-SERVICE] public deregistering service DEFAULT_GROUP@@cart-service with instance: Instance{instanceId='null', ip='192.168.79.1', port=8082, weight=1.0, healthy=true, enabled=true, ephemeral=true, clusterName='DEFAULT', serviceName='null', metadata={}}
13:54:22:642  INFO 8240 --- [SpringApplicationShutdownHook] c.a.c.n.registry.NacosServiceRegistry    : De-registration finished.
13:54:22:642  INFO 8240 --- [SpringApplicationShutdownHook] com.alibaba.nacos.client.naming          : com.alibaba.nacos.client.naming.beat.BeatReactor do shutdown begin
13:54:23:183  INFO 8240 --- [com.alibaba.nacos.naming.push.receiver] com.alibaba.nacos.client.naming          : received push data: {"type":"dom","data":"{\"name\":\"DEFAULT_GROUP@@cart-service\",\"clusters\":\"DEFAULT\",\"cacheMillis\":10000,\"hosts\":[],\"lastRefTime\":1740894863249,\"checksum\":\"\",\"allIPs\":false,\"reachProtectionThreshold\":false,\"valid\":true}","lastRefTime":6940391957082} from /192.168.200.129
13:54:23:184  INFO 8240 --- [com.alibaba.nacos.naming.push.receiver] com.alibaba.nacos.client.naming          : removed ips(1) service: DEFAULT_GROUP@@cart-service@@DEFAULT -> [{"instanceId":"192.168.79.1#8082#DEFAULT#DEFAULT_GROUP@@cart-service","ip":"192.168.79.1","port":8082,"weight":1.0,"healthy":true,"enabled":true,"ephemeral":true,"clusterName":"DEFAULT","serviceName":"DEFAULT_GROUP@@cart-service","metadata":{"preserved.register.source":"SPRING_CLOUD"},"ipDeleteTimeout":30000,"instanceHeartBeatTimeOut":15000,"instanceHeartBeatInterval":5000}]
13:54:23:190  INFO 8240 --- [com.alibaba.nacos.naming.push.receiver] com.alibaba.nacos.client.naming          : current ips:(0) service: DEFAULT_GROUP@@cart-service@@DEFAULT -> []
13:54:24:619  INFO 8240 --- [SpringApplicationShutdownHook] com.alibaba.nacos.client.naming          : com.alibaba.nacos.client.naming.beat.BeatReactor do shutdown stop
13:54:24:619  INFO 8240 --- [SpringApplicationShutdownHook] com.alibaba.nacos.client.naming          : com.alibaba.nacos.client.naming.core.HostReactor do shutdown begin
13:54:27:623  INFO 8240 --- [SpringApplicationShutdownHook] com.alibaba.nacos.client.naming          : com.alibaba.nacos.client.naming.core.PushReceiver do shutdown begin
13:54:30:628  INFO 8240 --- [SpringApplicationShutdownHook] com.alibaba.nacos.client.naming          : com.alibaba.nacos.client.naming.core.PushReceiver do shutdown stop
13:54:30:628  INFO 8240 --- [SpringApplicationShutdownHook] com.alibaba.nacos.client.naming          : com.alibaba.nacos.client.naming.backups.FailoverReactor do shutdown begin
13:54:30:628  INFO 8240 --- [SpringApplicationShutdownHook] com.alibaba.nacos.client.naming          : com.alibaba.nacos.client.naming.backups.FailoverReactor do shutdown stop
13:54:30:629  INFO 8240 --- [SpringApplicationShutdownHook] com.alibaba.nacos.client.naming          : com.alibaba.nacos.client.naming.core.HostReactor do shutdown stop
13:54:30:629  INFO 8240 --- [SpringApplicationShutdownHook] com.alibaba.nacos.client.naming          : com.alibaba.nacos.client.naming.net.NamingProxy do shutdown begin
13:54:30:629  WARN 8240 --- [SpringApplicationShutdownHook] com.alibaba.nacos.client.naming          : [NamingHttpClientManager] Start destroying NacosRestTemplate
13:54:30:629  WARN 8240 --- [SpringApplicationShutdownHook] com.alibaba.nacos.client.naming          : [NamingHttpClientManager] Destruction of the end
13:54:30:629  INFO 8240 --- [SpringApplicationShutdownHook] c.a.n.client.identify.CredentialWatcher  : [null] CredentialWatcher is stopped
13:54:30:629  INFO 8240 --- [SpringApplicationShutdownHook] c.a.n.client.identify.CredentialService  : [null] CredentialService is freed
13:54:30:629  INFO 8240 --- [SpringApplicationShutdownHook] com.alibaba.nacos.client.naming          : com.alibaba.nacos.client.naming.net.NamingProxy do shutdown stop
13:54:30:633  INFO 8240 --- [SpringApplicationShutdownHook] com.zaxxer.hikari.HikariDataSource       : HikariPool-1 - Shutdown initiated...
13:54:30:644  INFO 8240 --- [SpringApplicationShutdownHook] com.zaxxer.hikari.HikariDataSource       : HikariPool-1 - Shutdown completed.
13:54:34:938  INFO 22068 --- [main] com.hmall.cart.CartApplication           : The following 1 profile is active: "local"
13:54:35:833  INFO 22068 --- [main] o.s.cloud.context.scope.GenericScope     : BeanFactory id=7d8590a9-9904-3b0f-896a-41dd89c11948
13:54:36:227  INFO 22068 --- [main] o.s.b.w.embedded.tomcat.TomcatWebServer  : Tomcat initialized with port(s): 8082 (http)
13:54:36:236  INFO 22068 --- [main] o.apache.catalina.core.StandardService   : Starting service [Tomcat]
13:54:36:236  INFO 22068 --- [main] org.apache.catalina.core.StandardEngine  : Starting Servlet engine: [Apache Tomcat/9.0.75]
13:54:36:440  INFO 22068 --- [main] o.a.c.c.C.[Tomcat].[localhost].[/]       : Initializing Spring embedded WebApplicationContext
13:54:36:441  INFO 22068 --- [main] w.s.c.ServletWebServerApplicationContext : Root WebApplicationContext: initialization completed in 1483 ms
13:54:36:695  INFO 22068 --- [main] o.s.c.openfeign.FeignClientFactoryBean   : For 'item-service' URL not provided. Will try picking an instance via load-balancing.
13:54:37:515  INFO 22068 --- [main] c.a.c.sentinel.SentinelWebMvcConfigurer  : [Sentinel Starter] register SentinelWebInterceptor with urlPatterns: [/**].
13:54:38:186  INFO 22068 --- [main] pertySourcedRequestMappingHandlerMapping : Mapped URL path [/v2/api-docs] onto method [springfox.documentation.swagger2.web.Swagger2ControllerWebMvc#getDocumentation(String, HttpServletRequest)]
13:54:38:893  INFO 22068 --- [main] com.alibaba.nacos.client.naming          : initializer namespace from System Property :null
13:54:38:894  INFO 22068 --- [main] com.alibaba.nacos.client.naming          : initializer namespace from System Environment :null
13:54:38:894  INFO 22068 --- [main] com.alibaba.nacos.client.naming          : initializer namespace from System Property :null
13:54:38:945  INFO 22068 --- [main] o.s.b.w.embedded.tomcat.TomcatWebServer  : Tomcat started on port(s): 8082 (http) with context path ''
13:54:38:947  INFO 22068 --- [main] com.alibaba.nacos.client.naming          : [BEAT] adding beat: BeatInfo{port=8082, ip='192.168.79.1', weight=1.0, serviceName='DEFAULT_GROUP@@cart-service', cluster='DEFAULT', metadata={preserved.register.source=SPRING_CLOUD}, scheduled=false, period=5000, stopped=false} to beat map.
13:54:38:948  INFO 22068 --- [main] com.alibaba.nacos.client.naming          : [REGISTER-SERVICE] public registering service DEFAULT_GROUP@@cart-service with instance: Instance{instanceId='null', ip='192.168.79.1', port=8082, weight=1.0, healthy=true, enabled=true, ephemeral=true, clusterName='DEFAULT', serviceName='null', metadata={preserved.register.source=SPRING_CLOUD}}
13:54:38:952  INFO 22068 --- [main] c.a.c.n.registry.NacosServiceRegistry    : nacos registry, DEFAULT_GROUP cart-service 192.168.79.1:8082 register finished
13:54:39:312  INFO 22068 --- [main] d.s.w.p.DocumentationPluginsBootstrapper : Documentation plugins bootstrapped
13:54:39:315  INFO 22068 --- [main] d.s.w.p.DocumentationPluginsBootstrapper : Found 1 custom documentation plugin(s)
13:54:39:335  INFO 22068 --- [main] s.d.s.w.s.ApiListingReferenceScanner     : Scanning for api listing references
13:54:39:422  INFO 22068 --- [main] com.hmall.cart.CartApplication           : Started CartApplication in 6.115 seconds (JVM running for 7.25)
13:54:39:426  INFO 22068 --- [main] c.a.n.client.config.impl.ClientWorker    : [fixed-192.168.200.129_8848] [subscribe] cart-service+DEFAULT_GROUP
13:54:39:427  INFO 22068 --- [main] c.a.nacos.client.config.impl.CacheData   : [fixed-192.168.200.129_8848] [add-listener] ok, tenant=, dataId=cart-service, group=DEFAULT_GROUP, cnt=1
13:54:39:427  INFO 22068 --- [main] c.a.c.n.refresh.NacosContextRefresher    : [Nacos Config] Listening config: dataId=cart-service, group=DEFAULT_GROUP
13:54:39:428  INFO 22068 --- [main] c.a.n.client.config.impl.ClientWorker    : [fixed-192.168.200.129_8848] [subscribe] cart-service.yaml+DEFAULT_GROUP
13:54:39:428  INFO 22068 --- [main] c.a.nacos.client.config.impl.CacheData   : [fixed-192.168.200.129_8848] [add-listener] ok, tenant=, dataId=cart-service.yaml, group=DEFAULT_GROUP, cnt=1
13:54:39:428  INFO 22068 --- [main] c.a.c.n.refresh.NacosContextRefresher    : [Nacos Config] Listening config: dataId=cart-service.yaml, group=DEFAULT_GROUP
13:54:39:429  INFO 22068 --- [main] c.a.n.client.config.impl.ClientWorker    : [fixed-192.168.200.129_8848] [subscribe] cart-service-local.yaml+DEFAULT_GROUP
13:54:39:429  INFO 22068 --- [main] c.a.nacos.client.config.impl.CacheData   : [fixed-192.168.200.129_8848] [add-listener] ok, tenant=, dataId=cart-service-local.yaml, group=DEFAULT_GROUP, cnt=1
13:54:39:429  INFO 22068 --- [main] c.a.c.n.refresh.NacosContextRefresher    : [Nacos Config] Listening config: dataId=cart-service-local.yaml, group=DEFAULT_GROUP
13:54:39:466  INFO 22068 --- [com.alibaba.nacos.naming.push.receiver] com.alibaba.nacos.client.naming          : received push data: {"type":"dom","data":"{\"name\":\"DEFAULT_GROUP@@cart-service\",\"clusters\":\"DEFAULT\",\"cacheMillis\":10000,\"hosts\":[{\"instanceId\":\"192.168.79.1#8082#DEFAULT#DEFAULT_GROUP@@cart-service\",\"ip\":\"192.168.79.1\",\"port\":8082,\"weight\":1.0,\"healthy\":true,\"enabled\":true,\"ephemeral\":true,\"clusterName\":\"DEFAULT\",\"serviceName\":\"DEFAULT_GROUP@@cart-service\",\"metadata\":{\"preserved.register.source\":\"SPRING_CLOUD\"},\"instanceHeartBeatInterval\":5000,\"instanceHeartBeatTimeOut\":15000,\"ipDeleteTimeout\":30000}],\"lastRefTime\":1740894879532,\"checksum\":\"\",\"allIPs\":false,\"reachProtectionThreshold\":false,\"valid\":true}","lastRefTime":6956674832252} from /192.168.200.129
13:54:39:476  INFO 22068 --- [com.alibaba.nacos.naming.push.receiver] com.alibaba.nacos.client.naming          : new ips(1) service: DEFAULT_GROUP@@cart-service@@DEFAULT -> [{"instanceId":"192.168.79.1#8082#DEFAULT#DEFAULT_GROUP@@cart-service","ip":"192.168.79.1","port":8082,"weight":1.0,"healthy":true,"enabled":true,"ephemeral":true,"clusterName":"DEFAULT","serviceName":"DEFAULT_GROUP@@cart-service","metadata":{"preserved.register.source":"SPRING_CLOUD"},"ipDeleteTimeout":30000,"instanceHeartBeatInterval":5000,"instanceHeartBeatTimeOut":15000}]
13:54:39:480  INFO 22068 --- [com.alibaba.nacos.naming.push.receiver] com.alibaba.nacos.client.naming          : current ips:(1) service: DEFAULT_GROUP@@cart-service@@DEFAULT -> [{"instanceId":"192.168.79.1#8082#DEFAULT#DEFAULT_GROUP@@cart-service","ip":"192.168.79.1","port":8082,"weight":1.0,"healthy":true,"enabled":true,"ephemeral":true,"clusterName":"DEFAULT","serviceName":"DEFAULT_GROUP@@cart-service","metadata":{"preserved.register.source":"SPRING_CLOUD"},"ipDeleteTimeout":30000,"instanceHeartBeatInterval":5000,"instanceHeartBeatTimeOut":15000}]
13:55:03:578  INFO 22068 --- [http-nio-8082-exec-1] o.a.c.c.C.[Tomcat].[localhost].[/]       : Initializing Spring DispatcherServlet 'dispatcherServlet'
13:55:03:579  INFO 22068 --- [http-nio-8082-exec-1] o.s.web.servlet.DispatcherServlet        : Initializing Servlet 'dispatcherServlet'
13:55:03:580  INFO 22068 --- [http-nio-8082-exec-1] o.s.web.servlet.DispatcherServlet        : Completed initialization in 1 ms
13:55:03:800  INFO 22068 --- [http-nio-8082-exec-1] com.zaxxer.hikari.HikariDataSource       : HikariPool-1 - Starting...
13:55:04:005  INFO 22068 --- [http-nio-8082-exec-1] com.zaxxer.hikari.HikariDataSource       : HikariPool-1 - Start completed.
13:55:04:012 DEBUG 22068 --- [http-nio-8082-exec-1] c.h.cart.mapper.CartMapper.selectList    : ==>  Preparing: SELECT id,user_id,item_id,num,name,spec,price,image,create_time,update_time FROM cart WHERE (user_id = ?)
13:55:04:033 DEBUG 22068 --- [http-nio-8082-exec-1] c.h.cart.mapper.CartMapper.selectList    : ==> Parameters: 3(Long)
13:55:04:054 DEBUG 22068 --- [http-nio-8082-exec-1] c.h.cart.mapper.CartMapper.selectList    : <==      Total: 2
13:55:04:238  INFO 22068 --- [http-nio-8082-exec-1] com.alibaba.nacos.client.naming          : new ips(2) service: DEFAULT_GROUP@@item-service -> [{"instanceId":"192.168.79.1#8083#DEFAULT#DEFAULT_GROUP@@item-service","ip":"192.168.79.1","port":8083,"weight":1.0,"healthy":true,"enabled":true,"ephemeral":true,"clusterName":"DEFAULT","serviceName":"DEFAULT_GROUP@@item-service","metadata":{"preserved.register.source":"SPRING_CLOUD"},"ipDeleteTimeout":30000,"instanceHeartBeatInterval":5000,"instanceHeartBeatTimeOut":15000},{"instanceId":"192.168.79.1#8081#DEFAULT#DEFAULT_GROUP@@item-service","ip":"192.168.79.1","port":8081,"weight":1.0,"healthy":true,"enabled":true,"ephemeral":true,"clusterName":"DEFAULT","serviceName":"DEFAULT_GROUP@@item-service","metadata":{"preserved.register.source":"SPRING_CLOUD"},"ipDeleteTimeout":30000,"instanceHeartBeatInterval":5000,"instanceHeartBeatTimeOut":15000}]
13:55:04:240  INFO 22068 --- [http-nio-8082-exec-1] com.alibaba.nacos.client.naming          : current ips:(2) service: DEFAULT_GROUP@@item-service -> [{"instanceId":"192.168.79.1#8083#DEFAULT#DEFAULT_GROUP@@item-service","ip":"192.168.79.1","port":8083,"weight":1.0,"healthy":true,"enabled":true,"ephemeral":true,"clusterName":"DEFAULT","serviceName":"DEFAULT_GROUP@@item-service","metadata":{"preserved.register.source":"SPRING_CLOUD"},"ipDeleteTimeout":30000,"instanceHeartBeatInterval":5000,"instanceHeartBeatTimeOut":15000},{"instanceId":"192.168.79.1#8081#DEFAULT#DEFAULT_GROUP@@item-service","ip":"192.168.79.1","port":8081,"weight":1.0,"healthy":true,"enabled":true,"ephemeral":true,"clusterName":"DEFAULT","serviceName":"DEFAULT_GROUP@@item-service","metadata":{"preserved.register.source":"SPRING_CLOUD"},"ipDeleteTimeout":30000,"instanceHeartBeatInterval":5000,"instanceHeartBeatTimeOut":15000}]
13:55:04:349 ERROR 22068 --- [http-nio-8082-exec-1] o.a.c.c.C.[.[.[/].[dispatcherServlet]    : Servlet.service() for servlet [dispatcherServlet] in context with path [] threw exception [Request processing failed; nested exception is feign.FeignException$NotFound: [404 ] during [GET] to [http://item-service/items?ids=5706773&ids=100000011127] [ItemClient#queryItemByIds(Collection)]: [{"timestamp":"2025-03-02T05:55:04.321+00:00","status":404,"error":"Not Found","path":"/items"}]] with root cause

feign.FeignException$NotFound: [404 ] during [GET] to [http://item-service/items?ids=5706773&ids=100000011127] [ItemClient#queryItemByIds(Collection)]: [{"timestamp":"2025-03-02T05:55:04.321+00:00","status":404,"error":"Not Found","path":"/items"}]
	at feign.FeignException.clientErrorStatus(FeignException.java:219) ~[feign-core-11.8.jar:na]
	at feign.FeignException.errorStatus(FeignException.java:194) ~[feign-core-11.8.jar:na]
	at feign.FeignException.errorStatus(FeignException.java:185) ~[feign-core-11.8.jar:na]
	at feign.codec.ErrorDecoder$Default.decode(ErrorDecoder.java:92) ~[feign-core-11.8.jar:na]
	at feign.AsyncResponseHandler.handleResponse(AsyncResponseHandler.java:96) ~[feign-core-11.8.jar:na]
	at feign.SynchronousMethodHandler.executeAndDecode(SynchronousMethodHandler.java:138) ~[feign-core-11.8.jar:na]
	at feign.SynchronousMethodHandler.invoke(SynchronousMethodHandler.java:89) ~[feign-core-11.8.jar:na]
	at feign.ReflectiveFeign$FeignInvocationHandler.invoke(ReflectiveFeign.java:100) ~[feign-core-11.8.jar:na]
	at com.sun.proxy.$Proxy128.queryItemByIds(Unknown Source) ~[na:na]
	at com.hmall.cart.service.impl.CartServiceImpl.handleCartItems(CartServiceImpl.java:100) ~[classes/:na]
	at com.hmall.cart.service.impl.CartServiceImpl.queryMyCarts(CartServiceImpl.java:91) ~[classes/:na]
	at com.hmall.cart.service.impl.CartServiceImpl$$FastClassBySpringCGLIB$$7813828f.invoke(<generated>) ~[classes/:na]
	at org.springframework.cglib.proxy.MethodProxy.invoke(MethodProxy.java:218) ~[spring-core-5.3.27.jar:5.3.27]
	at org.springframework.aop.framework.CglibAopProxy.invokeMethod(CglibAopProxy.java:386) ~[spring-aop-5.3.27.jar:5.3.27]
	at org.springframework.aop.framework.CglibAopProxy.access$000(CglibAopProxy.java:85) ~[spring-aop-5.3.27.jar:5.3.27]
	at org.springframework.aop.framework.CglibAopProxy$DynamicAdvisedInterceptor.intercept(CglibAopProxy.java:704) ~[spring-aop-5.3.27.jar:5.3.27]
	at com.hmall.cart.service.impl.CartServiceImpl$$EnhancerBySpringCGLIB$$33523f0b.queryMyCarts(<generated>) ~[classes/:na]
	at com.hmall.cart.controller.CartController.queryMyCarts(CartController.java:52) ~[classes/:na]
	at java.base/jdk.internal.reflect.NativeMethodAccessorImpl.invoke0(Native Method) ~[na:na]
	at java.base/jdk.internal.reflect.NativeMethodAccessorImpl.invoke(NativeMethodAccessorImpl.java:62) ~[na:na]
	at java.base/jdk.internal.reflect.DelegatingMethodAccessorImpl.invoke(DelegatingMethodAccessorImpl.java:43) ~[na:na]
	at java.base/java.lang.reflect.Method.invoke(Method.java:566) ~[na:na]
	at org.springframework.web.method.support.InvocableHandlerMethod.doInvoke(InvocableHandlerMethod.java:205) ~[spring-web-5.3.27.jar:5.3.27]
	at org.springframework.web.method.support.InvocableHandlerMethod.invokeForRequest(InvocableHandlerMethod.java:150) ~[spring-web-5.3.27.jar:5.3.27]
	at org.springframework.web.servlet.mvc.method.annotation.ServletInvocableHandlerMethod.invokeAndHandle(ServletInvocableHandlerMethod.java:117) ~[spring-webmvc-5.3.27.jar:5.3.27]
	at org.springframework.web.servlet.mvc.method.annotation.RequestMappingHandlerAdapter.invokeHandlerMethod(RequestMappingHandlerAdapter.java:895) ~[spring-webmvc-5.3.27.jar:5.3.27]
	at org.springframework.web.servlet.mvc.method.annotation.RequestMappingHandlerAdapter.handleInternal(RequestMappingHandlerAdapter.java:808) ~[spring-webmvc-5.3.27.jar:5.3.27]
	at org.springframework.web.servlet.mvc.method.AbstractHandlerMethodAdapter.handle(AbstractHandlerMethodAdapter.java:87) ~[spring-webmvc-5.3.27.jar:5.3.27]
	at org.springframework.web.servlet.DispatcherServlet.doDispatch(DispatcherServlet.java:1072) ~[spring-webmvc-5.3.27.jar:5.3.27]
	at org.springframework.web.servlet.DispatcherServlet.doService(DispatcherServlet.java:965) ~[spring-webmvc-5.3.27.jar:5.3.27]
	at org.springframework.web.servlet.FrameworkServlet.processRequest(FrameworkServlet.java:1006) ~[spring-webmvc-5.3.27.jar:5.3.27]
	at org.springframework.web.servlet.FrameworkServlet.doGet(FrameworkServlet.java:898) ~[spring-webmvc-5.3.27.jar:5.3.27]
	at javax.servlet.http.HttpServlet.service(HttpServlet.java:529) ~[tomcat-embed-core-9.0.75.jar:4.0.FR]
	at org.springframework.web.servlet.FrameworkServlet.service(FrameworkServlet.java:883) ~[spring-webmvc-5.3.27.jar:5.3.27]
	at javax.servlet.http.HttpServlet.service(HttpServlet.java:623) ~[tomcat-embed-core-9.0.75.jar:4.0.FR]
	at org.apache.catalina.core.ApplicationFilterChain.internalDoFilter(ApplicationFilterChain.java:209) ~[tomcat-embed-core-9.0.75.jar:9.0.75]
	at org.apache.catalina.core.ApplicationFilterChain.doFilter(ApplicationFilterChain.java:153) ~[tomcat-embed-core-9.0.75.jar:9.0.75]
	at org.apache.tomcat.websocket.server.WsFilter.doFilter(WsFilter.java:51) ~[tomcat-embed-websocket-9.0.75.jar:9.0.75]
	at org.apache.catalina.core.ApplicationFilterChain.internalDoFilter(ApplicationFilterChain.java:178) ~[tomcat-embed-core-9.0.75.jar:9.0.75]
	at org.apache.catalina.core.ApplicationFilterChain.doFilter(ApplicationFilterChain.java:153) ~[tomcat-embed-core-9.0.75.jar:9.0.75]
	at org.springframework.web.filter.RequestContextFilter.doFilterInternal(RequestContextFilter.java:100) ~[spring-web-5.3.27.jar:5.3.27]
	at org.springframework.web.filter.OncePerRequestFilter.doFilter(OncePerRequestFilter.java:117) ~[spring-web-5.3.27.jar:5.3.27]
	at org.apache.catalina.core.ApplicationFilterChain.internalDoFilter(ApplicationFilterChain.java:178) ~[tomcat-embed-core-9.0.75.jar:9.0.75]
	at org.apache.catalina.core.ApplicationFilterChain.doFilter(ApplicationFilterChain.java:153) ~[tomcat-embed-core-9.0.75.jar:9.0.75]
	at org.springframework.web.filter.FormContentFilter.doFilterInternal(FormContentFilter.java:93) ~[spring-web-5.3.27.jar:5.3.27]
	at org.springframework.web.filter.OncePerRequestFilter.doFilter(OncePerRequestFilter.java:117) ~[spring-web-5.3.27.jar:5.3.27]
	at org.apache.catalina.core.ApplicationFilterChain.internalDoFilter(ApplicationFilterChain.java:178) ~[tomcat-embed-core-9.0.75.jar:9.0.75]
	at org.apache.catalina.core.ApplicationFilterChain.doFilter(ApplicationFilterChain.java:153) ~[tomcat-embed-core-9.0.75.jar:9.0.75]
	at org.springframework.web.filter.CharacterEncodingFilter.doFilterInternal(CharacterEncodingFilter.java:201) ~[spring-web-5.3.27.jar:5.3.27]
	at org.springframework.web.filter.OncePerRequestFilter.doFilter(OncePerRequestFilter.java:117) ~[spring-web-5.3.27.jar:5.3.27]
	at org.apache.catalina.core.ApplicationFilterChain.internalDoFilter(ApplicationFilterChain.java:178) ~[tomcat-embed-core-9.0.75.jar:9.0.75]
	at org.apache.catalina.core.ApplicationFilterChain.doFilter(ApplicationFilterChain.java:153) ~[tomcat-embed-core-9.0.75.jar:9.0.75]
	at org.apache.catalina.core.StandardWrapperValve.invoke(StandardWrapperValve.java:167) ~[tomcat-embed-core-9.0.75.jar:9.0.75]
	at org.apache.catalina.core.StandardContextValve.invoke(StandardContextValve.java:90) ~[tomcat-embed-core-9.0.75.jar:9.0.75]
	at org.apache.catalina.authenticator.AuthenticatorBase.invoke(AuthenticatorBase.java:481) ~[tomcat-embed-core-9.0.75.jar:9.0.75]
	at org.apache.catalina.core.StandardHostValve.invoke(StandardHostValve.java:130) ~[tomcat-embed-core-9.0.75.jar:9.0.75]
	at org.apache.catalina.valves.ErrorReportValve.invoke(ErrorReportValve.java:93) ~[tomcat-embed-core-9.0.75.jar:9.0.75]
	at org.apache.catalina.core.StandardEngineValve.invoke(StandardEngineValve.java:74) ~[tomcat-embed-core-9.0.75.jar:9.0.75]
	at org.apache.catalina.connector.CoyoteAdapter.service(CoyoteAdapter.java:343) ~[tomcat-embed-core-9.0.75.jar:9.0.75]
	at org.apache.coyote.http11.Http11Processor.service(Http11Processor.java:390) ~[tomcat-embed-core-9.0.75.jar:9.0.75]
	at org.apache.coyote.AbstractProcessorLight.process(AbstractProcessorLight.java:63) ~[tomcat-embed-core-9.0.75.jar:9.0.75]
	at org.apache.coyote.AbstractProtocol$ConnectionHandler.process(AbstractProtocol.java:926) ~[tomcat-embed-core-9.0.75.jar:9.0.75]
	at org.apache.tomcat.util.net.NioEndpoint$SocketProcessor.doRun(NioEndpoint.java:1791) ~[tomcat-embed-core-9.0.75.jar:9.0.75]
	at org.apache.tomcat.util.net.SocketProcessorBase.run(SocketProcessorBase.java:52) ~[tomcat-embed-core-9.0.75.jar:9.0.75]
	at org.apache.tomcat.util.threads.ThreadPoolExecutor.runWorker(ThreadPoolExecutor.java:1191) ~[tomcat-embed-core-9.0.75.jar:9.0.75]
	at org.apache.tomcat.util.threads.ThreadPoolExecutor$Worker.run(ThreadPoolExecutor.java:659) ~[tomcat-embed-core-9.0.75.jar:9.0.75]
	at org.apache.tomcat.util.threads.TaskThread$WrappingRunnable.run(TaskThread.java:61) ~[tomcat-embed-core-9.0.75.jar:9.0.75]
	at java.base/java.lang.Thread.run(Thread.java:829) ~[na:na]

13:55:04:772  INFO 22068 --- [com.alibaba.nacos.naming.push.receiver] com.alibaba.nacos.client.naming          : received push data: {"type":"dom","data":"{\"name\":\"DEFAULT_GROUP@@item-service\",\"clusters\":\"\",\"cacheMillis\":10000,\"hosts\":[{\"instanceId\":\"192.168.79.1#8083#DEFAULT#DEFAULT_GROUP@@item-service\",\"ip\":\"192.168.79.1\",\"port\":8083,\"weight\":1.0,\"healthy\":true,\"enabled\":true,\"ephemeral\":true,\"clusterName\":\"DEFAULT\",\"serviceName\":\"DEFAULT_GROUP@@item-service\",\"metadata\":{\"preserved.register.source\":\"SPRING_CLOUD\"},\"instanceHeartBeatInterval\":5000,\"instanceHeartBeatTimeOut\":15000,\"ipDeleteTimeout\":30000},{\"instanceId\":\"192.168.79.1#8081#DEFAULT#DEFAULT_GROUP@@item-service\",\"ip\":\"192.168.79.1\",\"port\":8081,\"weight\":1.0,\"healthy\":true,\"enabled\":true,\"ephemeral\":true,\"clusterName\":\"DEFAULT\",\"serviceName\":\"DEFAULT_GROUP@@item-service\",\"metadata\":{\"preserved.register.source\":\"SPRING_CLOUD\"},\"instanceHeartBeatInterval\":5000,\"instanceHeartBeatTimeOut\":15000,\"ipDeleteTimeout\":30000}],\"lastRefTime\":1740894904838,\"checksum\":\"\",\"allIPs\":false,\"reachProtectionThreshold\":false,\"valid\":true}","lastRefTime":6981980625707} from /192.168.200.129
13:55:45:843  WARN 22068 --- [Thread-1] c.a.n.common.http.HttpClientBeanHolder   : [HttpClientBeanHolder] Start destroying common HttpClient
13:55:45:844  WARN 22068 --- [Thread-12] c.a.nacos.common.notify.NotifyCenter     : [NotifyCenter] Start destroying Publisher
13:55:45:845  WARN 22068 --- [Thread-12] c.a.nacos.common.notify.NotifyCenter     : [NotifyCenter] Destruction of the end
13:55:45:846  WARN 22068 --- [Thread-1] c.a.n.common.http.HttpClientBeanHolder   : [HttpClientBeanHolder] Destruction of the end
13:55:46:098  INFO 22068 --- [SpringApplicationShutdownHook] c.a.c.n.registry.NacosServiceRegistry    : De-registering from Nacos Server now...
13:55:46:098  INFO 22068 --- [SpringApplicationShutdownHook] com.alibaba.nacos.client.naming          : [BEAT] removing beat: DEFAULT_GROUP@@cart-service:192.168.79.1:8082 from beat map.
13:55:46:098  INFO 22068 --- [SpringApplicationShutdownHook] com.alibaba.nacos.client.naming          : [DEREGISTER-SERVICE] public deregistering service DEFAULT_GROUP@@cart-service with instance: Instance{instanceId='null', ip='192.168.79.1', port=8082, weight=1.0, healthy=true, enabled=true, ephemeral=true, clusterName='DEFAULT', serviceName='null', metadata={}}
13:55:46:100  INFO 22068 --- [SpringApplicationShutdownHook] c.a.c.n.registry.NacosServiceRegistry    : De-registration finished.
13:55:46:100  INFO 22068 --- [SpringApplicationShutdownHook] com.alibaba.nacos.client.naming          : com.alibaba.nacos.client.naming.beat.BeatReactor do shutdown begin
13:55:46:652  INFO 22068 --- [com.alibaba.nacos.naming.push.receiver] com.alibaba.nacos.client.naming          : received push data: {"type":"dom","data":"{\"name\":\"DEFAULT_GROUP@@cart-service\",\"clusters\":\"DEFAULT\",\"cacheMillis\":10000,\"hosts\":[],\"lastRefTime\":1740894946718,\"checksum\":\"\",\"allIPs\":false,\"reachProtectionThreshold\":false,\"valid\":true}","lastRefTime":7023861279385} from /192.168.200.129
13:55:46:653  INFO 22068 --- [com.alibaba.nacos.naming.push.receiver] com.alibaba.nacos.client.naming          : removed ips(1) service: DEFAULT_GROUP@@cart-service@@DEFAULT -> [{"instanceId":"192.168.79.1#8082#DEFAULT#DEFAULT_GROUP@@cart-service","ip":"192.168.79.1","port":8082,"weight":1.0,"healthy":true,"enabled":true,"ephemeral":true,"clusterName":"DEFAULT","serviceName":"DEFAULT_GROUP@@cart-service","metadata":{"preserved.register.source":"SPRING_CLOUD"},"ipDeleteTimeout":30000,"instanceHeartBeatInterval":5000,"instanceHeartBeatTimeOut":15000}]
13:55:46:654  INFO 22068 --- [com.alibaba.nacos.naming.push.receiver] com.alibaba.nacos.client.naming          : current ips:(0) service: DEFAULT_GROUP@@cart-service@@DEFAULT -> []
13:55:49:012  INFO 22068 --- [SpringApplicationShutdownHook] com.alibaba.nacos.client.naming          : com.alibaba.nacos.client.naming.beat.BeatReactor do shutdown stop
13:55:49:012  INFO 22068 --- [SpringApplicationShutdownHook] com.alibaba.nacos.client.naming          : com.alibaba.nacos.client.naming.core.HostReactor do shutdown begin
13:55:52:019  INFO 22068 --- [SpringApplicationShutdownHook] com.alibaba.nacos.client.naming          : com.alibaba.nacos.client.naming.core.PushReceiver do shutdown begin
13:55:55:026  INFO 22068 --- [SpringApplicationShutdownHook] com.alibaba.nacos.client.naming          : com.alibaba.nacos.client.naming.core.PushReceiver do shutdown stop
13:55:55:026  INFO 22068 --- [SpringApplicationShutdownHook] com.alibaba.nacos.client.naming          : com.alibaba.nacos.client.naming.backups.FailoverReactor do shutdown begin
13:55:55:026  INFO 22068 --- [SpringApplicationShutdownHook] com.alibaba.nacos.client.naming          : com.alibaba.nacos.client.naming.backups.FailoverReactor do shutdown stop
13:55:55:026  INFO 22068 --- [SpringApplicationShutdownHook] com.alibaba.nacos.client.naming          : com.alibaba.nacos.client.naming.core.HostReactor do shutdown stop
13:55:55:027  INFO 22068 --- [SpringApplicationShutdownHook] com.alibaba.nacos.client.naming          : com.alibaba.nacos.client.naming.net.NamingProxy do shutdown begin
13:55:55:027  WARN 22068 --- [SpringApplicationShutdownHook] com.alibaba.nacos.client.naming          : [NamingHttpClientManager] Start destroying NacosRestTemplate
13:55:55:027  WARN 22068 --- [SpringApplicationShutdownHook] com.alibaba.nacos.client.naming          : [NamingHttpClientManager] Destruction of the end
13:55:55:027  INFO 22068 --- [SpringApplicationShutdownHook] c.a.n.client.identify.CredentialWatcher  : [null] CredentialWatcher is stopped
13:55:55:027  INFO 22068 --- [SpringApplicationShutdownHook] c.a.n.client.identify.CredentialService  : [null] CredentialService is freed
13:55:55:027  INFO 22068 --- [SpringApplicationShutdownHook] com.alibaba.nacos.client.naming          : com.alibaba.nacos.client.naming.net.NamingProxy do shutdown stop
13:55:55:031  INFO 22068 --- [SpringApplicationShutdownHook] com.zaxxer.hikari.HikariDataSource       : HikariPool-1 - Shutdown initiated...
13:55:55:043  INFO 22068 --- [SpringApplicationShutdownHook] com.zaxxer.hikari.HikariDataSource       : HikariPool-1 - Shutdown completed.
13:56:01:261  INFO 18932 --- [main] com.hmall.cart.CartApplication           : The following 1 profile is active: "local"
13:56:02:159  INFO 18932 --- [main] o.s.cloud.context.scope.GenericScope     : BeanFactory id=7d8590a9-9904-3b0f-896a-41dd89c11948
13:56:02:580  INFO 18932 --- [main] o.s.b.w.embedded.tomcat.TomcatWebServer  : Tomcat initialized with port(s): 8082 (http)
13:56:02:590  INFO 18932 --- [main] o.apache.catalina.core.StandardService   : Starting service [Tomcat]
13:56:02:590  INFO 18932 --- [main] org.apache.catalina.core.StandardEngine  : Starting Servlet engine: [Apache Tomcat/9.0.75]
13:56:02:813  INFO 18932 --- [main] o.a.c.c.C.[Tomcat].[localhost].[/]       : Initializing Spring embedded WebApplicationContext
13:56:02:814  INFO 18932 --- [main] w.s.c.ServletWebServerApplicationContext : Root WebApplicationContext: initialization completed in 1539 ms
13:56:03:088  INFO 18932 --- [main] o.s.c.openfeign.FeignClientFactoryBean   : For 'item-service' URL not provided. Will try picking an instance via load-balancing.
13:56:03:979  INFO 18932 --- [main] c.a.c.sentinel.SentinelWebMvcConfigurer  : [Sentinel Starter] register SentinelWebInterceptor with urlPatterns: [/**].
13:56:04:673  INFO 18932 --- [main] pertySourcedRequestMappingHandlerMapping : Mapped URL path [/v2/api-docs] onto method [springfox.documentation.swagger2.web.Swagger2ControllerWebMvc#getDocumentation(String, HttpServletRequest)]
13:56:05:434  INFO 18932 --- [main] com.alibaba.nacos.client.naming          : initializer namespace from System Property :null
13:56:05:434  INFO 18932 --- [main] com.alibaba.nacos.client.naming          : initializer namespace from System Environment :null
13:56:05:435  INFO 18932 --- [main] com.alibaba.nacos.client.naming          : initializer namespace from System Property :null
13:56:05:502  INFO 18932 --- [main] o.s.b.w.embedded.tomcat.TomcatWebServer  : Tomcat started on port(s): 8082 (http) with context path ''
13:56:05:505  INFO 18932 --- [main] com.alibaba.nacos.client.naming          : [BEAT] adding beat: BeatInfo{port=8082, ip='192.168.79.1', weight=1.0, serviceName='DEFAULT_GROUP@@cart-service', cluster='DEFAULT', metadata={preserved.register.source=SPRING_CLOUD}, scheduled=false, period=5000, stopped=false} to beat map.
13:56:05:506  INFO 18932 --- [main] com.alibaba.nacos.client.naming          : [REGISTER-SERVICE] public registering service DEFAULT_GROUP@@cart-service with instance: Instance{instanceId='null', ip='192.168.79.1', port=8082, weight=1.0, healthy=true, enabled=true, ephemeral=true, clusterName='DEFAULT', serviceName='null', metadata={preserved.register.source=SPRING_CLOUD}}
13:56:05:509  INFO 18932 --- [main] c.a.c.n.registry.NacosServiceRegistry    : nacos registry, DEFAULT_GROUP cart-service 192.168.79.1:8082 register finished
13:56:05:891  INFO 18932 --- [main] d.s.w.p.DocumentationPluginsBootstrapper : Documentation plugins bootstrapped
13:56:05:893  INFO 18932 --- [main] d.s.w.p.DocumentationPluginsBootstrapper : Found 1 custom documentation plugin(s)
13:56:05:914  INFO 18932 --- [main] s.d.s.w.s.ApiListingReferenceScanner     : Scanning for api listing references
13:56:06:001  INFO 18932 --- [main] com.hmall.cart.CartApplication           : Started CartApplication in 6.419 seconds (JVM running for 7.579)
13:56:06:004  INFO 18932 --- [main] c.a.n.client.config.impl.ClientWorker    : [fixed-192.168.200.129_8848] [subscribe] cart-service+DEFAULT_GROUP
13:56:06:005  INFO 18932 --- [main] c.a.nacos.client.config.impl.CacheData   : [fixed-192.168.200.129_8848] [add-listener] ok, tenant=, dataId=cart-service, group=DEFAULT_GROUP, cnt=1
13:56:06:005  INFO 18932 --- [com.alibaba.nacos.naming.push.receiver] com.alibaba.nacos.client.naming          : received push data: {"type":"dom","data":"{\"name\":\"DEFAULT_GROUP@@cart-service\",\"clusters\":\"DEFAULT\",\"cacheMillis\":10000,\"hosts\":[{\"instanceId\":\"192.168.79.1#8082#DEFAULT#DEFAULT_GROUP@@cart-service\",\"ip\":\"192.168.79.1\",\"port\":8082,\"weight\":1.0,\"healthy\":true,\"enabled\":true,\"ephemeral\":true,\"clusterName\":\"DEFAULT\",\"serviceName\":\"DEFAULT_GROUP@@cart-service\",\"metadata\":{\"preserved.register.source\":\"SPRING_CLOUD\"},\"instanceHeartBeatInterval\":5000,\"instanceHeartBeatTimeOut\":15000,\"ipDeleteTimeout\":30000}],\"lastRefTime\":1740894966072,\"checksum\":\"\",\"allIPs\":false,\"reachProtectionThreshold\":false,\"valid\":true}","lastRefTime":7043214931713} from /192.168.200.129
13:56:06:006  INFO 18932 --- [main] c.a.c.n.refresh.NacosContextRefresher    : [Nacos Config] Listening config: dataId=cart-service, group=DEFAULT_GROUP
13:56:06:008  INFO 18932 --- [main] c.a.n.client.config.impl.ClientWorker    : [fixed-192.168.200.129_8848] [subscribe] cart-service.yaml+DEFAULT_GROUP
13:56:06:009  INFO 18932 --- [main] c.a.nacos.client.config.impl.CacheData   : [fixed-192.168.200.129_8848] [add-listener] ok, tenant=, dataId=cart-service.yaml, group=DEFAULT_GROUP, cnt=1
13:56:06:010  INFO 18932 --- [main] c.a.c.n.refresh.NacosContextRefresher    : [Nacos Config] Listening config: dataId=cart-service.yaml, group=DEFAULT_GROUP
13:56:06:010  INFO 18932 --- [main] c.a.n.client.config.impl.ClientWorker    : [fixed-192.168.200.129_8848] [subscribe] cart-service-local.yaml+DEFAULT_GROUP
13:56:06:010  INFO 18932 --- [main] c.a.nacos.client.config.impl.CacheData   : [fixed-192.168.200.129_8848] [add-listener] ok, tenant=, dataId=cart-service-local.yaml, group=DEFAULT_GROUP, cnt=1
13:56:06:010  INFO 18932 --- [main] c.a.c.n.refresh.NacosContextRefresher    : [Nacos Config] Listening config: dataId=cart-service-local.yaml, group=DEFAULT_GROUP
13:56:06:015  INFO 18932 --- [com.alibaba.nacos.naming.push.receiver] com.alibaba.nacos.client.naming          : new ips(1) service: DEFAULT_GROUP@@cart-service@@DEFAULT -> [{"instanceId":"192.168.79.1#8082#DEFAULT#DEFAULT_GROUP@@cart-service","ip":"192.168.79.1","port":8082,"weight":1.0,"healthy":true,"enabled":true,"ephemeral":true,"clusterName":"DEFAULT","serviceName":"DEFAULT_GROUP@@cart-service","metadata":{"preserved.register.source":"SPRING_CLOUD"},"ipDeleteTimeout":30000,"instanceHeartBeatInterval":5000,"instanceHeartBeatTimeOut":15000}]
13:56:06:021  INFO 18932 --- [com.alibaba.nacos.naming.push.receiver] com.alibaba.nacos.client.naming          : current ips:(1) service: DEFAULT_GROUP@@cart-service@@DEFAULT -> [{"instanceId":"192.168.79.1#8082#DEFAULT#DEFAULT_GROUP@@cart-service","ip":"192.168.79.1","port":8082,"weight":1.0,"healthy":true,"enabled":true,"ephemeral":true,"clusterName":"DEFAULT","serviceName":"DEFAULT_GROUP@@cart-service","metadata":{"preserved.register.source":"SPRING_CLOUD"},"ipDeleteTimeout":30000,"instanceHeartBeatInterval":5000,"instanceHeartBeatTimeOut":15000}]
13:56:12:595  INFO 18932 --- [http-nio-8082-exec-1] o.a.c.c.C.[Tomcat].[localhost].[/]       : Initializing Spring DispatcherServlet 'dispatcherServlet'
13:56:12:595  INFO 18932 --- [http-nio-8082-exec-1] o.s.web.servlet.DispatcherServlet        : Initializing Servlet 'dispatcherServlet'
13:56:12:596  INFO 18932 --- [http-nio-8082-exec-1] o.s.web.servlet.DispatcherServlet        : Completed initialization in 1 ms
13:56:12:805  INFO 18932 --- [http-nio-8082-exec-1] com.zaxxer.hikari.HikariDataSource       : HikariPool-1 - Starting...
13:56:13:034  INFO 18932 --- [http-nio-8082-exec-1] com.zaxxer.hikari.HikariDataSource       : HikariPool-1 - Start completed.
13:56:13:040 DEBUG 18932 --- [http-nio-8082-exec-1] c.h.cart.mapper.CartMapper.selectList    : ==>  Preparing: SELECT id,user_id,item_id,num,name,spec,price,image,create_time,update_time FROM cart WHERE (user_id = ?)
13:56:13:058 DEBUG 18932 --- [http-nio-8082-exec-1] c.h.cart.mapper.CartMapper.selectList    : ==> Parameters: 3(Long)
13:56:13:076 DEBUG 18932 --- [http-nio-8082-exec-1] c.h.cart.mapper.CartMapper.selectList    : <==      Total: 2
13:56:13:222  INFO 18932 --- [http-nio-8082-exec-1] com.alibaba.nacos.client.naming          : new ips(2) service: DEFAULT_GROUP@@item-service -> [{"instanceId":"192.168.79.1#8083#DEFAULT#DEFAULT_GROUP@@item-service","ip":"192.168.79.1","port":8083,"weight":1.0,"healthy":true,"enabled":true,"ephemeral":true,"clusterName":"DEFAULT","serviceName":"DEFAULT_GROUP@@item-service","metadata":{"preserved.register.source":"SPRING_CLOUD"},"ipDeleteTimeout":30000,"instanceHeartBeatInterval":5000,"instanceHeartBeatTimeOut":15000},{"instanceId":"192.168.79.1#8081#DEFAULT#DEFAULT_GROUP@@item-service","ip":"192.168.79.1","port":8081,"weight":1.0,"healthy":true,"enabled":true,"ephemeral":true,"clusterName":"DEFAULT","serviceName":"DEFAULT_GROUP@@item-service","metadata":{"preserved.register.source":"SPRING_CLOUD"},"ipDeleteTimeout":30000,"instanceHeartBeatInterval":5000,"instanceHeartBeatTimeOut":15000}]
13:56:13:223  INFO 18932 --- [http-nio-8082-exec-1] com.alibaba.nacos.client.naming          : current ips:(2) service: DEFAULT_GROUP@@item-service -> [{"instanceId":"192.168.79.1#8083#DEFAULT#DEFAULT_GROUP@@item-service","ip":"192.168.79.1","port":8083,"weight":1.0,"healthy":true,"enabled":true,"ephemeral":true,"clusterName":"DEFAULT","serviceName":"DEFAULT_GROUP@@item-service","metadata":{"preserved.register.source":"SPRING_CLOUD"},"ipDeleteTimeout":30000,"instanceHeartBeatInterval":5000,"instanceHeartBeatTimeOut":15000},{"instanceId":"192.168.79.1#8081#DEFAULT#DEFAULT_GROUP@@item-service","ip":"192.168.79.1","port":8081,"weight":1.0,"healthy":true,"enabled":true,"ephemeral":true,"clusterName":"DEFAULT","serviceName":"DEFAULT_GROUP@@item-service","metadata":{"preserved.register.source":"SPRING_CLOUD"},"ipDeleteTimeout":30000,"instanceHeartBeatInterval":5000,"instanceHeartBeatTimeOut":15000}]
13:56:13:311 ERROR 18932 --- [http-nio-8082-exec-1] o.a.c.c.C.[.[.[/].[dispatcherServlet]    : Servlet.service() for servlet [dispatcherServlet] in context with path [] threw exception [Request processing failed; nested exception is feign.FeignException$NotFound: [404 ] during [GET] to [http://item-service/items?ids=5706773&ids=100000011127] [ItemClient#queryItemByIds(Collection)]: [{"timestamp":"2025-03-02T05:56:13.289+00:00","status":404,"error":"Not Found","path":"/items"}]] with root cause

feign.FeignException$NotFound: [404 ] during [GET] to [http://item-service/items?ids=5706773&ids=100000011127] [ItemClient#queryItemByIds(Collection)]: [{"timestamp":"2025-03-02T05:56:13.289+00:00","status":404,"error":"Not Found","path":"/items"}]
	at feign.FeignException.clientErrorStatus(FeignException.java:219) ~[feign-core-11.8.jar:na]
	at feign.FeignException.errorStatus(FeignException.java:194) ~[feign-core-11.8.jar:na]
	at feign.FeignException.errorStatus(FeignException.java:185) ~[feign-core-11.8.jar:na]
	at feign.codec.ErrorDecoder$Default.decode(ErrorDecoder.java:92) ~[feign-core-11.8.jar:na]
	at feign.AsyncResponseHandler.handleResponse(AsyncResponseHandler.java:96) ~[feign-core-11.8.jar:na]
	at feign.SynchronousMethodHandler.executeAndDecode(SynchronousMethodHandler.java:138) ~[feign-core-11.8.jar:na]
	at feign.SynchronousMethodHandler.invoke(SynchronousMethodHandler.java:89) ~[feign-core-11.8.jar:na]
	at feign.ReflectiveFeign$FeignInvocationHandler.invoke(ReflectiveFeign.java:100) ~[feign-core-11.8.jar:na]
	at com.sun.proxy.$Proxy128.queryItemByIds(Unknown Source) ~[na:na]
	at com.hmall.cart.service.impl.CartServiceImpl.handleCartItems(CartServiceImpl.java:100) ~[classes/:na]
	at com.hmall.cart.service.impl.CartServiceImpl.queryMyCarts(CartServiceImpl.java:91) ~[classes/:na]
	at com.hmall.cart.service.impl.CartServiceImpl$$FastClassBySpringCGLIB$$7813828f.invoke(<generated>) ~[classes/:na]
	at org.springframework.cglib.proxy.MethodProxy.invoke(MethodProxy.java:218) ~[spring-core-5.3.27.jar:5.3.27]
	at org.springframework.aop.framework.CglibAopProxy.invokeMethod(CglibAopProxy.java:386) ~[spring-aop-5.3.27.jar:5.3.27]
	at org.springframework.aop.framework.CglibAopProxy.access$000(CglibAopProxy.java:85) ~[spring-aop-5.3.27.jar:5.3.27]
	at org.springframework.aop.framework.CglibAopProxy$DynamicAdvisedInterceptor.intercept(CglibAopProxy.java:704) ~[spring-aop-5.3.27.jar:5.3.27]
	at com.hmall.cart.service.impl.CartServiceImpl$$EnhancerBySpringCGLIB$$9820a23d.queryMyCarts(<generated>) ~[classes/:na]
	at com.hmall.cart.controller.CartController.queryMyCarts(CartController.java:46) ~[classes/:na]
	at java.base/jdk.internal.reflect.NativeMethodAccessorImpl.invoke0(Native Method) ~[na:na]
	at java.base/jdk.internal.reflect.NativeMethodAccessorImpl.invoke(NativeMethodAccessorImpl.java:62) ~[na:na]
	at java.base/jdk.internal.reflect.DelegatingMethodAccessorImpl.invoke(DelegatingMethodAccessorImpl.java:43) ~[na:na]
	at java.base/java.lang.reflect.Method.invoke(Method.java:566) ~[na:na]
	at org.springframework.web.method.support.InvocableHandlerMethod.doInvoke(InvocableHandlerMethod.java:205) ~[spring-web-5.3.27.jar:5.3.27]
	at org.springframework.web.method.support.InvocableHandlerMethod.invokeForRequest(InvocableHandlerMethod.java:150) ~[spring-web-5.3.27.jar:5.3.27]
	at org.springframework.web.servlet.mvc.method.annotation.ServletInvocableHandlerMethod.invokeAndHandle(ServletInvocableHandlerMethod.java:117) ~[spring-webmvc-5.3.27.jar:5.3.27]
	at org.springframework.web.servlet.mvc.method.annotation.RequestMappingHandlerAdapter.invokeHandlerMethod(RequestMappingHandlerAdapter.java:895) ~[spring-webmvc-5.3.27.jar:5.3.27]
	at org.springframework.web.servlet.mvc.method.annotation.RequestMappingHandlerAdapter.handleInternal(RequestMappingHandlerAdapter.java:808) ~[spring-webmvc-5.3.27.jar:5.3.27]
	at org.springframework.web.servlet.mvc.method.AbstractHandlerMethodAdapter.handle(AbstractHandlerMethodAdapter.java:87) ~[spring-webmvc-5.3.27.jar:5.3.27]
	at org.springframework.web.servlet.DispatcherServlet.doDispatch(DispatcherServlet.java:1072) ~[spring-webmvc-5.3.27.jar:5.3.27]
	at org.springframework.web.servlet.DispatcherServlet.doService(DispatcherServlet.java:965) ~[spring-webmvc-5.3.27.jar:5.3.27]
	at org.springframework.web.servlet.FrameworkServlet.processRequest(FrameworkServlet.java:1006) ~[spring-webmvc-5.3.27.jar:5.3.27]
	at org.springframework.web.servlet.FrameworkServlet.doGet(FrameworkServlet.java:898) ~[spring-webmvc-5.3.27.jar:5.3.27]
	at javax.servlet.http.HttpServlet.service(HttpServlet.java:529) ~[tomcat-embed-core-9.0.75.jar:4.0.FR]
	at org.springframework.web.servlet.FrameworkServlet.service(FrameworkServlet.java:883) ~[spring-webmvc-5.3.27.jar:5.3.27]
	at javax.servlet.http.HttpServlet.service(HttpServlet.java:623) ~[tomcat-embed-core-9.0.75.jar:4.0.FR]
	at org.apache.catalina.core.ApplicationFilterChain.internalDoFilter(ApplicationFilterChain.java:209) ~[tomcat-embed-core-9.0.75.jar:9.0.75]
	at org.apache.catalina.core.ApplicationFilterChain.doFilter(ApplicationFilterChain.java:153) ~[tomcat-embed-core-9.0.75.jar:9.0.75]
	at org.apache.tomcat.websocket.server.WsFilter.doFilter(WsFilter.java:51) ~[tomcat-embed-websocket-9.0.75.jar:9.0.75]
	at org.apache.catalina.core.ApplicationFilterChain.internalDoFilter(ApplicationFilterChain.java:178) ~[tomcat-embed-core-9.0.75.jar:9.0.75]
	at org.apache.catalina.core.ApplicationFilterChain.doFilter(ApplicationFilterChain.java:153) ~[tomcat-embed-core-9.0.75.jar:9.0.75]
	at org.springframework.web.filter.RequestContextFilter.doFilterInternal(RequestContextFilter.java:100) ~[spring-web-5.3.27.jar:5.3.27]
	at org.springframework.web.filter.OncePerRequestFilter.doFilter(OncePerRequestFilter.java:117) ~[spring-web-5.3.27.jar:5.3.27]
	at org.apache.catalina.core.ApplicationFilterChain.internalDoFilter(ApplicationFilterChain.java:178) ~[tomcat-embed-core-9.0.75.jar:9.0.75]
	at org.apache.catalina.core.ApplicationFilterChain.doFilter(ApplicationFilterChain.java:153) ~[tomcat-embed-core-9.0.75.jar:9.0.75]
	at org.springframework.web.filter.FormContentFilter.doFilterInternal(FormContentFilter.java:93) ~[spring-web-5.3.27.jar:5.3.27]
	at org.springframework.web.filter.OncePerRequestFilter.doFilter(OncePerRequestFilter.java:117) ~[spring-web-5.3.27.jar:5.3.27]
	at org.apache.catalina.core.ApplicationFilterChain.internalDoFilter(ApplicationFilterChain.java:178) ~[tomcat-embed-core-9.0.75.jar:9.0.75]
	at org.apache.catalina.core.ApplicationFilterChain.doFilter(ApplicationFilterChain.java:153) ~[tomcat-embed-core-9.0.75.jar:9.0.75]
	at org.springframework.web.filter.CharacterEncodingFilter.doFilterInternal(CharacterEncodingFilter.java:201) ~[spring-web-5.3.27.jar:5.3.27]
	at org.springframework.web.filter.OncePerRequestFilter.doFilter(OncePerRequestFilter.java:117) ~[spring-web-5.3.27.jar:5.3.27]
	at org.apache.catalina.core.ApplicationFilterChain.internalDoFilter(ApplicationFilterChain.java:178) ~[tomcat-embed-core-9.0.75.jar:9.0.75]
	at org.apache.catalina.core.ApplicationFilterChain.doFilter(ApplicationFilterChain.java:153) ~[tomcat-embed-core-9.0.75.jar:9.0.75]
	at org.apache.catalina.core.StandardWrapperValve.invoke(StandardWrapperValve.java:167) ~[tomcat-embed-core-9.0.75.jar:9.0.75]
	at org.apache.catalina.core.StandardContextValve.invoke(StandardContextValve.java:90) ~[tomcat-embed-core-9.0.75.jar:9.0.75]
	at org.apache.catalina.authenticator.AuthenticatorBase.invoke(AuthenticatorBase.java:481) ~[tomcat-embed-core-9.0.75.jar:9.0.75]
	at org.apache.catalina.core.StandardHostValve.invoke(StandardHostValve.java:130) ~[tomcat-embed-core-9.0.75.jar:9.0.75]
	at org.apache.catalina.valves.ErrorReportValve.invoke(ErrorReportValve.java:93) ~[tomcat-embed-core-9.0.75.jar:9.0.75]
	at org.apache.catalina.core.StandardEngineValve.invoke(StandardEngineValve.java:74) ~[tomcat-embed-core-9.0.75.jar:9.0.75]
	at org.apache.catalina.connector.CoyoteAdapter.service(CoyoteAdapter.java:343) ~[tomcat-embed-core-9.0.75.jar:9.0.75]
	at org.apache.coyote.http11.Http11Processor.service(Http11Processor.java:390) ~[tomcat-embed-core-9.0.75.jar:9.0.75]
	at org.apache.coyote.AbstractProcessorLight.process(AbstractProcessorLight.java:63) ~[tomcat-embed-core-9.0.75.jar:9.0.75]
	at org.apache.coyote.AbstractProtocol$ConnectionHandler.process(AbstractProtocol.java:926) ~[tomcat-embed-core-9.0.75.jar:9.0.75]
	at org.apache.tomcat.util.net.NioEndpoint$SocketProcessor.doRun(NioEndpoint.java:1791) ~[tomcat-embed-core-9.0.75.jar:9.0.75]
	at org.apache.tomcat.util.net.SocketProcessorBase.run(SocketProcessorBase.java:52) ~[tomcat-embed-core-9.0.75.jar:9.0.75]
	at org.apache.tomcat.util.threads.ThreadPoolExecutor.runWorker(ThreadPoolExecutor.java:1191) ~[tomcat-embed-core-9.0.75.jar:9.0.75]
	at org.apache.tomcat.util.threads.ThreadPoolExecutor$Worker.run(ThreadPoolExecutor.java:659) ~[tomcat-embed-core-9.0.75.jar:9.0.75]
	at org.apache.tomcat.util.threads.TaskThread$WrappingRunnable.run(TaskThread.java:61) ~[tomcat-embed-core-9.0.75.jar:9.0.75]
	at java.base/java.lang.Thread.run(Thread.java:829) ~[na:na]

13:56:13:778  INFO 18932 --- [com.alibaba.nacos.naming.push.receiver] com.alibaba.nacos.client.naming          : received push data: {"type":"dom","data":"{\"name\":\"DEFAULT_GROUP@@item-service\",\"clusters\":\"\",\"cacheMillis\":10000,\"hosts\":[{\"instanceId\":\"192.168.79.1#8083#DEFAULT#DEFAULT_GROUP@@item-service\",\"ip\":\"192.168.79.1\",\"port\":8083,\"weight\":1.0,\"healthy\":true,\"enabled\":true,\"ephemeral\":true,\"clusterName\":\"DEFAULT\",\"serviceName\":\"DEFAULT_GROUP@@item-service\",\"metadata\":{\"preserved.register.source\":\"SPRING_CLOUD\"},\"instanceHeartBeatInterval\":5000,\"instanceHeartBeatTimeOut\":15000,\"ipDeleteTimeout\":30000},{\"instanceId\":\"192.168.79.1#8081#DEFAULT#DEFAULT_GROUP@@item-service\",\"ip\":\"192.168.79.1\",\"port\":8081,\"weight\":1.0,\"healthy\":true,\"enabled\":true,\"ephemeral\":true,\"clusterName\":\"DEFAULT\",\"serviceName\":\"DEFAULT_GROUP@@item-service\",\"metadata\":{\"preserved.register.source\":\"SPRING_CLOUD\"},\"instanceHeartBeatInterval\":5000,\"instanceHeartBeatTimeOut\":15000,\"ipDeleteTimeout\":30000}],\"lastRefTime\":1740894973842,\"checksum\":\"\",\"allIPs\":false,\"reachProtectionThreshold\":false,\"valid\":true}","lastRefTime":7050985036003} from /192.168.200.129
13:58:37:601  WARN 18932 --- [Thread-1] c.a.n.common.http.HttpClientBeanHolder   : [HttpClientBeanHolder] Start destroying common HttpClient
13:58:37:601  WARN 18932 --- [Thread-12] c.a.nacos.common.notify.NotifyCenter     : [NotifyCenter] Start destroying Publisher
13:58:37:603  WARN 18932 --- [Thread-12] c.a.nacos.common.notify.NotifyCenter     : [NotifyCenter] Destruction of the end
13:58:37:603  WARN 18932 --- [Thread-1] c.a.n.common.http.HttpClientBeanHolder   : [HttpClientBeanHolder] Destruction of the end
13:58:37:851  INFO 18932 --- [SpringApplicationShutdownHook] c.a.c.n.registry.NacosServiceRegistry    : De-registering from Nacos Server now...
13:58:37:852  INFO 18932 --- [SpringApplicationShutdownHook] com.alibaba.nacos.client.naming          : [BEAT] removing beat: DEFAULT_GROUP@@cart-service:192.168.79.1:8082 from beat map.
13:58:37:852  INFO 18932 --- [SpringApplicationShutdownHook] com.alibaba.nacos.client.naming          : [DEREGISTER-SERVICE] public deregistering service DEFAULT_GROUP@@cart-service with instance: Instance{instanceId='null', ip='192.168.79.1', port=8082, weight=1.0, healthy=true, enabled=true, ephemeral=true, clusterName='DEFAULT', serviceName='null', metadata={}}
13:58:37:854  INFO 18932 --- [SpringApplicationShutdownHook] c.a.c.n.registry.NacosServiceRegistry    : De-registration finished.
13:58:37:854  INFO 18932 --- [SpringApplicationShutdownHook] com.alibaba.nacos.client.naming          : com.alibaba.nacos.client.naming.beat.BeatReactor do shutdown begin
13:58:38:362  INFO 18932 --- [com.alibaba.nacos.naming.push.receiver] com.alibaba.nacos.client.naming          : received push data: {"type":"dom","data":"{\"name\":\"DEFAULT_GROUP@@cart-service\",\"clusters\":\"DEFAULT\",\"cacheMillis\":10000,\"hosts\":[],\"lastRefTime\":1740895118429,\"checksum\":\"\",\"allIPs\":false,\"reachProtectionThreshold\":false,\"valid\":true}","lastRefTime":7195572267137} from /192.168.200.129
13:58:38:362  INFO 18932 --- [com.alibaba.nacos.naming.push.receiver] com.alibaba.nacos.client.naming          : removed ips(1) service: DEFAULT_GROUP@@cart-service@@DEFAULT -> [{"instanceId":"192.168.79.1#8082#DEFAULT#DEFAULT_GROUP@@cart-service","ip":"192.168.79.1","port":8082,"weight":1.0,"healthy":true,"enabled":true,"ephemeral":true,"clusterName":"DEFAULT","serviceName":"DEFAULT_GROUP@@cart-service","metadata":{"preserved.register.source":"SPRING_CLOUD"},"ipDeleteTimeout":30000,"instanceHeartBeatInterval":5000,"instanceHeartBeatTimeOut":15000}]
13:58:38:368  INFO 18932 --- [com.alibaba.nacos.naming.push.receiver] com.alibaba.nacos.client.naming          : current ips:(0) service: DEFAULT_GROUP@@cart-service@@DEFAULT -> []
13:58:40:633  INFO 18932 --- [SpringApplicationShutdownHook] com.alibaba.nacos.client.naming          : com.alibaba.nacos.client.naming.beat.BeatReactor do shutdown stop
13:58:40:633  INFO 18932 --- [SpringApplicationShutdownHook] com.alibaba.nacos.client.naming          : com.alibaba.nacos.client.naming.core.HostReactor do shutdown begin
13:58:43:636  INFO 18932 --- [SpringApplicationShutdownHook] com.alibaba.nacos.client.naming          : com.alibaba.nacos.client.naming.core.PushReceiver do shutdown begin
13:58:46:641  INFO 18932 --- [SpringApplicationShutdownHook] com.alibaba.nacos.client.naming          : com.alibaba.nacos.client.naming.core.PushReceiver do shutdown stop
13:58:46:641  INFO 18932 --- [SpringApplicationShutdownHook] com.alibaba.nacos.client.naming          : com.alibaba.nacos.client.naming.backups.FailoverReactor do shutdown begin
13:58:46:642  INFO 18932 --- [SpringApplicationShutdownHook] com.alibaba.nacos.client.naming          : com.alibaba.nacos.client.naming.backups.FailoverReactor do shutdown stop
13:58:46:642  INFO 18932 --- [SpringApplicationShutdownHook] com.alibaba.nacos.client.naming          : com.alibaba.nacos.client.naming.core.HostReactor do shutdown stop
13:58:46:642  INFO 18932 --- [SpringApplicationShutdownHook] com.alibaba.nacos.client.naming          : com.alibaba.nacos.client.naming.net.NamingProxy do shutdown begin
13:58:46:643  WARN 18932 --- [SpringApplicationShutdownHook] com.alibaba.nacos.client.naming          : [NamingHttpClientManager] Start destroying NacosRestTemplate
13:58:46:643  WARN 18932 --- [SpringApplicationShutdownHook] com.alibaba.nacos.client.naming          : [NamingHttpClientManager] Destruction of the end
13:58:46:643  INFO 18932 --- [SpringApplicationShutdownHook] c.a.n.client.identify.CredentialWatcher  : [null] CredentialWatcher is stopped
13:58:46:643  INFO 18932 --- [SpringApplicationShutdownHook] c.a.n.client.identify.CredentialService  : [null] CredentialService is freed
13:58:46:643  INFO 18932 --- [SpringApplicationShutdownHook] com.alibaba.nacos.client.naming          : com.alibaba.nacos.client.naming.net.NamingProxy do shutdown stop
13:58:46:647  INFO 18932 --- [SpringApplicationShutdownHook] com.zaxxer.hikari.HikariDataSource       : HikariPool-1 - Shutdown initiated...
13:58:46:660  INFO 18932 --- [SpringApplicationShutdownHook] com.zaxxer.hikari.HikariDataSource       : HikariPool-1 - Shutdown completed.
13:58:52:861  INFO 15568 --- [main] com.hmall.cart.CartApplication           : The following 1 profile is active: "local"
13:58:53:791  INFO 15568 --- [main] o.s.cloud.context.scope.GenericScope     : BeanFactory id=7d8590a9-9904-3b0f-896a-41dd89c11948
13:58:54:217  INFO 15568 --- [main] o.s.b.w.embedded.tomcat.TomcatWebServer  : Tomcat initialized with port(s): 8082 (http)
13:58:54:227  INFO 15568 --- [main] o.apache.catalina.core.StandardService   : Starting service [Tomcat]
13:58:54:227  INFO 15568 --- [main] org.apache.catalina.core.StandardEngine  : Starting Servlet engine: [Apache Tomcat/9.0.75]
13:58:54:430  INFO 15568 --- [main] o.a.c.c.C.[Tomcat].[localhost].[/]       : Initializing Spring embedded WebApplicationContext
13:58:54:430  INFO 15568 --- [main] w.s.c.ServletWebServerApplicationContext : Root WebApplicationContext: initialization completed in 1554 ms
13:58:54:691  INFO 15568 --- [main] o.s.c.openfeign.FeignClientFactoryBean   : For 'item-service' URL not provided. Will try picking an instance via load-balancing.
13:58:55:588  INFO 15568 --- [main] c.a.c.sentinel.SentinelWebMvcConfigurer  : [Sentinel Starter] register SentinelWebInterceptor with urlPatterns: [/**].
13:58:56:293  INFO 15568 --- [main] pertySourcedRequestMappingHandlerMapping : Mapped URL path [/v2/api-docs] onto method [springfox.documentation.swagger2.web.Swagger2ControllerWebMvc#getDocumentation(String, HttpServletRequest)]
13:58:57:088  INFO 15568 --- [main] com.alibaba.nacos.client.naming          : initializer namespace from System Property :null
13:58:57:089  INFO 15568 --- [main] com.alibaba.nacos.client.naming          : initializer namespace from System Environment :null
13:58:57:089  INFO 15568 --- [main] com.alibaba.nacos.client.naming          : initializer namespace from System Property :null
13:58:57:142  INFO 15568 --- [main] o.s.b.w.embedded.tomcat.TomcatWebServer  : Tomcat started on port(s): 8082 (http) with context path ''
13:58:57:145  INFO 15568 --- [main] com.alibaba.nacos.client.naming          : [BEAT] adding beat: BeatInfo{port=8082, ip='192.168.79.1', weight=1.0, serviceName='DEFAULT_GROUP@@cart-service', cluster='DEFAULT', metadata={preserved.register.source=SPRING_CLOUD}, scheduled=false, period=5000, stopped=false} to beat map.
13:58:57:146  INFO 15568 --- [main] com.alibaba.nacos.client.naming          : [REGISTER-SERVICE] public registering service DEFAULT_GROUP@@cart-service with instance: Instance{instanceId='null', ip='192.168.79.1', port=8082, weight=1.0, healthy=true, enabled=true, ephemeral=true, clusterName='DEFAULT', serviceName='null', metadata={preserved.register.source=SPRING_CLOUD}}
13:58:57:149  INFO 15568 --- [main] c.a.c.n.registry.NacosServiceRegistry    : nacos registry, DEFAULT_GROUP cart-service 192.168.79.1:8082 register finished
13:58:57:496  INFO 15568 --- [main] d.s.w.p.DocumentationPluginsBootstrapper : Documentation plugins bootstrapped
13:58:57:499  INFO 15568 --- [main] d.s.w.p.DocumentationPluginsBootstrapper : Found 1 custom documentation plugin(s)
13:58:57:518  INFO 15568 --- [main] s.d.s.w.s.ApiListingReferenceScanner     : Scanning for api listing references
13:58:57:602  INFO 15568 --- [main] com.hmall.cart.CartApplication           : Started CartApplication in 6.437 seconds (JVM running for 7.643)
13:58:57:606  INFO 15568 --- [main] c.a.n.client.config.impl.ClientWorker    : [fixed-192.168.200.129_8848] [subscribe] cart-service+DEFAULT_GROUP
13:58:57:607  INFO 15568 --- [main] c.a.nacos.client.config.impl.CacheData   : [fixed-192.168.200.129_8848] [add-listener] ok, tenant=, dataId=cart-service, group=DEFAULT_GROUP, cnt=1
13:58:57:607  INFO 15568 --- [main] c.a.c.n.refresh.NacosContextRefresher    : [Nacos Config] Listening config: dataId=cart-service, group=DEFAULT_GROUP
13:58:57:608  INFO 15568 --- [main] c.a.n.client.config.impl.ClientWorker    : [fixed-192.168.200.129_8848] [subscribe] cart-service.yaml+DEFAULT_GROUP
13:58:57:608  INFO 15568 --- [main] c.a.nacos.client.config.impl.CacheData   : [fixed-192.168.200.129_8848] [add-listener] ok, tenant=, dataId=cart-service.yaml, group=DEFAULT_GROUP, cnt=1
13:58:57:608  INFO 15568 --- [main] c.a.c.n.refresh.NacosContextRefresher    : [Nacos Config] Listening config: dataId=cart-service.yaml, group=DEFAULT_GROUP
13:58:57:609  INFO 15568 --- [main] c.a.n.client.config.impl.ClientWorker    : [fixed-192.168.200.129_8848] [subscribe] cart-service-local.yaml+DEFAULT_GROUP
13:58:57:609  INFO 15568 --- [main] c.a.nacos.client.config.impl.CacheData   : [fixed-192.168.200.129_8848] [add-listener] ok, tenant=, dataId=cart-service-local.yaml, group=DEFAULT_GROUP, cnt=1
13:58:57:610  INFO 15568 --- [main] c.a.c.n.refresh.NacosContextRefresher    : [Nacos Config] Listening config: dataId=cart-service-local.yaml, group=DEFAULT_GROUP
13:58:57:688  INFO 15568 --- [com.alibaba.nacos.naming.push.receiver] com.alibaba.nacos.client.naming          : received push data: {"type":"dom","data":"{\"name\":\"DEFAULT_GROUP@@cart-service\",\"clusters\":\"DEFAULT\",\"cacheMillis\":10000,\"hosts\":[{\"instanceId\":\"192.168.79.1#8082#DEFAULT#DEFAULT_GROUP@@cart-service\",\"ip\":\"192.168.79.1\",\"port\":8082,\"weight\":1.0,\"healthy\":true,\"enabled\":true,\"ephemeral\":true,\"clusterName\":\"DEFAULT\",\"serviceName\":\"DEFAULT_GROUP@@cart-service\",\"metadata\":{\"preserved.register.source\":\"SPRING_CLOUD\"},\"instanceHeartBeatInterval\":5000,\"instanceHeartBeatTimeOut\":15000,\"ipDeleteTimeout\":30000}],\"lastRefTime\":1740895137755,\"checksum\":\"\",\"allIPs\":false,\"reachProtectionThreshold\":false,\"valid\":true}","lastRefTime":7214898258096} from /192.168.200.129
13:58:57:695  INFO 15568 --- [com.alibaba.nacos.naming.push.receiver] com.alibaba.nacos.client.naming          : new ips(1) service: DEFAULT_GROUP@@cart-service@@DEFAULT -> [{"instanceId":"192.168.79.1#8082#DEFAULT#DEFAULT_GROUP@@cart-service","ip":"192.168.79.1","port":8082,"weight":1.0,"healthy":true,"enabled":true,"ephemeral":true,"clusterName":"DEFAULT","serviceName":"DEFAULT_GROUP@@cart-service","metadata":{"preserved.register.source":"SPRING_CLOUD"},"ipDeleteTimeout":30000,"instanceHeartBeatTimeOut":15000,"instanceHeartBeatInterval":5000}]
13:58:57:701  INFO 15568 --- [com.alibaba.nacos.naming.push.receiver] com.alibaba.nacos.client.naming          : current ips:(1) service: DEFAULT_GROUP@@cart-service@@DEFAULT -> [{"instanceId":"192.168.79.1#8082#DEFAULT#DEFAULT_GROUP@@cart-service","ip":"192.168.79.1","port":8082,"weight":1.0,"healthy":true,"enabled":true,"ephemeral":true,"clusterName":"DEFAULT","serviceName":"DEFAULT_GROUP@@cart-service","metadata":{"preserved.register.source":"SPRING_CLOUD"},"ipDeleteTimeout":30000,"instanceHeartBeatTimeOut":15000,"instanceHeartBeatInterval":5000}]
13:59:05:954  INFO 15568 --- [http-nio-8082-exec-1] o.a.c.c.C.[Tomcat].[localhost].[/]       : Initializing Spring DispatcherServlet 'dispatcherServlet'
13:59:05:955  INFO 15568 --- [http-nio-8082-exec-1] o.s.web.servlet.DispatcherServlet        : Initializing Servlet 'dispatcherServlet'
13:59:05:955  INFO 15568 --- [http-nio-8082-exec-1] o.s.web.servlet.DispatcherServlet        : Completed initialization in 0 ms
13:59:05:970  WARN 15568 --- [http-nio-8082-exec-1] .w.s.m.s.DefaultHandlerExceptionResolver : Resolved [org.springframework.web.HttpRequestMethodNotSupportedException: Request method 'GET' not supported]
13:59:32:300  INFO 15568 --- [http-nio-8082-exec-4] com.zaxxer.hikari.HikariDataSource       : HikariPool-1 - Starting...
13:59:32:535  INFO 15568 --- [http-nio-8082-exec-4] com.zaxxer.hikari.HikariDataSource       : HikariPool-1 - Start completed.
13:59:32:541 DEBUG 15568 --- [http-nio-8082-exec-4] c.h.cart.mapper.CartMapper.selectCount   : ==>  Preparing: SELECT COUNT( * ) AS total FROM cart WHERE (user_id = ? AND item_id = ?)
13:59:32:559 DEBUG 15568 --- [http-nio-8082-exec-4] c.h.cart.mapper.CartMapper.selectCount   : ==> Parameters: 3(Long), 100000004580(Long)
13:59:32:576 DEBUG 15568 --- [http-nio-8082-exec-4] c.h.cart.mapper.CartMapper.selectCount   : <==      Total: 1
13:59:32:581 DEBUG 15568 --- [http-nio-8082-exec-4] c.h.cart.mapper.CartMapper.selectCount   : ==>  Preparing: SELECT COUNT( * ) AS total FROM cart WHERE (user_id = ?)
13:59:32:582 DEBUG 15568 --- [http-nio-8082-exec-4] c.h.cart.mapper.CartMapper.selectCount   : ==> Parameters: 3(Long)
13:59:32:583 DEBUG 15568 --- [http-nio-8082-exec-4] c.h.cart.mapper.CartMapper.selectCount   : <==      Total: 1
13:59:32:617 DEBUG 15568 --- [http-nio-8082-exec-4] com.hmall.cart.mapper.CartMapper.insert  : ==>  Preparing: INSERT INTO cart ( user_id, item_id, name, spec, price, image ) VALUES ( ?, ?, ?, ?, ?, ? )
13:59:32:618 DEBUG 15568 --- [http-nio-8082-exec-4] com.hmall.cart.mapper.CartMapper.insert  : ==> Parameters: 3(Long), 100000004580(Long), 薇妮(viney)女士单肩包 时尚牛皮女包百搭斜挎包女士手提大包(经典黑)(String), {"颜色": "黑色"}(String), 87900(Integer), https://m.360buyimg.com/mobilecms/s720x720_jfs/t5590/64/5811657380/234462/5398e856/5965e173N34179777.jpg!q70.jpg.webp(String)
13:59:32:621 DEBUG 15568 --- [http-nio-8082-exec-4] com.hmall.cart.mapper.CartMapper.insert  : <==    Updates: 1
13:59:32:676  WARN 15568 --- [http-nio-8082-exec-6] .w.s.m.s.DefaultHandlerExceptionResolver : Resolved [org.springframework.web.HttpRequestMethodNotSupportedException: Request method 'GET' not supported]
14:01:30:956  WARN 15568 --- [Thread-1] c.a.n.common.http.HttpClientBeanHolder   : [HttpClientBeanHolder] Start destroying common HttpClient
14:01:30:957  WARN 15568 --- [Thread-12] c.a.nacos.common.notify.NotifyCenter     : [NotifyCenter] Start destroying Publisher
14:01:30:958  WARN 15568 --- [Thread-12] c.a.nacos.common.notify.NotifyCenter     : [NotifyCenter] Destruction of the end
14:01:30:960  WARN 15568 --- [Thread-1] c.a.n.common.http.HttpClientBeanHolder   : [HttpClientBeanHolder] Destruction of the end
14:01:31:382  INFO 15568 --- [SpringApplicationShutdownHook] c.a.c.n.registry.NacosServiceRegistry    : De-registering from Nacos Server now...
14:01:31:382  INFO 15568 --- [SpringApplicationShutdownHook] com.alibaba.nacos.client.naming          : [BEAT] removing beat: DEFAULT_GROUP@@cart-service:192.168.79.1:8082 from beat map.
14:01:31:382  INFO 15568 --- [SpringApplicationShutdownHook] com.alibaba.nacos.client.naming          : [DEREGISTER-SERVICE] public deregistering service DEFAULT_GROUP@@cart-service with instance: Instance{instanceId='null', ip='192.168.79.1', port=8082, weight=1.0, healthy=true, enabled=true, ephemeral=true, clusterName='DEFAULT', serviceName='null', metadata={}}
14:01:31:385  INFO 15568 --- [SpringApplicationShutdownHook] c.a.c.n.registry.NacosServiceRegistry    : De-registration finished.
14:01:31:385  INFO 15568 --- [SpringApplicationShutdownHook] com.alibaba.nacos.client.naming          : com.alibaba.nacos.client.naming.beat.BeatReactor do shutdown begin
14:01:31:984  INFO 15568 --- [com.alibaba.nacos.naming.push.receiver] com.alibaba.nacos.client.naming          : received push data: {"type":"dom","data":"{\"name\":\"DEFAULT_GROUP@@cart-service\",\"clusters\":\"DEFAULT\",\"cacheMillis\":10000,\"hosts\":[],\"lastRefTime\":1740895292052,\"checksum\":\"\",\"allIPs\":false,\"reachProtectionThreshold\":false,\"valid\":true}","lastRefTime":7369194798292} from /192.168.200.129
14:01:31:984  INFO 15568 --- [com.alibaba.nacos.naming.push.receiver] com.alibaba.nacos.client.naming          : removed ips(1) service: DEFAULT_GROUP@@cart-service@@DEFAULT -> [{"instanceId":"192.168.79.1#8082#DEFAULT#DEFAULT_GROUP@@cart-service","ip":"192.168.79.1","port":8082,"weight":1.0,"healthy":true,"enabled":true,"ephemeral":true,"clusterName":"DEFAULT","serviceName":"DEFAULT_GROUP@@cart-service","metadata":{"preserved.register.source":"SPRING_CLOUD"},"ipDeleteTimeout":30000,"instanceHeartBeatTimeOut":15000,"instanceHeartBeatInterval":5000}]
14:01:31:986  INFO 15568 --- [com.alibaba.nacos.naming.push.receiver] com.alibaba.nacos.client.naming          : current ips:(0) service: DEFAULT_GROUP@@cart-service@@DEFAULT -> []
14:01:32:277  INFO 15568 --- [SpringApplicationShutdownHook] com.alibaba.nacos.client.naming          : com.alibaba.nacos.client.naming.beat.BeatReactor do shutdown stop
14:01:32:277  INFO 15568 --- [SpringApplicationShutdownHook] com.alibaba.nacos.client.naming          : com.alibaba.nacos.client.naming.core.HostReactor do shutdown begin
14:01:35:284  INFO 15568 --- [SpringApplicationShutdownHook] com.alibaba.nacos.client.naming          : com.alibaba.nacos.client.naming.core.PushReceiver do shutdown begin
14:01:38:288  INFO 15568 --- [SpringApplicationShutdownHook] com.alibaba.nacos.client.naming          : com.alibaba.nacos.client.naming.core.PushReceiver do shutdown stop
14:01:38:288  INFO 15568 --- [SpringApplicationShutdownHook] com.alibaba.nacos.client.naming          : com.alibaba.nacos.client.naming.backups.FailoverReactor do shutdown begin
14:01:38:289  INFO 15568 --- [SpringApplicationShutdownHook] com.alibaba.nacos.client.naming          : com.alibaba.nacos.client.naming.backups.FailoverReactor do shutdown stop
14:01:38:289  INFO 15568 --- [SpringApplicationShutdownHook] com.alibaba.nacos.client.naming          : com.alibaba.nacos.client.naming.core.HostReactor do shutdown stop
14:01:38:289  INFO 15568 --- [SpringApplicationShutdownHook] com.alibaba.nacos.client.naming          : com.alibaba.nacos.client.naming.net.NamingProxy do shutdown begin
14:01:38:290  WARN 15568 --- [SpringApplicationShutdownHook] com.alibaba.nacos.client.naming          : [NamingHttpClientManager] Start destroying NacosRestTemplate
14:01:38:291  WARN 15568 --- [SpringApplicationShutdownHook] com.alibaba.nacos.client.naming          : [NamingHttpClientManager] Destruction of the end
14:01:38:291  INFO 15568 --- [SpringApplicationShutdownHook] c.a.n.client.identify.CredentialWatcher  : [null] CredentialWatcher is stopped
14:01:38:291  INFO 15568 --- [SpringApplicationShutdownHook] c.a.n.client.identify.CredentialService  : [null] CredentialService is freed
14:01:38:291  INFO 15568 --- [SpringApplicationShutdownHook] com.alibaba.nacos.client.naming          : com.alibaba.nacos.client.naming.net.NamingProxy do shutdown stop
14:01:38:295  INFO 15568 --- [SpringApplicationShutdownHook] com.zaxxer.hikari.HikariDataSource       : HikariPool-1 - Shutdown initiated...
14:01:38:313  INFO 15568 --- [SpringApplicationShutdownHook] com.zaxxer.hikari.HikariDataSource       : HikariPool-1 - Shutdown completed.
14:01:50:512  INFO 1316 --- [main] com.hmall.cart.CartApplication           : The following 1 profile is active: "local"
14:01:52:159  INFO 1316 --- [main] o.s.cloud.context.scope.GenericScope     : BeanFactory id=7d8590a9-9904-3b0f-896a-41dd89c11948
14:01:52:777  INFO 1316 --- [main] o.s.b.w.embedded.tomcat.TomcatWebServer  : Tomcat initialized with port(s): 8082 (http)
14:01:52:788  INFO 1316 --- [main] o.apache.catalina.core.StandardService   : Starting service [Tomcat]
14:01:52:788  INFO 1316 --- [main] org.apache.catalina.core.StandardEngine  : Starting Servlet engine: [Apache Tomcat/9.0.75]
14:01:53:077  INFO 1316 --- [main] o.a.c.c.C.[Tomcat].[localhost].[/]       : Initializing Spring embedded WebApplicationContext
14:01:53:078  INFO 1316 --- [main] w.s.c.ServletWebServerApplicationContext : Root WebApplicationContext: initialization completed in 2530 ms
14:01:53:568  INFO 1316 --- [main] o.s.c.openfeign.FeignClientFactoryBean   : For 'item-service' URL not provided. Will try picking an instance via load-balancing.
14:01:54:804  INFO 1316 --- [main] c.a.c.sentinel.SentinelWebMvcConfigurer  : [Sentinel Starter] register SentinelWebInterceptor with urlPatterns: [/**].
14:01:55:698  INFO 1316 --- [main] pertySourcedRequestMappingHandlerMapping : Mapped URL path [/v2/api-docs] onto method [springfox.documentation.swagger2.web.Swagger2ControllerWebMvc#getDocumentation(String, HttpServletRequest)]
14:01:56:624  INFO 1316 --- [main] com.alibaba.nacos.client.naming          : initializer namespace from System Property :null
14:01:56:625  INFO 1316 --- [main] com.alibaba.nacos.client.naming          : initializer namespace from System Environment :null
14:01:56:625  INFO 1316 --- [main] com.alibaba.nacos.client.naming          : initializer namespace from System Property :null
14:01:56:683  INFO 1316 --- [main] o.s.b.w.embedded.tomcat.TomcatWebServer  : Tomcat started on port(s): 8082 (http) with context path ''
14:01:56:686  INFO 1316 --- [main] com.alibaba.nacos.client.naming          : [BEAT] adding beat: BeatInfo{port=8082, ip='192.168.79.1', weight=1.0, serviceName='DEFAULT_GROUP@@cart-service', cluster='DEFAULT', metadata={preserved.register.source=SPRING_CLOUD}, scheduled=false, period=5000, stopped=false} to beat map.
14:01:56:687  INFO 1316 --- [main] com.alibaba.nacos.client.naming          : [REGISTER-SERVICE] public registering service DEFAULT_GROUP@@cart-service with instance: Instance{instanceId='null', ip='192.168.79.1', port=8082, weight=1.0, healthy=true, enabled=true, ephemeral=true, clusterName='DEFAULT', serviceName='null', metadata={preserved.register.source=SPRING_CLOUD}}
14:01:56:691  INFO 1316 --- [main] c.a.c.n.registry.NacosServiceRegistry    : nacos registry, DEFAULT_GROUP cart-service 192.168.79.1:8082 register finished
14:01:57:135  INFO 1316 --- [main] d.s.w.p.DocumentationPluginsBootstrapper : Documentation plugins bootstrapped
14:01:57:138  INFO 1316 --- [main] d.s.w.p.DocumentationPluginsBootstrapper : Found 1 custom documentation plugin(s)
14:01:57:161  INFO 1316 --- [main] s.d.s.w.s.ApiListingReferenceScanner     : Scanning for api listing references
14:01:57:192  INFO 1316 --- [com.alibaba.nacos.naming.push.receiver] com.alibaba.nacos.client.naming          : received push data: {"type":"dom","data":"{\"name\":\"DEFAULT_GROUP@@cart-service\",\"clusters\":\"DEFAULT\",\"cacheMillis\":10000,\"hosts\":[{\"instanceId\":\"192.168.79.1#8082#DEFAULT#DEFAULT_GROUP@@cart-service\",\"ip\":\"192.168.79.1\",\"port\":8082,\"weight\":1.0,\"healthy\":true,\"enabled\":true,\"ephemeral\":true,\"clusterName\":\"DEFAULT\",\"serviceName\":\"DEFAULT_GROUP@@cart-service\",\"metadata\":{\"preserved.register.source\":\"SPRING_CLOUD\"},\"instanceHeartBeatInterval\":5000,\"instanceHeartBeatTimeOut\":15000,\"ipDeleteTimeout\":30000}],\"lastRefTime\":1740895317259,\"checksum\":\"\",\"allIPs\":false,\"reachProtectionThreshold\":false,\"valid\":true}","lastRefTime":7394402231511} from /192.168.200.129
14:01:57:200  INFO 1316 --- [com.alibaba.nacos.naming.push.receiver] com.alibaba.nacos.client.naming          : new ips(1) service: DEFAULT_GROUP@@cart-service@@DEFAULT -> [{"instanceId":"192.168.79.1#8082#DEFAULT#DEFAULT_GROUP@@cart-service","ip":"192.168.79.1","port":8082,"weight":1.0,"healthy":true,"enabled":true,"ephemeral":true,"clusterName":"DEFAULT","serviceName":"DEFAULT_GROUP@@cart-service","metadata":{"preserved.register.source":"SPRING_CLOUD"},"instanceHeartBeatInterval":5000,"instanceHeartBeatTimeOut":15000,"ipDeleteTimeout":30000}]
14:01:57:204  INFO 1316 --- [com.alibaba.nacos.naming.push.receiver] com.alibaba.nacos.client.naming          : current ips:(1) service: DEFAULT_GROUP@@cart-service@@DEFAULT -> [{"instanceId":"192.168.79.1#8082#DEFAULT#DEFAULT_GROUP@@cart-service","ip":"192.168.79.1","port":8082,"weight":1.0,"healthy":true,"enabled":true,"ephemeral":true,"clusterName":"DEFAULT","serviceName":"DEFAULT_GROUP@@cart-service","metadata":{"preserved.register.source":"SPRING_CLOUD"},"instanceHeartBeatInterval":5000,"instanceHeartBeatTimeOut":15000,"ipDeleteTimeout":30000}]
14:01:57:259  INFO 1316 --- [main] com.hmall.cart.CartApplication           : Started CartApplication in 9.717 seconds (JVM running for 11.3)
14:01:57:264  INFO 1316 --- [main] c.a.n.client.config.impl.ClientWorker    : [fixed-192.168.200.129_8848] [subscribe] cart-service+DEFAULT_GROUP
14:01:57:266  INFO 1316 --- [main] c.a.nacos.client.config.impl.CacheData   : [fixed-192.168.200.129_8848] [add-listener] ok, tenant=, dataId=cart-service, group=DEFAULT_GROUP, cnt=1
14:01:57:266  INFO 1316 --- [main] c.a.c.n.refresh.NacosContextRefresher    : [Nacos Config] Listening config: dataId=cart-service, group=DEFAULT_GROUP
14:01:57:268  INFO 1316 --- [main] c.a.n.client.config.impl.ClientWorker    : [fixed-192.168.200.129_8848] [subscribe] cart-service.yaml+DEFAULT_GROUP
14:01:57:268  INFO 1316 --- [main] c.a.nacos.client.config.impl.CacheData   : [fixed-192.168.200.129_8848] [add-listener] ok, tenant=, dataId=cart-service.yaml, group=DEFAULT_GROUP, cnt=1
14:01:57:268  INFO 1316 --- [main] c.a.c.n.refresh.NacosContextRefresher    : [Nacos Config] Listening config: dataId=cart-service.yaml, group=DEFAULT_GROUP
14:01:57:269  INFO 1316 --- [main] c.a.n.client.config.impl.ClientWorker    : [fixed-192.168.200.129_8848] [subscribe] cart-service-local.yaml+DEFAULT_GROUP
14:01:57:269  INFO 1316 --- [main] c.a.nacos.client.config.impl.CacheData   : [fixed-192.168.200.129_8848] [add-listener] ok, tenant=, dataId=cart-service-local.yaml, group=DEFAULT_GROUP, cnt=1
14:01:57:269  INFO 1316 --- [main] c.a.c.n.refresh.NacosContextRefresher    : [Nacos Config] Listening config: dataId=cart-service-local.yaml, group=DEFAULT_GROUP
14:02:27:374  INFO 1316 --- [http-nio-8082-exec-1] o.a.c.c.C.[Tomcat].[localhost].[/]       : Initializing Spring DispatcherServlet 'dispatcherServlet'
14:02:27:374  INFO 1316 --- [http-nio-8082-exec-1] o.s.web.servlet.DispatcherServlet        : Initializing Servlet 'dispatcherServlet'
14:02:27:376  INFO 1316 --- [http-nio-8082-exec-1] o.s.web.servlet.DispatcherServlet        : Completed initialization in 2 ms
14:02:27:633  INFO 1316 --- [http-nio-8082-exec-1] com.zaxxer.hikari.HikariDataSource       : HikariPool-1 - Starting...
14:02:27:816  INFO 1316 --- [http-nio-8082-exec-1] com.zaxxer.hikari.HikariDataSource       : HikariPool-1 - Start completed.
14:02:27:822 DEBUG 1316 --- [http-nio-8082-exec-1] c.h.cart.mapper.CartMapper.selectList    : ==>  Preparing: SELECT id,user_id,item_id,num,name,spec,price,image,create_time,update_time FROM cart WHERE (user_id = ?)
14:02:27:843 DEBUG 1316 --- [http-nio-8082-exec-1] c.h.cart.mapper.CartMapper.selectList    : ==> Parameters: 3(Long)
14:02:27:865 DEBUG 1316 --- [http-nio-8082-exec-1] c.h.cart.mapper.CartMapper.selectList    : <==      Total: 3
14:02:28:033  INFO 1316 --- [http-nio-8082-exec-1] com.alibaba.nacos.client.naming          : new ips(2) service: DEFAULT_GROUP@@item-service -> [{"instanceId":"192.168.79.1#8083#DEFAULT#DEFAULT_GROUP@@item-service","ip":"192.168.79.1","port":8083,"weight":1.0,"healthy":true,"enabled":true,"ephemeral":true,"clusterName":"DEFAULT","serviceName":"DEFAULT_GROUP@@item-service","metadata":{"preserved.register.source":"SPRING_CLOUD"},"instanceHeartBeatInterval":5000,"instanceHeartBeatTimeOut":15000,"ipDeleteTimeout":30000},{"instanceId":"192.168.79.1#8081#DEFAULT#DEFAULT_GROUP@@item-service","ip":"192.168.79.1","port":8081,"weight":1.0,"healthy":true,"enabled":true,"ephemeral":true,"clusterName":"DEFAULT","serviceName":"DEFAULT_GROUP@@item-service","metadata":{"preserved.register.source":"SPRING_CLOUD"},"instanceHeartBeatInterval":5000,"instanceHeartBeatTimeOut":15000,"ipDeleteTimeout":30000}]
14:02:28:034  INFO 1316 --- [http-nio-8082-exec-1] com.alibaba.nacos.client.naming          : current ips:(2) service: DEFAULT_GROUP@@item-service -> [{"instanceId":"192.168.79.1#8083#DEFAULT#DEFAULT_GROUP@@item-service","ip":"192.168.79.1","port":8083,"weight":1.0,"healthy":true,"enabled":true,"ephemeral":true,"clusterName":"DEFAULT","serviceName":"DEFAULT_GROUP@@item-service","metadata":{"preserved.register.source":"SPRING_CLOUD"},"instanceHeartBeatInterval":5000,"instanceHeartBeatTimeOut":15000,"ipDeleteTimeout":30000},{"instanceId":"192.168.79.1#8081#DEFAULT#DEFAULT_GROUP@@item-service","ip":"192.168.79.1","port":8081,"weight":1.0,"healthy":true,"enabled":true,"ephemeral":true,"clusterName":"DEFAULT","serviceName":"DEFAULT_GROUP@@item-service","metadata":{"preserved.register.source":"SPRING_CLOUD"},"instanceHeartBeatInterval":5000,"instanceHeartBeatTimeOut":15000,"ipDeleteTimeout":30000}]
14:02:28:633  INFO 1316 --- [com.alibaba.nacos.naming.push.receiver] com.alibaba.nacos.client.naming          : received push data: {"type":"dom","data":"{\"name\":\"DEFAULT_GROUP@@item-service\",\"clusters\":\"\",\"cacheMillis\":10000,\"hosts\":[{\"instanceId\":\"192.168.79.1#8083#DEFAULT#DEFAULT_GROUP@@item-service\",\"ip\":\"192.168.79.1\",\"port\":8083,\"weight\":1.0,\"healthy\":true,\"enabled\":true,\"ephemeral\":true,\"clusterName\":\"DEFAULT\",\"serviceName\":\"DEFAULT_GROUP@@item-service\",\"metadata\":{\"preserved.register.source\":\"SPRING_CLOUD\"},\"instanceHeartBeatInterval\":5000,\"instanceHeartBeatTimeOut\":15000,\"ipDeleteTimeout\":30000},{\"instanceId\":\"192.168.79.1#8081#DEFAULT#DEFAULT_GROUP@@item-service\",\"ip\":\"192.168.79.1\",\"port\":8081,\"weight\":1.0,\"healthy\":true,\"enabled\":true,\"ephemeral\":true,\"clusterName\":\"DEFAULT\",\"serviceName\":\"DEFAULT_GROUP@@item-service\",\"metadata\":{\"preserved.register.source\":\"SPRING_CLOUD\"},\"instanceHeartBeatInterval\":5000,\"instanceHeartBeatTimeOut\":15000,\"ipDeleteTimeout\":30000}],\"lastRefTime\":1740895348701,\"checksum\":\"\",\"allIPs\":false,\"reachProtectionThreshold\":false,\"valid\":true}","lastRefTime":7425843700687} from /192.168.200.129
14:02:31:084 DEBUG 1316 --- [http-nio-8082-exec-2] c.h.cart.mapper.CartMapper.selectCount   : ==>  Preparing: SELECT COUNT( * ) AS total FROM cart WHERE (user_id = ? AND item_id = ?)
14:02:31:084 DEBUG 1316 --- [http-nio-8082-exec-2] c.h.cart.mapper.CartMapper.selectCount   : ==> Parameters: 3(Long), 5706773(Long)
14:02:31:086 DEBUG 1316 --- [http-nio-8082-exec-2] c.h.cart.mapper.CartMapper.selectCount   : <==      Total: 1
14:02:31:087 DEBUG 1316 --- [http-nio-8082-exec-2] c.h.cart.mapper.CartMapper.updateNum     : ==>  Preparing: UPDATE cart SET num = num + 1 WHERE user_id = ? AND item_id = ?
14:02:31:087 DEBUG 1316 --- [http-nio-8082-exec-2] c.h.cart.mapper.CartMapper.updateNum     : ==> Parameters: 3(Long), 5706773(Long)
14:02:31:103 DEBUG 1316 --- [http-nio-8082-exec-2] c.h.cart.mapper.CartMapper.updateNum     : <==    Updates: 1
14:02:31:152 DEBUG 1316 --- [http-nio-8082-exec-3] c.h.cart.mapper.CartMapper.selectList    : ==>  Preparing: SELECT id,user_id,item_id,num,name,spec,price,image,create_time,update_time FROM cart WHERE (user_id = ?)
14:02:31:153 DEBUG 1316 --- [http-nio-8082-exec-3] c.h.cart.mapper.CartMapper.selectList    : ==> Parameters: 3(Long)
14:02:31:155 DEBUG 1316 --- [http-nio-8082-exec-3] c.h.cart.mapper.CartMapper.selectList    : <==      Total: 3
14:05:31:003  WARN 1316 --- [Thread-1] c.a.n.common.http.HttpClientBeanHolder   : [HttpClientBeanHolder] Start destroying common HttpClient
14:05:31:004  WARN 1316 --- [Thread-12] c.a.nacos.common.notify.NotifyCenter     : [NotifyCenter] Start destroying Publisher
14:05:31:005  WARN 1316 --- [Thread-12] c.a.nacos.common.notify.NotifyCenter     : [NotifyCenter] Destruction of the end
14:05:31:006  WARN 1316 --- [Thread-1] c.a.n.common.http.HttpClientBeanHolder   : [HttpClientBeanHolder] Destruction of the end
14:05:31:512  INFO 1316 --- [SpringApplicationShutdownHook] c.a.c.n.registry.NacosServiceRegistry    : De-registering from Nacos Server now...
14:05:31:512  INFO 1316 --- [SpringApplicationShutdownHook] com.alibaba.nacos.client.naming          : [BEAT] removing beat: DEFAULT_GROUP@@cart-service:192.168.79.1:8082 from beat map.
14:05:31:512  INFO 1316 --- [SpringApplicationShutdownHook] com.alibaba.nacos.client.naming          : [DEREGISTER-SERVICE] public deregistering service DEFAULT_GROUP@@cart-service with instance: Instance{instanceId='null', ip='192.168.79.1', port=8082, weight=1.0, healthy=true, enabled=true, ephemeral=true, clusterName='DEFAULT', serviceName='null', metadata={}}
14:05:31:515  INFO 1316 --- [SpringApplicationShutdownHook] c.a.c.n.registry.NacosServiceRegistry    : De-registration finished.
14:05:31:516  INFO 1316 --- [SpringApplicationShutdownHook] com.alibaba.nacos.client.naming          : com.alibaba.nacos.client.naming.beat.BeatReactor do shutdown begin
14:05:31:866  INFO 1316 --- [SpringApplicationShutdownHook] com.alibaba.nacos.client.naming          : com.alibaba.nacos.client.naming.beat.BeatReactor do shutdown stop
14:05:31:867  INFO 1316 --- [SpringApplicationShutdownHook] com.alibaba.nacos.client.naming          : com.alibaba.nacos.client.naming.core.HostReactor do shutdown begin
14:05:32:070  INFO 1316 --- [com.alibaba.nacos.naming.push.receiver] com.alibaba.nacos.client.naming          : received push data: {"type":"dom","data":"{\"name\":\"DEFAULT_GROUP@@cart-service\",\"clusters\":\"DEFAULT\",\"cacheMillis\":10000,\"hosts\":[],\"lastRefTime\":1740895532140,\"checksum\":\"\",\"allIPs\":false,\"reachProtectionThreshold\":false,\"valid\":true}","lastRefTime":7609283394042} from /192.168.200.129
14:05:32:070  INFO 1316 --- [com.alibaba.nacos.naming.push.receiver] com.alibaba.nacos.client.naming          : removed ips(1) service: DEFAULT_GROUP@@cart-service@@DEFAULT -> [{"instanceId":"192.168.79.1#8082#DEFAULT#DEFAULT_GROUP@@cart-service","ip":"192.168.79.1","port":8082,"weight":1.0,"healthy":true,"enabled":true,"ephemeral":true,"clusterName":"DEFAULT","serviceName":"DEFAULT_GROUP@@cart-service","metadata":{"preserved.register.source":"SPRING_CLOUD"},"instanceHeartBeatInterval":5000,"instanceHeartBeatTimeOut":15000,"ipDeleteTimeout":30000}]
14:05:32:072  INFO 1316 --- [com.alibaba.nacos.naming.push.receiver] com.alibaba.nacos.client.naming          : current ips:(0) service: DEFAULT_GROUP@@cart-service@@DEFAULT -> []
14:05:32:072  INFO 1316 --- [com.alibaba.nacos.naming.push.receiver] com.alibaba.nacos.client.naming          : received push data: {"type":"dom","data":"{\"name\":\"DEFAULT_GROUP@@item-service\",\"clusters\":\"\",\"cacheMillis\":10000,\"hosts\":[],\"lastRefTime\":1740895532142,\"checksum\":\"\",\"allIPs\":false,\"reachProtectionThreshold\":false,\"valid\":true}","lastRefTime":7609284320620} from /192.168.200.129
14:05:32:073  INFO 1316 --- [com.alibaba.nacos.naming.push.receiver] com.alibaba.nacos.client.naming          : removed ips(2) service: DEFAULT_GROUP@@item-service -> [{"instanceId":"192.168.79.1#8083#DEFAULT#DEFAULT_GROUP@@item-service","ip":"192.168.79.1","port":8083,"weight":1.0,"healthy":true,"enabled":true,"ephemeral":true,"clusterName":"DEFAULT","serviceName":"DEFAULT_GROUP@@item-service","metadata":{"preserved.register.source":"SPRING_CLOUD"},"instanceHeartBeatInterval":5000,"instanceHeartBeatTimeOut":15000,"ipDeleteTimeout":30000},{"instanceId":"192.168.79.1#8081#DEFAULT#DEFAULT_GROUP@@item-service","ip":"192.168.79.1","port":8081,"weight":1.0,"healthy":true,"enabled":true,"ephemeral":true,"clusterName":"DEFAULT","serviceName":"DEFAULT_GROUP@@item-service","metadata":{"preserved.register.source":"SPRING_CLOUD"},"instanceHeartBeatInterval":5000,"instanceHeartBeatTimeOut":15000,"ipDeleteTimeout":30000}]
14:05:32:074  INFO 1316 --- [com.alibaba.nacos.naming.push.receiver] com.alibaba.nacos.client.naming          : current ips:(0) service: DEFAULT_GROUP@@item-service -> []
14:05:34:868  INFO 1316 --- [SpringApplicationShutdownHook] com.alibaba.nacos.client.naming          : com.alibaba.nacos.client.naming.core.PushReceiver do shutdown begin
14:05:37:871  INFO 1316 --- [SpringApplicationShutdownHook] com.alibaba.nacos.client.naming          : com.alibaba.nacos.client.naming.core.PushReceiver do shutdown stop
14:05:37:872  INFO 1316 --- [SpringApplicationShutdownHook] com.alibaba.nacos.client.naming          : com.alibaba.nacos.client.naming.backups.FailoverReactor do shutdown begin
14:05:37:872  INFO 1316 --- [SpringApplicationShutdownHook] com.alibaba.nacos.client.naming          : com.alibaba.nacos.client.naming.backups.FailoverReactor do shutdown stop
14:05:37:872  INFO 1316 --- [SpringApplicationShutdownHook] com.alibaba.nacos.client.naming          : com.alibaba.nacos.client.naming.core.HostReactor do shutdown stop
14:05:37:872  INFO 1316 --- [SpringApplicationShutdownHook] com.alibaba.nacos.client.naming          : com.alibaba.nacos.client.naming.net.NamingProxy do shutdown begin
14:05:37:872  WARN 1316 --- [SpringApplicationShutdownHook] com.alibaba.nacos.client.naming          : [NamingHttpClientManager] Start destroying NacosRestTemplate
14:05:37:873  WARN 1316 --- [SpringApplicationShutdownHook] com.alibaba.nacos.client.naming          : [NamingHttpClientManager] Destruction of the end
14:05:37:873  INFO 1316 --- [SpringApplicationShutdownHook] c.a.n.client.identify.CredentialWatcher  : [null] CredentialWatcher is stopped
14:05:37:873  INFO 1316 --- [SpringApplicationShutdownHook] c.a.n.client.identify.CredentialService  : [null] CredentialService is freed
14:05:37:873  INFO 1316 --- [SpringApplicationShutdownHook] com.alibaba.nacos.client.naming          : com.alibaba.nacos.client.naming.net.NamingProxy do shutdown stop
14:05:37:876  INFO 1316 --- [SpringApplicationShutdownHook] com.zaxxer.hikari.HikariDataSource       : HikariPool-1 - Shutdown initiated...
14:05:37:889  INFO 1316 --- [SpringApplicationShutdownHook] com.zaxxer.hikari.HikariDataSource       : HikariPool-1 - Shutdown completed.
14:05:46:599  INFO 11048 --- [main] com.hmall.cart.CartApplication           : The following 1 profile is active: "local"
14:05:48:347  INFO 11048 --- [main] o.s.cloud.context.scope.GenericScope     : BeanFactory id=7d8590a9-9904-3b0f-896a-41dd89c11948
14:05:49:094  INFO 11048 --- [main] o.s.b.w.embedded.tomcat.TomcatWebServer  : Tomcat initialized with port(s): 8082 (http)
14:05:49:110  INFO 11048 --- [main] o.apache.catalina.core.StandardService   : Starting service [Tomcat]
14:05:49:110  INFO 11048 --- [main] org.apache.catalina.core.StandardEngine  : Starting Servlet engine: [Apache Tomcat/9.0.75]
14:05:49:479  INFO 11048 --- [main] o.a.c.c.C.[Tomcat].[localhost].[/]       : Initializing Spring embedded WebApplicationContext
14:05:49:480  INFO 11048 --- [main] w.s.c.ServletWebServerApplicationContext : Root WebApplicationContext: initialization completed in 2858 ms
14:05:49:964  INFO 11048 --- [main] o.s.c.openfeign.FeignClientFactoryBean   : For 'item-service' URL not provided. Will try picking an instance via load-balancing.
14:05:51:465  INFO 11048 --- [main] c.a.c.sentinel.SentinelWebMvcConfigurer  : [Sentinel Starter] register SentinelWebInterceptor with urlPatterns: [/**].
14:05:52:647  INFO 11048 --- [main] pertySourcedRequestMappingHandlerMapping : Mapped URL path [/v2/api-docs] onto method [springfox.documentation.swagger2.web.Swagger2ControllerWebMvc#getDocumentation(String, HttpServletRequest)]
14:05:53:879  INFO 11048 --- [main] com.alibaba.nacos.client.naming          : initializer namespace from System Property :null
14:05:53:880  INFO 11048 --- [main] com.alibaba.nacos.client.naming          : initializer namespace from System Environment :null
14:05:53:881  INFO 11048 --- [main] com.alibaba.nacos.client.naming          : initializer namespace from System Property :null
14:05:53:957  INFO 11048 --- [main] o.s.b.w.embedded.tomcat.TomcatWebServer  : Tomcat started on port(s): 8082 (http) with context path ''
14:05:53:960  INFO 11048 --- [main] com.alibaba.nacos.client.naming          : [BEAT] adding beat: BeatInfo{port=8082, ip='192.168.79.1', weight=1.0, serviceName='DEFAULT_GROUP@@cart-service', cluster='DEFAULT', metadata={preserved.register.source=SPRING_CLOUD}, scheduled=false, period=5000, stopped=false} to beat map.
14:05:53:961  INFO 11048 --- [main] com.alibaba.nacos.client.naming          : [REGISTER-SERVICE] public registering service DEFAULT_GROUP@@cart-service with instance: Instance{instanceId='null', ip='192.168.79.1', port=8082, weight=1.0, healthy=true, enabled=true, ephemeral=true, clusterName='DEFAULT', serviceName='null', metadata={preserved.register.source=SPRING_CLOUD}}
14:05:53:964  INFO 11048 --- [main] c.a.c.n.registry.NacosServiceRegistry    : nacos registry, DEFAULT_GROUP cart-service 192.168.79.1:8082 register finished
14:05:54:506  INFO 11048 --- [main] d.s.w.p.DocumentationPluginsBootstrapper : Documentation plugins bootstrapped
14:05:54:510  INFO 11048 --- [main] d.s.w.p.DocumentationPluginsBootstrapper : Found 1 custom documentation plugin(s)
14:05:54:526  INFO 11048 --- [com.alibaba.nacos.naming.push.receiver] com.alibaba.nacos.client.naming          : received push data: {"type":"dom","data":"{\"name\":\"DEFAULT_GROUP@@cart-service\",\"clusters\":\"DEFAULT\",\"cacheMillis\":10000,\"hosts\":[{\"instanceId\":\"192.168.79.1#8082#DEFAULT#DEFAULT_GROUP@@cart-service\",\"ip\":\"192.168.79.1\",\"port\":8082,\"weight\":1.0,\"healthy\":true,\"enabled\":true,\"ephemeral\":true,\"clusterName\":\"DEFAULT\",\"serviceName\":\"DEFAULT_GROUP@@cart-service\",\"metadata\":{\"preserved.register.source\":\"SPRING_CLOUD\"},\"instanceHeartBeatInterval\":5000,\"instanceHeartBeatTimeOut\":15000,\"ipDeleteTimeout\":30000}],\"lastRefTime\":1740895554597,\"checksum\":\"\",\"allIPs\":false,\"reachProtectionThreshold\":false,\"valid\":true}","lastRefTime":7631739840378} from /192.168.200.129
14:05:54:534  INFO 11048 --- [com.alibaba.nacos.naming.push.receiver] com.alibaba.nacos.client.naming          : new ips(1) service: DEFAULT_GROUP@@cart-service@@DEFAULT -> [{"instanceId":"192.168.79.1#8082#DEFAULT#DEFAULT_GROUP@@cart-service","ip":"192.168.79.1","port":8082,"weight":1.0,"healthy":true,"enabled":true,"ephemeral":true,"clusterName":"DEFAULT","serviceName":"DEFAULT_GROUP@@cart-service","metadata":{"preserved.register.source":"SPRING_CLOUD"},"ipDeleteTimeout":30000,"instanceHeartBeatInterval":5000,"instanceHeartBeatTimeOut":15000}]
14:05:54:538  INFO 11048 --- [main] s.d.s.w.s.ApiListingReferenceScanner     : Scanning for api listing references
14:05:54:539  INFO 11048 --- [com.alibaba.nacos.naming.push.receiver] com.alibaba.nacos.client.naming          : current ips:(1) service: DEFAULT_GROUP@@cart-service@@DEFAULT -> [{"instanceId":"192.168.79.1#8082#DEFAULT#DEFAULT_GROUP@@cart-service","ip":"192.168.79.1","port":8082,"weight":1.0,"healthy":true,"enabled":true,"ephemeral":true,"clusterName":"DEFAULT","serviceName":"DEFAULT_GROUP@@cart-service","metadata":{"preserved.register.source":"SPRING_CLOUD"},"ipDeleteTimeout":30000,"instanceHeartBeatInterval":5000,"instanceHeartBeatTimeOut":15000}]
14:05:54:643  INFO 11048 --- [main] com.hmall.cart.CartApplication           : Started CartApplication in 11.013 seconds (JVM running for 12.701)
14:05:54:649  INFO 11048 --- [main] c.a.n.client.config.impl.ClientWorker    : [fixed-192.168.200.129_8848] [subscribe] cart-service+DEFAULT_GROUP
14:05:54:651  INFO 11048 --- [main] c.a.nacos.client.config.impl.CacheData   : [fixed-192.168.200.129_8848] [add-listener] ok, tenant=, dataId=cart-service, group=DEFAULT_GROUP, cnt=1
14:05:54:651  INFO 11048 --- [main] c.a.c.n.refresh.NacosContextRefresher    : [Nacos Config] Listening config: dataId=cart-service, group=DEFAULT_GROUP
14:05:54:652  INFO 11048 --- [main] c.a.n.client.config.impl.ClientWorker    : [fixed-192.168.200.129_8848] [subscribe] cart-service.yaml+DEFAULT_GROUP
14:05:54:653  INFO 11048 --- [main] c.a.nacos.client.config.impl.CacheData   : [fixed-192.168.200.129_8848] [add-listener] ok, tenant=, dataId=cart-service.yaml, group=DEFAULT_GROUP, cnt=1
14:05:54:653  INFO 11048 --- [main] c.a.c.n.refresh.NacosContextRefresher    : [Nacos Config] Listening config: dataId=cart-service.yaml, group=DEFAULT_GROUP
14:05:54:653  INFO 11048 --- [main] c.a.n.client.config.impl.ClientWorker    : [fixed-192.168.200.129_8848] [subscribe] cart-service-local.yaml+DEFAULT_GROUP
14:05:54:654  INFO 11048 --- [main] c.a.nacos.client.config.impl.CacheData   : [fixed-192.168.200.129_8848] [add-listener] ok, tenant=, dataId=cart-service-local.yaml, group=DEFAULT_GROUP, cnt=1
14:05:54:654  INFO 11048 --- [main] c.a.c.n.refresh.NacosContextRefresher    : [Nacos Config] Listening config: dataId=cart-service-local.yaml, group=DEFAULT_GROUP
14:07:30:698  INFO 11048 --- [http-nio-8082-exec-1] o.a.c.c.C.[Tomcat].[localhost].[/]       : Initializing Spring DispatcherServlet 'dispatcherServlet'
14:07:30:698  INFO 11048 --- [http-nio-8082-exec-1] o.s.web.servlet.DispatcherServlet        : Initializing Servlet 'dispatcherServlet'
14:07:30:699  INFO 11048 --- [http-nio-8082-exec-1] o.s.web.servlet.DispatcherServlet        : Completed initialization in 1 ms
14:07:30:860  INFO 11048 --- [http-nio-8082-exec-1] com.zaxxer.hikari.HikariDataSource       : HikariPool-1 - Starting...
14:07:31:047  INFO 11048 --- [http-nio-8082-exec-1] com.zaxxer.hikari.HikariDataSource       : HikariPool-1 - Start completed.
14:07:31:133 DEBUG 11048 --- [http-nio-8082-exec-1] com.hmall.cart.mapper.CartMapper.delete  : ==>  Preparing: DELETE FROM cart WHERE (user_id = ? AND item_id IN (?,?,?))
14:07:31:160 DEBUG 11048 --- [http-nio-8082-exec-1] com.hmall.cart.mapper.CartMapper.delete  : ==> Parameters: 3(Long), 5706773(Long), 100000004580(Long), 100000011127(Long)
14:07:31:164 DEBUG 11048 --- [http-nio-8082-exec-1] com.hmall.cart.mapper.CartMapper.delete  : <==    Updates: 3
14:07:55:640 DEBUG 11048 --- [http-nio-8082-exec-2] c.h.cart.mapper.CartMapper.selectList    : ==>  Preparing: SELECT id,user_id,item_id,num,name,spec,price,image,create_time,update_time FROM cart WHERE (user_id = ?)
14:07:55:640 DEBUG 11048 --- [http-nio-8082-exec-2] c.h.cart.mapper.CartMapper.selectList    : ==> Parameters: 3(Long)
14:07:55:655 DEBUG 11048 --- [http-nio-8082-exec-2] c.h.cart.mapper.CartMapper.selectList    : <==      Total: 0
14:07:59:761 DEBUG 11048 --- [http-nio-8082-exec-3] c.h.cart.mapper.CartMapper.selectCount   : ==>  Preparing: SELECT COUNT( * ) AS total FROM cart WHERE (user_id = ? AND item_id = ?)
14:07:59:762 DEBUG 11048 --- [http-nio-8082-exec-3] c.h.cart.mapper.CartMapper.selectCount   : ==> Parameters: 3(Long), 5706773(Long)
14:07:59:764 DEBUG 11048 --- [http-nio-8082-exec-3] c.h.cart.mapper.CartMapper.selectCount   : <==      Total: 1
14:07:59:765 DEBUG 11048 --- [http-nio-8082-exec-3] c.h.cart.mapper.CartMapper.selectCount   : ==>  Preparing: SELECT COUNT( * ) AS total FROM cart WHERE (user_id = ?)
14:07:59:766 DEBUG 11048 --- [http-nio-8082-exec-3] c.h.cart.mapper.CartMapper.selectCount   : ==> Parameters: 3(Long)
14:07:59:767 DEBUG 11048 --- [http-nio-8082-exec-3] c.h.cart.mapper.CartMapper.selectCount   : <==      Total: 1
14:07:59:798 DEBUG 11048 --- [http-nio-8082-exec-3] com.hmall.cart.mapper.CartMapper.insert  : ==>  Preparing: INSERT INTO cart ( user_id, item_id, name, spec, price, image ) VALUES ( ?, ?, ?, ?, ?, ? )
14:07:59:798 DEBUG 11048 --- [http-nio-8082-exec-3] com.hmall.cart.mapper.CartMapper.insert  : ==> Parameters: 3(Long), 5706773(Long), 华为 HUAWEI Mate 10 Pro 全面屏徕卡双摄游戏手机 6GB+128GB 银钻灰 全网通移动联通电信4G手机 双卡双待(String), {"颜色": "银色", "选择内存": "128GB"}(String), 544000(Integer), https://m.360buyimg.com/mobilecms/s720x720_jfs/t11986/295/1484411523/155164/77795126/5a01503cN19d7f1a0.jpg!q70.jpg.webp(String)
14:07:59:802 DEBUG 11048 --- [http-nio-8082-exec-3] com.hmall.cart.mapper.CartMapper.insert  : <==    Updates: 1
14:07:59:863 DEBUG 11048 --- [http-nio-8082-exec-4] c.h.cart.mapper.CartMapper.selectList    : ==>  Preparing: SELECT id,user_id,item_id,num,name,spec,price,image,create_time,update_time FROM cart WHERE (user_id = ?)
14:07:59:863 DEBUG 11048 --- [http-nio-8082-exec-4] c.h.cart.mapper.CartMapper.selectList    : ==> Parameters: 3(Long)
14:07:59:867 DEBUG 11048 --- [http-nio-8082-exec-4] c.h.cart.mapper.CartMapper.selectList    : <==      Total: 1
14:07:59:963  INFO 11048 --- [http-nio-8082-exec-4] com.alibaba.nacos.client.naming          : new ips(2) service: DEFAULT_GROUP@@item-service -> [{"instanceId":"192.168.79.1#8083#DEFAULT#DEFAULT_GROUP@@item-service","ip":"192.168.79.1","port":8083,"weight":1.0,"healthy":true,"enabled":true,"ephemeral":true,"clusterName":"DEFAULT","serviceName":"DEFAULT_GROUP@@item-service","metadata":{"preserved.register.source":"SPRING_CLOUD"},"ipDeleteTimeout":30000,"instanceHeartBeatInterval":5000,"instanceHeartBeatTimeOut":15000},{"instanceId":"192.168.79.1#8081#DEFAULT#DEFAULT_GROUP@@item-service","ip":"192.168.79.1","port":8081,"weight":1.0,"healthy":true,"enabled":true,"ephemeral":true,"clusterName":"DEFAULT","serviceName":"DEFAULT_GROUP@@item-service","metadata":{"preserved.register.source":"SPRING_CLOUD"},"ipDeleteTimeout":30000,"instanceHeartBeatInterval":5000,"instanceHeartBeatTimeOut":15000}]
14:07:59:964  INFO 11048 --- [http-nio-8082-exec-4] com.alibaba.nacos.client.naming          : current ips:(2) service: DEFAULT_GROUP@@item-service -> [{"instanceId":"192.168.79.1#8083#DEFAULT#DEFAULT_GROUP@@item-service","ip":"192.168.79.1","port":8083,"weight":1.0,"healthy":true,"enabled":true,"ephemeral":true,"clusterName":"DEFAULT","serviceName":"DEFAULT_GROUP@@item-service","metadata":{"preserved.register.source":"SPRING_CLOUD"},"ipDeleteTimeout":30000,"instanceHeartBeatInterval":5000,"instanceHeartBeatTimeOut":15000},{"instanceId":"192.168.79.1#8081#DEFAULT#DEFAULT_GROUP@@item-service","ip":"192.168.79.1","port":8081,"weight":1.0,"healthy":true,"enabled":true,"ephemeral":true,"clusterName":"DEFAULT","serviceName":"DEFAULT_GROUP@@item-service","metadata":{"preserved.register.source":"SPRING_CLOUD"},"ipDeleteTimeout":30000,"instanceHeartBeatInterval":5000,"instanceHeartBeatTimeOut":15000}]
14:08:00:487  INFO 11048 --- [com.alibaba.nacos.naming.push.receiver] com.alibaba.nacos.client.naming          : received push data: {"type":"dom","data":"{\"name\":\"DEFAULT_GROUP@@item-service\",\"clusters\":\"\",\"cacheMillis\":10000,\"hosts\":[{\"instanceId\":\"192.168.79.1#8083#DEFAULT#DEFAULT_GROUP@@item-service\",\"ip\":\"192.168.79.1\",\"port\":8083,\"weight\":1.0,\"healthy\":true,\"enabled\":true,\"ephemeral\":true,\"clusterName\":\"DEFAULT\",\"serviceName\":\"DEFAULT_GROUP@@item-service\",\"metadata\":{\"preserved.register.source\":\"SPRING_CLOUD\"},\"instanceHeartBeatInterval\":5000,\"instanceHeartBeatTimeOut\":15000,\"ipDeleteTimeout\":30000},{\"instanceId\":\"192.168.79.1#8081#DEFAULT#DEFAULT_GROUP@@item-service\",\"ip\":\"192.168.79.1\",\"port\":8081,\"weight\":1.0,\"healthy\":true,\"enabled\":true,\"ephemeral\":true,\"clusterName\":\"DEFAULT\",\"serviceName\":\"DEFAULT_GROUP@@item-service\",\"metadata\":{\"preserved.register.source\":\"SPRING_CLOUD\"},\"instanceHeartBeatInterval\":5000,\"instanceHeartBeatTimeOut\":15000,\"ipDeleteTimeout\":30000}],\"lastRefTime\":1740895680558,\"checksum\":\"\",\"allIPs\":false,\"reachProtectionThreshold\":false,\"valid\":true}","lastRefTime":7757701154116} from /192.168.200.129
14:08:03:518 DEBUG 11048 --- [http-nio-8082-exec-5] com.hmall.cart.mapper.CartMapper.delete  : ==>  Preparing: DELETE FROM cart WHERE (user_id = ? AND item_id IN (?))
14:08:03:518 DEBUG 11048 --- [http-nio-8082-exec-5] com.hmall.cart.mapper.CartMapper.delete  : ==> Parameters: 3(Long), 5706773(Long)
14:08:03:520 DEBUG 11048 --- [http-nio-8082-exec-5] com.hmall.cart.mapper.CartMapper.delete  : <==    Updates: 1
14:08:39:682 DEBUG 11048 --- [http-nio-8082-exec-6] c.h.cart.mapper.CartMapper.selectList    : ==>  Preparing: SELECT id,user_id,item_id,num,name,spec,price,image,create_time,update_time FROM cart WHERE (user_id = ?)
14:08:39:682 DEBUG 11048 --- [http-nio-8082-exec-6] c.h.cart.mapper.CartMapper.selectList    : ==> Parameters: 3(Long)
14:08:39:683 DEBUG 11048 --- [http-nio-8082-exec-6] c.h.cart.mapper.CartMapper.selectList    : <==      Total: 0
14:11:19:676 DEBUG 11048 --- [http-nio-8082-exec-9] c.h.cart.mapper.CartMapper.selectCount   : ==>  Preparing: SELECT COUNT( * ) AS total FROM cart WHERE (user_id = ? AND item_id = ?)
14:11:19:677 DEBUG 11048 --- [http-nio-8082-exec-9] c.h.cart.mapper.CartMapper.selectCount   : ==> Parameters: 3(Long), 5706773(Long)
14:11:19:678 DEBUG 11048 --- [http-nio-8082-exec-9] c.h.cart.mapper.CartMapper.selectCount   : <==      Total: 1
14:11:19:679 DEBUG 11048 --- [http-nio-8082-exec-9] c.h.cart.mapper.CartMapper.selectCount   : ==>  Preparing: SELECT COUNT( * ) AS total FROM cart WHERE (user_id = ?)
14:11:19:679 DEBUG 11048 --- [http-nio-8082-exec-9] c.h.cart.mapper.CartMapper.selectCount   : ==> Parameters: 3(Long)
14:11:19:681 DEBUG 11048 --- [http-nio-8082-exec-9] c.h.cart.mapper.CartMapper.selectCount   : <==      Total: 1
14:11:19:682 DEBUG 11048 --- [http-nio-8082-exec-9] com.hmall.cart.mapper.CartMapper.insert  : ==>  Preparing: INSERT INTO cart ( user_id, item_id, name, spec, price, image ) VALUES ( ?, ?, ?, ?, ?, ? )
14:11:19:683 DEBUG 11048 --- [http-nio-8082-exec-9] com.hmall.cart.mapper.CartMapper.insert  : ==> Parameters: 3(Long), 5706773(Long), 华为 HUAWEI Mate 10 Pro 全面屏徕卡双摄游戏手机 6GB+128GB 银钻灰 全网通移动联通电信4G手机 双卡双待(String), {"颜色": "银色", "选择内存": "128GB"}(String), 544000(Integer), https://m.360buyimg.com/mobilecms/s720x720_jfs/t11986/295/1484411523/155164/77795126/5a01503cN19d7f1a0.jpg!q70.jpg.webp(String)
14:11:19:688 DEBUG 11048 --- [http-nio-8082-exec-9] com.hmall.cart.mapper.CartMapper.insert  : <==    Updates: 1
14:11:19:726 DEBUG 11048 --- [http-nio-8082-exec-10] c.h.cart.mapper.CartMapper.selectList    : ==>  Preparing: SELECT id,user_id,item_id,num,name,spec,price,image,create_time,update_time FROM cart WHERE (user_id = ?)
14:11:19:726 DEBUG 11048 --- [http-nio-8082-exec-10] c.h.cart.mapper.CartMapper.selectList    : ==> Parameters: 3(Long)
14:11:19:728 DEBUG 11048 --- [http-nio-8082-exec-10] c.h.cart.mapper.CartMapper.selectList    : <==      Total: 1
14:11:23:283 DEBUG 11048 --- [http-nio-8082-exec-1] com.hmall.cart.mapper.CartMapper.delete  : ==>  Preparing: DELETE FROM cart WHERE (user_id = ? AND item_id IN (?))
14:11:23:284 DEBUG 11048 --- [http-nio-8082-exec-1] com.hmall.cart.mapper.CartMapper.delete  : ==> Parameters: 3(Long), 5706773(Long)
14:11:23:285 DEBUG 11048 --- [http-nio-8082-exec-1] com.hmall.cart.mapper.CartMapper.delete  : <==    Updates: 1
14:11:26:977 DEBUG 11048 --- [http-nio-8082-exec-2] c.h.cart.mapper.CartMapper.selectList    : ==>  Preparing: SELECT id,user_id,item_id,num,name,spec,price,image,create_time,update_time FROM cart WHERE (user_id = ?)
14:11:26:977 DEBUG 11048 --- [http-nio-8082-exec-2] c.h.cart.mapper.CartMapper.selectList    : ==> Parameters: 3(Long)
14:11:26:978 DEBUG 11048 --- [http-nio-8082-exec-2] c.h.cart.mapper.CartMapper.selectList    : <==      Total: 0
14:12:52:180 DEBUG 11048 --- [http-nio-8082-exec-5] c.h.cart.mapper.CartMapper.selectCount   : ==>  Preparing: SELECT COUNT( * ) AS total FROM cart WHERE (user_id = ? AND item_id = ?)
14:12:52:180 DEBUG 11048 --- [http-nio-8082-exec-5] c.h.cart.mapper.CartMapper.selectCount   : ==> Parameters: 3(Long), 5706773(Long)
14:12:52:182 DEBUG 11048 --- [http-nio-8082-exec-5] c.h.cart.mapper.CartMapper.selectCount   : <==      Total: 1
14:12:52:183 DEBUG 11048 --- [http-nio-8082-exec-5] c.h.cart.mapper.CartMapper.selectCount   : ==>  Preparing: SELECT COUNT( * ) AS total FROM cart WHERE (user_id = ?)
14:12:52:183 DEBUG 11048 --- [http-nio-8082-exec-5] c.h.cart.mapper.CartMapper.selectCount   : ==> Parameters: 3(Long)
14:12:52:185 DEBUG 11048 --- [http-nio-8082-exec-5] c.h.cart.mapper.CartMapper.selectCount   : <==      Total: 1
14:12:52:187 DEBUG 11048 --- [http-nio-8082-exec-5] com.hmall.cart.mapper.CartMapper.insert  : ==>  Preparing: INSERT INTO cart ( user_id, item_id, name, spec, price, image ) VALUES ( ?, ?, ?, ?, ?, ? )
14:12:52:187 DEBUG 11048 --- [http-nio-8082-exec-5] com.hmall.cart.mapper.CartMapper.insert  : ==> Parameters: 3(Long), 5706773(Long), 华为 HUAWEI Mate 10 Pro 全面屏徕卡双摄游戏手机 6GB+128GB 银钻灰 全网通移动联通电信4G手机 双卡双待(String), {"颜色": "银色", "选择内存": "128GB"}(String), 544000(Integer), https://m.360buyimg.com/mobilecms/s720x720_jfs/t11986/295/1484411523/155164/77795126/5a01503cN19d7f1a0.jpg!q70.jpg.webp(String)
14:12:52:191 DEBUG 11048 --- [http-nio-8082-exec-5] com.hmall.cart.mapper.CartMapper.insert  : <==    Updates: 1
14:12:52:227 DEBUG 11048 --- [http-nio-8082-exec-6] c.h.cart.mapper.CartMapper.selectList    : ==>  Preparing: SELECT id,user_id,item_id,num,name,spec,price,image,create_time,update_time FROM cart WHERE (user_id = ?)
14:12:52:227 DEBUG 11048 --- [http-nio-8082-exec-6] c.h.cart.mapper.CartMapper.selectList    : ==> Parameters: 3(Long)
14:12:52:229 DEBUG 11048 --- [http-nio-8082-exec-6] c.h.cart.mapper.CartMapper.selectList    : <==      Total: 1
14:12:58:284 DEBUG 11048 --- [http-nio-8082-exec-7] com.hmall.cart.mapper.CartMapper.delete  : ==>  Preparing: DELETE FROM cart WHERE (user_id = ? AND item_id IN (?))
14:12:58:285 DEBUG 11048 --- [http-nio-8082-exec-7] com.hmall.cart.mapper.CartMapper.delete  : ==> Parameters: 3(Long), 5706773(Long)
14:12:58:286 DEBUG 11048 --- [http-nio-8082-exec-7] com.hmall.cart.mapper.CartMapper.delete  : <==    Updates: 1
14:16:22:993 DEBUG 11048 --- [http-nio-8082-exec-10] c.h.cart.mapper.CartMapper.selectList    : ==>  Preparing: SELECT id,user_id,item_id,num,name,spec,price,image,create_time,update_time FROM cart WHERE (user_id = ?)
14:16:22:993 DEBUG 11048 --- [http-nio-8082-exec-10] c.h.cart.mapper.CartMapper.selectList    : ==> Parameters: 3(Long)
14:16:22:994 DEBUG 11048 --- [http-nio-8082-exec-10] c.h.cart.mapper.CartMapper.selectList    : <==      Total: 0
14:16:26:172 DEBUG 11048 --- [http-nio-8082-exec-1] c.h.cart.mapper.CartMapper.selectCount   : ==>  Preparing: SELECT COUNT( * ) AS total FROM cart WHERE (user_id = ? AND item_id = ?)
14:16:26:172 DEBUG 11048 --- [http-nio-8082-exec-1] c.h.cart.mapper.CartMapper.selectCount   : ==> Parameters: 3(Long), 1533902(Long)
14:16:26:174 DEBUG 11048 --- [http-nio-8082-exec-1] c.h.cart.mapper.CartMapper.selectCount   : <==      Total: 1
14:16:26:175 DEBUG 11048 --- [http-nio-8082-exec-1] c.h.cart.mapper.CartMapper.selectCount   : ==>  Preparing: SELECT COUNT( * ) AS total FROM cart WHERE (user_id = ?)
14:16:26:175 DEBUG 11048 --- [http-nio-8082-exec-1] c.h.cart.mapper.CartMapper.selectCount   : ==> Parameters: 3(Long)
14:16:26:177 DEBUG 11048 --- [http-nio-8082-exec-1] c.h.cart.mapper.CartMapper.selectCount   : <==      Total: 1
14:16:26:178 DEBUG 11048 --- [http-nio-8082-exec-1] com.hmall.cart.mapper.CartMapper.insert  : ==>  Preparing: INSERT INTO cart ( user_id, item_id, name, spec, price, image ) VALUES ( ?, ?, ?, ?, ?, ? )
14:16:26:179 DEBUG 11048 --- [http-nio-8082-exec-1] com.hmall.cart.mapper.CartMapper.insert  : ==> Parameters: 3(Long), 1533902(Long), 新西兰进口牛奶 纽仕兰 3.5g蛋白质全脂牛奶 250ml*24整箱装纯牛奶(String), {}(String), 9700(Integer), https://m.360buyimg.com/mobilecms/s720x720_jfs/t3526/295/888755633/189982/16ea21b4/5816dce5N70820f42.jpg!q70.jpg.webp(String)
14:16:26:181 DEBUG 11048 --- [http-nio-8082-exec-1] com.hmall.cart.mapper.CartMapper.insert  : <==    Updates: 1
14:16:26:230 DEBUG 11048 --- [http-nio-8082-exec-2] c.h.cart.mapper.CartMapper.selectList    : ==>  Preparing: SELECT id,user_id,item_id,num,name,spec,price,image,create_time,update_time FROM cart WHERE (user_id = ?)
14:16:26:231 DEBUG 11048 --- [http-nio-8082-exec-2] c.h.cart.mapper.CartMapper.selectList    : ==> Parameters: 3(Long)
14:16:26:233 DEBUG 11048 --- [http-nio-8082-exec-2] c.h.cart.mapper.CartMapper.selectList    : <==      Total: 1
14:16:31:704 DEBUG 11048 --- [http-nio-8082-exec-3] com.hmall.cart.mapper.CartMapper.delete  : ==>  Preparing: DELETE FROM cart WHERE (user_id = ? AND item_id IN (?))
14:16:31:704 DEBUG 11048 --- [http-nio-8082-exec-3] com.hmall.cart.mapper.CartMapper.delete  : ==> Parameters: 3(Long), 1533902(Long)
14:16:31:706 DEBUG 11048 --- [http-nio-8082-exec-3] com.hmall.cart.mapper.CartMapper.delete  : <==    Updates: 1
14:17:23:625 DEBUG 11048 --- [http-nio-8082-exec-4] c.h.cart.mapper.CartMapper.selectList    : ==>  Preparing: SELECT id,user_id,item_id,num,name,spec,price,image,create_time,update_time FROM cart WHERE (user_id = ?)
14:17:23:625 DEBUG 11048 --- [http-nio-8082-exec-4] c.h.cart.mapper.CartMapper.selectList    : ==> Parameters: 3(Long)
14:17:23:627 DEBUG 11048 --- [http-nio-8082-exec-4] c.h.cart.mapper.CartMapper.selectList    : <==      Total: 0
14:28:24:215  WARN 11048 --- [Thread-12] c.a.nacos.common.notify.NotifyCenter     : [NotifyCenter] Start destroying Publisher
14:28:24:215  WARN 11048 --- [Thread-12] c.a.nacos.common.notify.NotifyCenter     : [NotifyCenter] Destruction of the end
14:28:24:215  WARN 11048 --- [Thread-1] c.a.n.common.http.HttpClientBeanHolder   : [HttpClientBeanHolder] Start destroying common HttpClient
14:28:24:218  WARN 11048 --- [Thread-1] c.a.n.common.http.HttpClientBeanHolder   : [HttpClientBeanHolder] Destruction of the end
14:28:24:693  INFO 11048 --- [SpringApplicationShutdownHook] c.a.c.n.registry.NacosServiceRegistry    : De-registering from Nacos Server now...
14:28:24:694  INFO 11048 --- [SpringApplicationShutdownHook] com.alibaba.nacos.client.naming          : [BEAT] removing beat: DEFAULT_GROUP@@cart-service:192.168.79.1:8082 from beat map.
14:28:24:694  INFO 11048 --- [SpringApplicationShutdownHook] com.alibaba.nacos.client.naming          : [DEREGISTER-SERVICE] public deregistering service DEFAULT_GROUP@@cart-service with instance: Instance{instanceId='null', ip='192.168.79.1', port=8082, weight=1.0, healthy=true, enabled=true, ephemeral=true, clusterName='DEFAULT', serviceName='null', metadata={}}
14:28:24:707  INFO 11048 --- [SpringApplicationShutdownHook] c.a.c.n.registry.NacosServiceRegistry    : De-registration finished.
14:28:24:707  INFO 11048 --- [SpringApplicationShutdownHook] com.alibaba.nacos.client.naming          : com.alibaba.nacos.client.naming.beat.BeatReactor do shutdown begin
14:28:24:818  INFO 11048 --- [SpringApplicationShutdownHook] com.alibaba.nacos.client.naming          : com.alibaba.nacos.client.naming.beat.BeatReactor do shutdown stop
14:28:24:818  INFO 11048 --- [SpringApplicationShutdownHook] com.alibaba.nacos.client.naming          : com.alibaba.nacos.client.naming.core.HostReactor do shutdown begin
14:28:25:293  INFO 11048 --- [com.alibaba.nacos.naming.push.receiver] com.alibaba.nacos.client.naming          : received push data: {"type":"dom","data":"{\"name\":\"DEFAULT_GROUP@@cart-service\",\"clusters\":\"DEFAULT\",\"cacheMillis\":10000,\"hosts\":[],\"lastRefTime\":1740896905375,\"checksum\":\"\",\"allIPs\":false,\"reachProtectionThreshold\":false,\"valid\":true}","lastRefTime":8982517855075} from /192.168.200.129
14:28:25:293  INFO 11048 --- [com.alibaba.nacos.naming.push.receiver] com.alibaba.nacos.client.naming          : removed ips(1) service: DEFAULT_GROUP@@cart-service@@DEFAULT -> [{"instanceId":"192.168.79.1#8082#DEFAULT#DEFAULT_GROUP@@cart-service","ip":"192.168.79.1","port":8082,"weight":1.0,"healthy":true,"enabled":true,"ephemeral":true,"clusterName":"DEFAULT","serviceName":"DEFAULT_GROUP@@cart-service","metadata":{"preserved.register.source":"SPRING_CLOUD"},"ipDeleteTimeout":30000,"instanceHeartBeatInterval":5000,"instanceHeartBeatTimeOut":15000}]
14:28:25:299  INFO 11048 --- [com.alibaba.nacos.naming.push.receiver] com.alibaba.nacos.client.naming          : current ips:(0) service: DEFAULT_GROUP@@cart-service@@DEFAULT -> []
14:28:25:299  INFO 11048 --- [com.alibaba.nacos.naming.push.receiver] com.alibaba.nacos.client.naming          : received push data: {"type":"dom","data":"{\"name\":\"DEFAULT_GROUP@@item-service\",\"clusters\":\"\",\"cacheMillis\":10000,\"hosts\":[],\"lastRefTime\":1740896905375,\"checksum\":\"\",\"allIPs\":false,\"reachProtectionThreshold\":false,\"valid\":true}","lastRefTime":8982517844530} from /192.168.200.129
14:28:25:300  INFO 11048 --- [com.alibaba.nacos.naming.push.receiver] com.alibaba.nacos.client.naming          : removed ips(2) service: DEFAULT_GROUP@@item-service -> [{"instanceId":"192.168.79.1#8083#DEFAULT#DEFAULT_GROUP@@item-service","ip":"192.168.79.1","port":8083,"weight":1.0,"healthy":true,"enabled":true,"ephemeral":true,"clusterName":"DEFAULT","serviceName":"DEFAULT_GROUP@@item-service","metadata":{"preserved.register.source":"SPRING_CLOUD"},"ipDeleteTimeout":30000,"instanceHeartBeatInterval":5000,"instanceHeartBeatTimeOut":15000},{"instanceId":"192.168.79.1#8081#DEFAULT#DEFAULT_GROUP@@item-service","ip":"192.168.79.1","port":8081,"weight":1.0,"healthy":true,"enabled":true,"ephemeral":true,"clusterName":"DEFAULT","serviceName":"DEFAULT_GROUP@@item-service","metadata":{"preserved.register.source":"SPRING_CLOUD"},"ipDeleteTimeout":30000,"instanceHeartBeatInterval":5000,"instanceHeartBeatTimeOut":15000}]
14:28:25:301  INFO 11048 --- [com.alibaba.nacos.naming.push.receiver] com.alibaba.nacos.client.naming          : current ips:(0) service: DEFAULT_GROUP@@item-service -> []
14:28:27:820  INFO 11048 --- [SpringApplicationShutdownHook] com.alibaba.nacos.client.naming          : com.alibaba.nacos.client.naming.core.PushReceiver do shutdown begin
14:28:30:824  INFO 11048 --- [SpringApplicationShutdownHook] com.alibaba.nacos.client.naming          : com.alibaba.nacos.client.naming.core.PushReceiver do shutdown stop
14:28:30:824  INFO 11048 --- [SpringApplicationShutdownHook] com.alibaba.nacos.client.naming          : com.alibaba.nacos.client.naming.backups.FailoverReactor do shutdown begin
14:28:30:824  INFO 11048 --- [SpringApplicationShutdownHook] com.alibaba.nacos.client.naming          : com.alibaba.nacos.client.naming.backups.FailoverReactor do shutdown stop
14:28:30:824  INFO 11048 --- [SpringApplicationShutdownHook] com.alibaba.nacos.client.naming          : com.alibaba.nacos.client.naming.core.HostReactor do shutdown stop
14:28:30:824  INFO 11048 --- [SpringApplicationShutdownHook] com.alibaba.nacos.client.naming          : com.alibaba.nacos.client.naming.net.NamingProxy do shutdown begin
14:28:30:825  WARN 11048 --- [SpringApplicationShutdownHook] com.alibaba.nacos.client.naming          : [NamingHttpClientManager] Start destroying NacosRestTemplate
14:28:30:825  WARN 11048 --- [SpringApplicationShutdownHook] com.alibaba.nacos.client.naming          : [NamingHttpClientManager] Destruction of the end
14:28:30:825  INFO 11048 --- [SpringApplicationShutdownHook] c.a.n.client.identify.CredentialWatcher  : [null] CredentialWatcher is stopped
14:28:30:825  INFO 11048 --- [SpringApplicationShutdownHook] c.a.n.client.identify.CredentialService  : [null] CredentialService is freed
14:28:30:825  INFO 11048 --- [SpringApplicationShutdownHook] com.alibaba.nacos.client.naming          : com.alibaba.nacos.client.naming.net.NamingProxy do shutdown stop
14:28:30:829  INFO 11048 --- [SpringApplicationShutdownHook] com.zaxxer.hikari.HikariDataSource       : HikariPool-1 - Shutdown initiated...
14:28:30:844  INFO 11048 --- [SpringApplicationShutdownHook] com.zaxxer.hikari.HikariDataSource       : HikariPool-1 - Shutdown completed.
18:37:49:816  INFO 12032 --- [main] com.hmall.cart.CartApplication           : The following 1 profile is active: "local"
18:37:51:583  INFO 12032 --- [main] o.s.cloud.context.scope.GenericScope     : BeanFactory id=7d8590a9-9904-3b0f-896a-41dd89c11948
18:37:52:315  INFO 12032 --- [main] o.s.b.w.embedded.tomcat.TomcatWebServer  : Tomcat initialized with port(s): 8082 (http)
18:37:52:330  INFO 12032 --- [main] o.apache.catalina.core.StandardService   : Starting service [Tomcat]
18:37:52:331  INFO 12032 --- [main] org.apache.catalina.core.StandardEngine  : Starting Servlet engine: [Apache Tomcat/9.0.75]
18:37:52:668  INFO 12032 --- [main] o.a.c.c.C.[Tomcat].[localhost].[/]       : Initializing Spring embedded WebApplicationContext
18:37:52:668  INFO 12032 --- [main] w.s.c.ServletWebServerApplicationContext : Root WebApplicationContext: initialization completed in 2828 ms
18:37:53:148  INFO 12032 --- [main] o.s.c.openfeign.FeignClientFactoryBean   : For 'item-service' URL not provided. Will try picking an instance via load-balancing.
18:37:54:597  INFO 12032 --- [main] c.a.c.sentinel.SentinelWebMvcConfigurer  : [Sentinel Starter] register SentinelWebInterceptor with urlPatterns: [/**].
18:37:55:698  INFO 12032 --- [main] pertySourcedRequestMappingHandlerMapping : Mapped URL path [/v2/api-docs] onto method [springfox.documentation.swagger2.web.Swagger2ControllerWebMvc#getDocumentation(String, HttpServletRequest)]
18:37:56:935  INFO 12032 --- [main] com.alibaba.nacos.client.naming          : initializer namespace from System Property :null
18:37:56:936  INFO 12032 --- [main] com.alibaba.nacos.client.naming          : initializer namespace from System Environment :null
18:37:56:937  INFO 12032 --- [main] com.alibaba.nacos.client.naming          : initializer namespace from System Property :null
18:37:57:017  INFO 12032 --- [main] o.s.b.w.embedded.tomcat.TomcatWebServer  : Tomcat started on port(s): 8082 (http) with context path ''
18:37:57:020  INFO 12032 --- [main] com.alibaba.nacos.client.naming          : [BEAT] adding beat: BeatInfo{port=8082, ip='192.168.79.1', weight=1.0, serviceName='DEFAULT_GROUP@@cart-service', cluster='DEFAULT', metadata={preserved.register.source=SPRING_CLOUD}, scheduled=false, period=5000, stopped=false} to beat map.
18:37:57:021  INFO 12032 --- [main] com.alibaba.nacos.client.naming          : [REGISTER-SERVICE] public registering service DEFAULT_GROUP@@cart-service with instance: Instance{instanceId='null', ip='192.168.79.1', port=8082, weight=1.0, healthy=true, enabled=true, ephemeral=true, clusterName='DEFAULT', serviceName='null', metadata={preserved.register.source=SPRING_CLOUD}}
18:37:57:025  INFO 12032 --- [main] c.a.c.n.registry.NacosServiceRegistry    : nacos registry, DEFAULT_GROUP cart-service 192.168.79.1:8082 register finished
18:37:57:485  INFO 12032 --- [com.alibaba.nacos.naming.push.receiver] com.alibaba.nacos.client.naming          : received push data: {"type":"dom","data":"{\"name\":\"DEFAULT_GROUP@@cart-service\",\"clusters\":\"DEFAULT\",\"cacheMillis\":10000,\"hosts\":[{\"instanceId\":\"192.168.79.1#8082#DEFAULT#DEFAULT_GROUP@@cart-service\",\"ip\":\"192.168.79.1\",\"port\":8082,\"weight\":1.0,\"healthy\":true,\"enabled\":true,\"ephemeral\":true,\"clusterName\":\"DEFAULT\",\"serviceName\":\"DEFAULT_GROUP@@cart-service\",\"metadata\":{\"preserved.register.source\":\"SPRING_CLOUD\"},\"instanceHeartBeatInterval\":5000,\"instanceHeartBeatTimeOut\":15000,\"ipDeleteTimeout\":30000}],\"lastRefTime\":1740911877247,\"checksum\":\"\",\"allIPs\":false,\"reachProtectionThreshold\":false,\"valid\":true}","lastRefTime":18677813859266} from /192.168.200.129
18:37:57:495  INFO 12032 --- [com.alibaba.nacos.naming.push.receiver] com.alibaba.nacos.client.naming          : new ips(1) service: DEFAULT_GROUP@@cart-service@@DEFAULT -> [{"instanceId":"192.168.79.1#8082#DEFAULT#DEFAULT_GROUP@@cart-service","ip":"192.168.79.1","port":8082,"weight":1.0,"healthy":true,"enabled":true,"ephemeral":true,"clusterName":"DEFAULT","serviceName":"DEFAULT_GROUP@@cart-service","metadata":{"preserved.register.source":"SPRING_CLOUD"},"ipDeleteTimeout":30000,"instanceHeartBeatInterval":5000,"instanceHeartBeatTimeOut":15000}]
18:37:57:502  INFO 12032 --- [com.alibaba.nacos.naming.push.receiver] com.alibaba.nacos.client.naming          : current ips:(1) service: DEFAULT_GROUP@@cart-service@@DEFAULT -> [{"instanceId":"192.168.79.1#8082#DEFAULT#DEFAULT_GROUP@@cart-service","ip":"192.168.79.1","port":8082,"weight":1.0,"healthy":true,"enabled":true,"ephemeral":true,"clusterName":"DEFAULT","serviceName":"DEFAULT_GROUP@@cart-service","metadata":{"preserved.register.source":"SPRING_CLOUD"},"ipDeleteTimeout":30000,"instanceHeartBeatInterval":5000,"instanceHeartBeatTimeOut":15000}]
18:37:57:614  INFO 12032 --- [main] d.s.w.p.DocumentationPluginsBootstrapper : Documentation plugins bootstrapped
18:37:57:617  INFO 12032 --- [main] d.s.w.p.DocumentationPluginsBootstrapper : Found 1 custom documentation plugin(s)
18:37:57:643  INFO 12032 --- [main] s.d.s.w.s.ApiListingReferenceScanner     : Scanning for api listing references
18:37:57:741  INFO 12032 --- [main] com.hmall.cart.CartApplication           : Started CartApplication in 10.694 seconds (JVM running for 12.165)
18:37:57:745  INFO 12032 --- [main] c.a.n.client.config.impl.ClientWorker    : [fixed-192.168.200.129_8848] [subscribe] cart-service+DEFAULT_GROUP
18:37:57:745  INFO 12032 --- [main] c.a.nacos.client.config.impl.CacheData   : [fixed-192.168.200.129_8848] [add-listener] ok, tenant=, dataId=cart-service, group=DEFAULT_GROUP, cnt=1
18:37:57:745  INFO 12032 --- [main] c.a.c.n.refresh.NacosContextRefresher    : [Nacos Config] Listening config: dataId=cart-service, group=DEFAULT_GROUP
18:37:57:747  INFO 12032 --- [main] c.a.n.client.config.impl.ClientWorker    : [fixed-192.168.200.129_8848] [subscribe] cart-service.yaml+DEFAULT_GROUP
18:37:57:747  INFO 12032 --- [main] c.a.nacos.client.config.impl.CacheData   : [fixed-192.168.200.129_8848] [add-listener] ok, tenant=, dataId=cart-service.yaml, group=DEFAULT_GROUP, cnt=1
18:37:57:747  INFO 12032 --- [main] c.a.c.n.refresh.NacosContextRefresher    : [Nacos Config] Listening config: dataId=cart-service.yaml, group=DEFAULT_GROUP
18:37:57:748  INFO 12032 --- [main] c.a.n.client.config.impl.ClientWorker    : [fixed-192.168.200.129_8848] [subscribe] cart-service-local.yaml+DEFAULT_GROUP
18:37:57:748  INFO 12032 --- [main] c.a.nacos.client.config.impl.CacheData   : [fixed-192.168.200.129_8848] [add-listener] ok, tenant=, dataId=cart-service-local.yaml, group=DEFAULT_GROUP, cnt=1
18:37:57:748  INFO 12032 --- [main] c.a.c.n.refresh.NacosContextRefresher    : [Nacos Config] Listening config: dataId=cart-service-local.yaml, group=DEFAULT_GROUP
18:38:39:221  INFO 12032 --- [http-nio-8082-exec-1] o.a.c.c.C.[Tomcat].[localhost].[/]       : Initializing Spring DispatcherServlet 'dispatcherServlet'
18:38:39:221  INFO 12032 --- [http-nio-8082-exec-1] o.s.web.servlet.DispatcherServlet        : Initializing Servlet 'dispatcherServlet'
18:38:39:222  INFO 12032 --- [http-nio-8082-exec-1] o.s.web.servlet.DispatcherServlet        : Completed initialization in 1 ms
18:38:39:446  INFO 12032 --- [http-nio-8082-exec-1] com.zaxxer.hikari.HikariDataSource       : HikariPool-1 - Starting...
18:38:39:634  INFO 12032 --- [http-nio-8082-exec-1] com.zaxxer.hikari.HikariDataSource       : HikariPool-1 - Start completed.
18:38:39:642 DEBUG 12032 --- [http-nio-8082-exec-1] c.h.cart.mapper.CartMapper.selectList    : ==>  Preparing: SELECT id,user_id,item_id,num,name,spec,price,image,create_time,update_time FROM cart WHERE (user_id = ?)
18:38:39:662 DEBUG 12032 --- [http-nio-8082-exec-1] c.h.cart.mapper.CartMapper.selectList    : ==> Parameters: 3(Long)
18:38:39:686 DEBUG 12032 --- [http-nio-8082-exec-1] c.h.cart.mapper.CartMapper.selectList    : <==      Total: 0
18:47:32:274  WARN 12032 --- [Thread-1] c.a.n.common.http.HttpClientBeanHolder   : [HttpClientBeanHolder] Start destroying common HttpClient
18:47:32:274  WARN 12032 --- [Thread-12] c.a.nacos.common.notify.NotifyCenter     : [NotifyCenter] Start destroying Publisher
18:47:32:276  WARN 12032 --- [Thread-12] c.a.nacos.common.notify.NotifyCenter     : [NotifyCenter] Destruction of the end
18:47:32:278  WARN 12032 --- [Thread-1] c.a.n.common.http.HttpClientBeanHolder   : [HttpClientBeanHolder] Destruction of the end
18:47:32:834  INFO 12032 --- [SpringApplicationShutdownHook] c.a.c.n.registry.NacosServiceRegistry    : De-registering from Nacos Server now...
18:47:32:834  INFO 12032 --- [SpringApplicationShutdownHook] com.alibaba.nacos.client.naming          : [BEAT] removing beat: DEFAULT_GROUP@@cart-service:192.168.79.1:8082 from beat map.
18:47:32:834  INFO 12032 --- [SpringApplicationShutdownHook] com.alibaba.nacos.client.naming          : [DEREGISTER-SERVICE] public deregistering service DEFAULT_GROUP@@cart-service with instance: Instance{instanceId='null', ip='192.168.79.1', port=8082, weight=1.0, healthy=true, enabled=true, ephemeral=true, clusterName='DEFAULT', serviceName='null', metadata={}}
18:47:32:837  INFO 12032 --- [SpringApplicationShutdownHook] c.a.c.n.registry.NacosServiceRegistry    : De-registration finished.
18:47:32:837  INFO 12032 --- [SpringApplicationShutdownHook] com.alibaba.nacos.client.naming          : com.alibaba.nacos.client.naming.beat.BeatReactor do shutdown begin
18:47:33:387  INFO 12032 --- [com.alibaba.nacos.naming.push.receiver] com.alibaba.nacos.client.naming          : received push data: {"type":"dom","data":"{\"name\":\"DEFAULT_GROUP@@cart-service\",\"clusters\":\"DEFAULT\",\"cacheMillis\":10000,\"hosts\":[],\"lastRefTime\":1740912453155,\"checksum\":\"\",\"allIPs\":false,\"reachProtectionThreshold\":false,\"valid\":true}","lastRefTime":19253721516034} from /192.168.200.129
18:47:33:387  INFO 12032 --- [com.alibaba.nacos.naming.push.receiver] com.alibaba.nacos.client.naming          : removed ips(1) service: DEFAULT_GROUP@@cart-service@@DEFAULT -> [{"instanceId":"192.168.79.1#8082#DEFAULT#DEFAULT_GROUP@@cart-service","ip":"192.168.79.1","port":8082,"weight":1.0,"healthy":true,"enabled":true,"ephemeral":true,"clusterName":"DEFAULT","serviceName":"DEFAULT_GROUP@@cart-service","metadata":{"preserved.register.source":"SPRING_CLOUD"},"ipDeleteTimeout":30000,"instanceHeartBeatInterval":5000,"instanceHeartBeatTimeOut":15000}]
18:47:33:390  INFO 12032 --- [com.alibaba.nacos.naming.push.receiver] com.alibaba.nacos.client.naming          : current ips:(0) service: DEFAULT_GROUP@@cart-service@@DEFAULT -> []
18:47:35:839  INFO 12032 --- [SpringApplicationShutdownHook] com.alibaba.nacos.client.naming          : com.alibaba.nacos.client.naming.beat.BeatReactor do shutdown stop
18:47:35:840  INFO 12032 --- [SpringApplicationShutdownHook] com.alibaba.nacos.client.naming          : com.alibaba.nacos.client.naming.core.HostReactor do shutdown begin
18:47:38:217  INFO 12032 --- [SpringApplicationShutdownHook] com.alibaba.nacos.client.naming          : com.alibaba.nacos.client.naming.core.PushReceiver do shutdown begin
18:47:41:218  INFO 12032 --- [SpringApplicationShutdownHook] com.alibaba.nacos.client.naming          : com.alibaba.nacos.client.naming.core.PushReceiver do shutdown stop
18:47:41:218  INFO 12032 --- [SpringApplicationShutdownHook] com.alibaba.nacos.client.naming          : com.alibaba.nacos.client.naming.backups.FailoverReactor do shutdown begin
18:47:41:218  INFO 12032 --- [SpringApplicationShutdownHook] com.alibaba.nacos.client.naming          : com.alibaba.nacos.client.naming.backups.FailoverReactor do shutdown stop
18:47:41:218  INFO 12032 --- [SpringApplicationShutdownHook] com.alibaba.nacos.client.naming          : com.alibaba.nacos.client.naming.core.HostReactor do shutdown stop
18:47:41:219  INFO 12032 --- [SpringApplicationShutdownHook] com.alibaba.nacos.client.naming          : com.alibaba.nacos.client.naming.net.NamingProxy do shutdown begin
18:47:41:219  WARN 12032 --- [SpringApplicationShutdownHook] com.alibaba.nacos.client.naming          : [NamingHttpClientManager] Start destroying NacosRestTemplate
18:47:41:220  WARN 12032 --- [SpringApplicationShutdownHook] com.alibaba.nacos.client.naming          : [NamingHttpClientManager] Destruction of the end
18:47:41:220  INFO 12032 --- [SpringApplicationShutdownHook] c.a.n.client.identify.CredentialWatcher  : [null] CredentialWatcher is stopped
18:47:41:220  INFO 12032 --- [SpringApplicationShutdownHook] c.a.n.client.identify.CredentialService  : [null] CredentialService is freed
18:47:41:220  INFO 12032 --- [SpringApplicationShutdownHook] com.alibaba.nacos.client.naming          : com.alibaba.nacos.client.naming.net.NamingProxy do shutdown stop
18:47:41:223  INFO 12032 --- [SpringApplicationShutdownHook] com.zaxxer.hikari.HikariDataSource       : HikariPool-1 - Shutdown initiated...
18:47:41:236  INFO 12032 --- [SpringApplicationShutdownHook] com.zaxxer.hikari.HikariDataSource       : HikariPool-1 - Shutdown completed.
19:31:37:791  INFO 12096 --- [main] com.hmall.cart.CartApplication           : The following 1 profile is active: "local"
19:31:39:257  INFO 12096 --- [main] o.s.cloud.context.scope.GenericScope     : BeanFactory id=7d8590a9-9904-3b0f-896a-41dd89c11948
19:31:40:005  INFO 12096 --- [main] o.s.b.w.embedded.tomcat.TomcatWebServer  : Tomcat initialized with port(s): 8082 (http)
19:31:40:027  INFO 12096 --- [main] o.apache.catalina.core.StandardService   : Starting service [Tomcat]
19:31:40:028  INFO 12096 --- [main] org.apache.catalina.core.StandardEngine  : Starting Servlet engine: [Apache Tomcat/9.0.75]
19:31:40:384  INFO 12096 --- [main] o.a.c.c.C.[Tomcat].[localhost].[/]       : Initializing Spring embedded WebApplicationContext
19:31:40:384  INFO 12096 --- [main] w.s.c.ServletWebServerApplicationContext : Root WebApplicationContext: initialization completed in 2570 ms
19:31:40:811  INFO 12096 --- [main] o.s.c.openfeign.FeignClientFactoryBean   : For 'item-service' URL not provided. Will try picking an instance via load-balancing.
19:31:42:320  INFO 12096 --- [main] c.a.c.sentinel.SentinelWebMvcConfigurer  : [Sentinel Starter] register SentinelWebInterceptor with urlPatterns: [/**].
19:31:43:579  INFO 12096 --- [main] pertySourcedRequestMappingHandlerMapping : Mapped URL path [/v2/api-docs] onto method [springfox.documentation.swagger2.web.Swagger2ControllerWebMvc#getDocumentation(String, HttpServletRequest)]
19:31:44:862  INFO 12096 --- [main] com.alibaba.nacos.client.naming          : initializer namespace from System Property :null
19:31:44:862  INFO 12096 --- [main] com.alibaba.nacos.client.naming          : initializer namespace from System Environment :null
19:31:44:863  INFO 12096 --- [main] com.alibaba.nacos.client.naming          : initializer namespace from System Property :null
19:31:44:944  INFO 12096 --- [main] o.s.b.w.embedded.tomcat.TomcatWebServer  : Tomcat started on port(s): 8082 (http) with context path ''
19:31:44:948  INFO 12096 --- [main] com.alibaba.nacos.client.naming          : [BEAT] adding beat: BeatInfo{port=8082, ip='192.168.79.1', weight=1.0, serviceName='DEFAULT_GROUP@@cart-service', cluster='DEFAULT', metadata={preserved.register.source=SPRING_CLOUD}, scheduled=false, period=5000, stopped=false} to beat map.
19:31:44:949  INFO 12096 --- [main] com.alibaba.nacos.client.naming          : [REGISTER-SERVICE] public registering service DEFAULT_GROUP@@cart-service with instance: Instance{instanceId='null', ip='192.168.79.1', port=8082, weight=1.0, healthy=true, enabled=true, ephemeral=true, clusterName='DEFAULT', serviceName='null', metadata={preserved.register.source=SPRING_CLOUD}}
19:31:44:953  INFO 12096 --- [main] c.a.c.n.registry.NacosServiceRegistry    : nacos registry, DEFAULT_GROUP cart-service 192.168.79.1:8082 register finished
19:31:45:440  INFO 12096 --- [com.alibaba.nacos.naming.push.receiver] com.alibaba.nacos.client.naming          : received push data: {"type":"dom","data":"{\"name\":\"DEFAULT_GROUP@@cart-service\",\"clusters\":\"DEFAULT\",\"cacheMillis\":10000,\"hosts\":[{\"instanceId\":\"192.168.79.1#8082#DEFAULT#DEFAULT_GROUP@@cart-service\",\"ip\":\"192.168.79.1\",\"port\":8082,\"weight\":1.0,\"healthy\":true,\"enabled\":true,\"ephemeral\":true,\"clusterName\":\"DEFAULT\",\"serviceName\":\"DEFAULT_GROUP@@cart-service\",\"metadata\":{\"preserved.register.source\":\"SPRING_CLOUD\"},\"instanceHeartBeatInterval\":5000,\"instanceHeartBeatTimeOut\":15000,\"ipDeleteTimeout\":30000}],\"lastRefTime\":1740915105228,\"checksum\":\"\",\"allIPs\":false,\"reachProtectionThreshold\":false,\"valid\":true}","lastRefTime":21905794936494} from /192.168.200.129
19:31:45:449  INFO 12096 --- [com.alibaba.nacos.naming.push.receiver] com.alibaba.nacos.client.naming          : new ips(1) service: DEFAULT_GROUP@@cart-service@@DEFAULT -> [{"instanceId":"192.168.79.1#8082#DEFAULT#DEFAULT_GROUP@@cart-service","ip":"192.168.79.1","port":8082,"weight":1.0,"healthy":true,"enabled":true,"ephemeral":true,"clusterName":"DEFAULT","serviceName":"DEFAULT_GROUP@@cart-service","metadata":{"preserved.register.source":"SPRING_CLOUD"},"instanceHeartBeatInterval":5000,"instanceHeartBeatTimeOut":15000,"ipDeleteTimeout":30000}]
19:31:45:459  INFO 12096 --- [com.alibaba.nacos.naming.push.receiver] com.alibaba.nacos.client.naming          : current ips:(1) service: DEFAULT_GROUP@@cart-service@@DEFAULT -> [{"instanceId":"192.168.79.1#8082#DEFAULT#DEFAULT_GROUP@@cart-service","ip":"192.168.79.1","port":8082,"weight":1.0,"healthy":true,"enabled":true,"ephemeral":true,"clusterName":"DEFAULT","serviceName":"DEFAULT_GROUP@@cart-service","metadata":{"preserved.register.source":"SPRING_CLOUD"},"instanceHeartBeatInterval":5000,"instanceHeartBeatTimeOut":15000,"ipDeleteTimeout":30000}]
19:31:45:610  INFO 12096 --- [main] d.s.w.p.DocumentationPluginsBootstrapper : Documentation plugins bootstrapped
19:31:45:613  INFO 12096 --- [main] d.s.w.p.DocumentationPluginsBootstrapper : Found 1 custom documentation plugin(s)
19:31:45:635  INFO 12096 --- [main] s.d.s.w.s.ApiListingReferenceScanner     : Scanning for api listing references
19:31:45:733  INFO 12096 --- [main] com.hmall.cart.CartApplication           : Started CartApplication in 11.721 seconds (JVM running for 13.22)
19:31:45:739  INFO 12096 --- [main] c.a.n.client.config.impl.ClientWorker    : [fixed-192.168.200.129_8848] [subscribe] cart-service+DEFAULT_GROUP
19:31:45:740  INFO 12096 --- [main] c.a.nacos.client.config.impl.CacheData   : [fixed-192.168.200.129_8848] [add-listener] ok, tenant=, dataId=cart-service, group=DEFAULT_GROUP, cnt=1
19:31:45:741  INFO 12096 --- [main] c.a.c.n.refresh.NacosContextRefresher    : [Nacos Config] Listening config: dataId=cart-service, group=DEFAULT_GROUP
19:31:45:742  INFO 12096 --- [main] c.a.n.client.config.impl.ClientWorker    : [fixed-192.168.200.129_8848] [subscribe] cart-service.yaml+DEFAULT_GROUP
19:31:45:742  INFO 12096 --- [main] c.a.nacos.client.config.impl.CacheData   : [fixed-192.168.200.129_8848] [add-listener] ok, tenant=, dataId=cart-service.yaml, group=DEFAULT_GROUP, cnt=1
19:31:45:742  INFO 12096 --- [main] c.a.c.n.refresh.NacosContextRefresher    : [Nacos Config] Listening config: dataId=cart-service.yaml, group=DEFAULT_GROUP
19:31:45:743  INFO 12096 --- [main] c.a.n.client.config.impl.ClientWorker    : [fixed-192.168.200.129_8848] [subscribe] cart-service-local.yaml+DEFAULT_GROUP
19:31:45:743  INFO 12096 --- [main] c.a.nacos.client.config.impl.CacheData   : [fixed-192.168.200.129_8848] [add-listener] ok, tenant=, dataId=cart-service-local.yaml, group=DEFAULT_GROUP, cnt=1
19:31:45:743  INFO 12096 --- [main] c.a.c.n.refresh.NacosContextRefresher    : [Nacos Config] Listening config: dataId=cart-service-local.yaml, group=DEFAULT_GROUP
19:32:23:465  INFO 12096 --- [http-nio-8082-exec-1] o.a.c.c.C.[Tomcat].[localhost].[/]       : Initializing Spring DispatcherServlet 'dispatcherServlet'
19:32:23:465  INFO 12096 --- [http-nio-8082-exec-1] o.s.web.servlet.DispatcherServlet        : Initializing Servlet 'dispatcherServlet'
19:32:23:466  INFO 12096 --- [http-nio-8082-exec-1] o.s.web.servlet.DispatcherServlet        : Completed initialization in 1 ms
19:32:23:706  INFO 12096 --- [http-nio-8082-exec-1] com.zaxxer.hikari.HikariDataSource       : HikariPool-1 - Starting...
19:32:23:893  INFO 12096 --- [http-nio-8082-exec-1] com.zaxxer.hikari.HikariDataSource       : HikariPool-1 - Start completed.
19:32:23:898 DEBUG 12096 --- [http-nio-8082-exec-1] c.h.cart.mapper.CartMapper.selectList    : ==>  Preparing: SELECT id,user_id,item_id,num,name,spec,price,image,create_time,update_time FROM cart WHERE (user_id = ?)
19:32:23:918 DEBUG 12096 --- [http-nio-8082-exec-1] c.h.cart.mapper.CartMapper.selectList    : ==> Parameters: 3(Long)
19:32:23:938 DEBUG 12096 --- [http-nio-8082-exec-1] c.h.cart.mapper.CartMapper.selectList    : <==      Total: 0
19:34:33:718 DEBUG 12096 --- [http-nio-8082-exec-3] c.h.cart.mapper.CartMapper.selectList    : ==>  Preparing: SELECT id,user_id,item_id,num,name,spec,price,image,create_time,update_time FROM cart WHERE (user_id = ?)
19:34:33:718 DEBUG 12096 --- [http-nio-8082-exec-3] c.h.cart.mapper.CartMapper.selectList    : ==> Parameters: 3(Long)
19:34:33:719 DEBUG 12096 --- [http-nio-8082-exec-3] c.h.cart.mapper.CartMapper.selectList    : <==      Total: 0
19:34:35:037 DEBUG 12096 --- [http-nio-8082-exec-4] c.h.cart.mapper.CartMapper.selectList    : ==>  Preparing: SELECT id,user_id,item_id,num,name,spec,price,image,create_time,update_time FROM cart WHERE (user_id = ?)
19:34:35:037 DEBUG 12096 --- [http-nio-8082-exec-4] c.h.cart.mapper.CartMapper.selectList    : ==> Parameters: 3(Long)
19:34:35:039 DEBUG 12096 --- [http-nio-8082-exec-4] c.h.cart.mapper.CartMapper.selectList    : <==      Total: 0
19:34:42:483 DEBUG 12096 --- [http-nio-8082-exec-5] c.h.cart.mapper.CartMapper.selectCount   : ==>  Preparing: SELECT COUNT( * ) AS total FROM cart WHERE (user_id = ? AND item_id = ?)
19:34:42:483 DEBUG 12096 --- [http-nio-8082-exec-5] c.h.cart.mapper.CartMapper.selectCount   : ==> Parameters: 3(Long), 5284203(Long)
19:34:42:485 DEBUG 12096 --- [http-nio-8082-exec-5] c.h.cart.mapper.CartMapper.selectCount   : <==      Total: 1
19:34:42:486 DEBUG 12096 --- [http-nio-8082-exec-5] c.h.cart.mapper.CartMapper.selectCount   : ==>  Preparing: SELECT COUNT( * ) AS total FROM cart WHERE (user_id = ?)
19:34:42:486 DEBUG 12096 --- [http-nio-8082-exec-5] c.h.cart.mapper.CartMapper.selectCount   : ==> Parameters: 3(Long)
19:34:42:488 DEBUG 12096 --- [http-nio-8082-exec-5] c.h.cart.mapper.CartMapper.selectCount   : <==      Total: 1
19:34:42:526 DEBUG 12096 --- [http-nio-8082-exec-5] com.hmall.cart.mapper.CartMapper.insert  : ==>  Preparing: INSERT INTO cart ( user_id, item_id, name, spec, price, image ) VALUES ( ?, ?, ?, ?, ?, ? )
19:34:42:527 DEBUG 12096 --- [http-nio-8082-exec-5] com.hmall.cart.mapper.CartMapper.insert  : ==> Parameters: 3(Long), 5284203(Long), 华为 HUAWEI Mate 10 6GB+128GB 香槟金 移动联通电信4G手机 双卡双待(String), {"颜色": "槟色", "选择内存": "128GB"}(String), 429400(Integer), https://m.360buyimg.com/mobilecms/s720x720_jfs/t10414/363/1280355182/335902/18c2b152/59ded64fNfdb4e9da.jpg!q70.jpg.webp(String)
19:34:42:539 DEBUG 12096 --- [http-nio-8082-exec-5] com.hmall.cart.mapper.CartMapper.insert  : <==    Updates: 1
19:34:42:583 DEBUG 12096 --- [http-nio-8082-exec-6] c.h.cart.mapper.CartMapper.selectList    : ==>  Preparing: SELECT id,user_id,item_id,num,name,spec,price,image,create_time,update_time FROM cart WHERE (user_id = ?)
19:34:42:583 DEBUG 12096 --- [http-nio-8082-exec-6] c.h.cart.mapper.CartMapper.selectList    : ==> Parameters: 3(Long)
19:34:42:587 DEBUG 12096 --- [http-nio-8082-exec-6] c.h.cart.mapper.CartMapper.selectList    : <==      Total: 1
19:34:42:676  INFO 12096 --- [http-nio-8082-exec-6] com.alibaba.nacos.client.naming          : new ips(2) service: DEFAULT_GROUP@@item-service -> [{"instanceId":"192.168.79.1#8083#DEFAULT#DEFAULT_GROUP@@item-service","ip":"192.168.79.1","port":8083,"weight":1.0,"healthy":true,"enabled":true,"ephemeral":true,"clusterName":"DEFAULT","serviceName":"DEFAULT_GROUP@@item-service","metadata":{"preserved.register.source":"SPRING_CLOUD"},"instanceHeartBeatInterval":5000,"instanceHeartBeatTimeOut":15000,"ipDeleteTimeout":30000},{"instanceId":"192.168.79.1#8081#DEFAULT#DEFAULT_GROUP@@item-service","ip":"192.168.79.1","port":8081,"weight":1.0,"healthy":true,"enabled":true,"ephemeral":true,"clusterName":"DEFAULT","serviceName":"DEFAULT_GROUP@@item-service","metadata":{"preserved.register.source":"SPRING_CLOUD"},"instanceHeartBeatInterval":5000,"instanceHeartBeatTimeOut":15000,"ipDeleteTimeout":30000}]
19:34:42:677  INFO 12096 --- [http-nio-8082-exec-6] com.alibaba.nacos.client.naming          : current ips:(2) service: DEFAULT_GROUP@@item-service -> [{"instanceId":"192.168.79.1#8083#DEFAULT#DEFAULT_GROUP@@item-service","ip":"192.168.79.1","port":8083,"weight":1.0,"healthy":true,"enabled":true,"ephemeral":true,"clusterName":"DEFAULT","serviceName":"DEFAULT_GROUP@@item-service","metadata":{"preserved.register.source":"SPRING_CLOUD"},"instanceHeartBeatInterval":5000,"instanceHeartBeatTimeOut":15000,"ipDeleteTimeout":30000},{"instanceId":"192.168.79.1#8081#DEFAULT#DEFAULT_GROUP@@item-service","ip":"192.168.79.1","port":8081,"weight":1.0,"healthy":true,"enabled":true,"ephemeral":true,"clusterName":"DEFAULT","serviceName":"DEFAULT_GROUP@@item-service","metadata":{"preserved.register.source":"SPRING_CLOUD"},"instanceHeartBeatInterval":5000,"instanceHeartBeatTimeOut":15000,"ipDeleteTimeout":30000}]
19:34:43:276  INFO 12096 --- [com.alibaba.nacos.naming.push.receiver] com.alibaba.nacos.client.naming          : received push data: {"type":"dom","data":"{\"name\":\"DEFAULT_GROUP@@item-service\",\"clusters\":\"\",\"cacheMillis\":10000,\"hosts\":[{\"instanceId\":\"192.168.79.1#8083#DEFAULT#DEFAULT_GROUP@@item-service\",\"ip\":\"192.168.79.1\",\"port\":8083,\"weight\":1.0,\"healthy\":true,\"enabled\":true,\"ephemeral\":true,\"clusterName\":\"DEFAULT\",\"serviceName\":\"DEFAULT_GROUP@@item-service\",\"metadata\":{\"preserved.register.source\":\"SPRING_CLOUD\"},\"instanceHeartBeatInterval\":5000,\"instanceHeartBeatTimeOut\":15000,\"ipDeleteTimeout\":30000},{\"instanceId\":\"192.168.79.1#8081#DEFAULT#DEFAULT_GROUP@@item-service\",\"ip\":\"192.168.79.1\",\"port\":8081,\"weight\":1.0,\"healthy\":true,\"enabled\":true,\"ephemeral\":true,\"clusterName\":\"DEFAULT\",\"serviceName\":\"DEFAULT_GROUP@@item-service\",\"metadata\":{\"preserved.register.source\":\"SPRING_CLOUD\"},\"instanceHeartBeatInterval\":5000,\"instanceHeartBeatTimeOut\":15000,\"ipDeleteTimeout\":30000}],\"lastRefTime\":1740915283065,\"checksum\":\"\",\"allIPs\":false,\"reachProtectionThreshold\":false,\"valid\":true}","lastRefTime":22083631241157} from /192.168.200.129
19:34:46:475 DEBUG 12096 --- [http-nio-8082-exec-7] com.hmall.cart.mapper.CartMapper.delete  : ==>  Preparing: DELETE FROM cart WHERE (user_id = ? AND item_id IN (?))
19:34:46:476 DEBUG 12096 --- [http-nio-8082-exec-7] com.hmall.cart.mapper.CartMapper.delete  : ==> Parameters: 3(Long), 5284203(Long)
19:34:46:478 DEBUG 12096 --- [http-nio-8082-exec-7] com.hmall.cart.mapper.CartMapper.delete  : <==    Updates: 1
19:37:12:577  WARN 12096 --- [Thread-1] c.a.n.common.http.HttpClientBeanHolder   : [HttpClientBeanHolder] Start destroying common HttpClient
19:37:12:577  WARN 12096 --- [Thread-12] c.a.nacos.common.notify.NotifyCenter     : [NotifyCenter] Start destroying Publisher
19:37:12:578  WARN 12096 --- [Thread-12] c.a.nacos.common.notify.NotifyCenter     : [NotifyCenter] Destruction of the end
19:37:12:579  WARN 12096 --- [Thread-1] c.a.n.common.http.HttpClientBeanHolder   : [HttpClientBeanHolder] Destruction of the end
19:37:13:181  INFO 12096 --- [SpringApplicationShutdownHook] c.a.c.n.registry.NacosServiceRegistry    : De-registering from Nacos Server now...
19:37:13:181  INFO 12096 --- [SpringApplicationShutdownHook] com.alibaba.nacos.client.naming          : [BEAT] removing beat: DEFAULT_GROUP@@cart-service:192.168.79.1:8082 from beat map.
19:37:13:181  INFO 12096 --- [SpringApplicationShutdownHook] com.alibaba.nacos.client.naming          : [DEREGISTER-SERVICE] public deregistering service DEFAULT_GROUP@@cart-service with instance: Instance{instanceId='null', ip='192.168.79.1', port=8082, weight=1.0, healthy=true, enabled=true, ephemeral=true, clusterName='DEFAULT', serviceName='null', metadata={}}
19:37:13:183  INFO 12096 --- [SpringApplicationShutdownHook] c.a.c.n.registry.NacosServiceRegistry    : De-registration finished.
19:37:13:183  INFO 12096 --- [SpringApplicationShutdownHook] com.alibaba.nacos.client.naming          : com.alibaba.nacos.client.naming.beat.BeatReactor do shutdown begin
19:37:13:766  INFO 12096 --- [com.alibaba.nacos.naming.push.receiver] com.alibaba.nacos.client.naming          : received push data: {"type":"dom","data":"{\"name\":\"DEFAULT_GROUP@@item-service\",\"clusters\":\"\",\"cacheMillis\":10000,\"hosts\":[],\"lastRefTime\":1740915433556,\"checksum\":\"\",\"allIPs\":false,\"reachProtectionThreshold\":false,\"valid\":true}","lastRefTime":22234122189212} from /192.168.200.129
19:37:13:767  INFO 12096 --- [com.alibaba.nacos.naming.push.receiver] com.alibaba.nacos.client.naming          : removed ips(2) service: DEFAULT_GROUP@@item-service -> [{"instanceId":"192.168.79.1#8083#DEFAULT#DEFAULT_GROUP@@item-service","ip":"192.168.79.1","port":8083,"weight":1.0,"healthy":true,"enabled":true,"ephemeral":true,"clusterName":"DEFAULT","serviceName":"DEFAULT_GROUP@@item-service","metadata":{"preserved.register.source":"SPRING_CLOUD"},"instanceHeartBeatInterval":5000,"instanceHeartBeatTimeOut":15000,"ipDeleteTimeout":30000},{"instanceId":"192.168.79.1#8081#DEFAULT#DEFAULT_GROUP@@item-service","ip":"192.168.79.1","port":8081,"weight":1.0,"healthy":true,"enabled":true,"ephemeral":true,"clusterName":"DEFAULT","serviceName":"DEFAULT_GROUP@@item-service","metadata":{"preserved.register.source":"SPRING_CLOUD"},"instanceHeartBeatInterval":5000,"instanceHeartBeatTimeOut":15000,"ipDeleteTimeout":30000}]
19:37:13:769  INFO 12096 --- [com.alibaba.nacos.naming.push.receiver] com.alibaba.nacos.client.naming          : current ips:(0) service: DEFAULT_GROUP@@item-service -> []
19:37:13:773  INFO 12096 --- [com.alibaba.nacos.naming.push.receiver] com.alibaba.nacos.client.naming          : received push data: {"type":"dom","data":"{\"name\":\"DEFAULT_GROUP@@cart-service\",\"clusters\":\"DEFAULT\",\"cacheMillis\":10000,\"hosts\":[],\"lastRefTime\":1740915433556,\"checksum\":\"\",\"allIPs\":false,\"reachProtectionThreshold\":false,\"valid\":true}","lastRefTime":22234122464931} from /192.168.200.129
19:37:13:773  INFO 12096 --- [com.alibaba.nacos.naming.push.receiver] com.alibaba.nacos.client.naming          : removed ips(1) service: DEFAULT_GROUP@@cart-service@@DEFAULT -> [{"instanceId":"192.168.79.1#8082#DEFAULT#DEFAULT_GROUP@@cart-service","ip":"192.168.79.1","port":8082,"weight":1.0,"healthy":true,"enabled":true,"ephemeral":true,"clusterName":"DEFAULT","serviceName":"DEFAULT_GROUP@@cart-service","metadata":{"preserved.register.source":"SPRING_CLOUD"},"instanceHeartBeatInterval":5000,"instanceHeartBeatTimeOut":15000,"ipDeleteTimeout":30000}]
19:37:13:774  INFO 12096 --- [com.alibaba.nacos.naming.push.receiver] com.alibaba.nacos.client.naming          : current ips:(0) service: DEFAULT_GROUP@@cart-service@@DEFAULT -> []
19:37:15:205  INFO 12096 --- [SpringApplicationShutdownHook] com.alibaba.nacos.client.naming          : com.alibaba.nacos.client.naming.beat.BeatReactor do shutdown stop
19:37:15:205  INFO 12096 --- [SpringApplicationShutdownHook] com.alibaba.nacos.client.naming          : com.alibaba.nacos.client.naming.core.HostReactor do shutdown begin
19:37:18:207  INFO 12096 --- [SpringApplicationShutdownHook] com.alibaba.nacos.client.naming          : com.alibaba.nacos.client.naming.core.PushReceiver do shutdown begin
19:37:21:210  INFO 12096 --- [SpringApplicationShutdownHook] com.alibaba.nacos.client.naming          : com.alibaba.nacos.client.naming.core.PushReceiver do shutdown stop
19:37:21:211  INFO 12096 --- [SpringApplicationShutdownHook] com.alibaba.nacos.client.naming          : com.alibaba.nacos.client.naming.backups.FailoverReactor do shutdown begin
19:37:21:211  INFO 12096 --- [SpringApplicationShutdownHook] com.alibaba.nacos.client.naming          : com.alibaba.nacos.client.naming.backups.FailoverReactor do shutdown stop
19:37:21:211  INFO 12096 --- [SpringApplicationShutdownHook] com.alibaba.nacos.client.naming          : com.alibaba.nacos.client.naming.core.HostReactor do shutdown stop
19:37:21:211  INFO 12096 --- [SpringApplicationShutdownHook] com.alibaba.nacos.client.naming          : com.alibaba.nacos.client.naming.net.NamingProxy do shutdown begin
19:37:21:212  WARN 12096 --- [SpringApplicationShutdownHook] com.alibaba.nacos.client.naming          : [NamingHttpClientManager] Start destroying NacosRestTemplate
19:37:21:212  WARN 12096 --- [SpringApplicationShutdownHook] com.alibaba.nacos.client.naming          : [NamingHttpClientManager] Destruction of the end
19:37:21:212  INFO 12096 --- [SpringApplicationShutdownHook] c.a.n.client.identify.CredentialWatcher  : [null] CredentialWatcher is stopped
19:37:21:212  INFO 12096 --- [SpringApplicationShutdownHook] c.a.n.client.identify.CredentialService  : [null] CredentialService is freed
19:37:21:212  INFO 12096 --- [SpringApplicationShutdownHook] com.alibaba.nacos.client.naming          : com.alibaba.nacos.client.naming.net.NamingProxy do shutdown stop
19:37:21:215  INFO 12096 --- [SpringApplicationShutdownHook] com.zaxxer.hikari.HikariDataSource       : HikariPool-1 - Shutdown initiated...
19:37:21:230  INFO 12096 --- [SpringApplicationShutdownHook] com.zaxxer.hikari.HikariDataSource       : HikariPool-1 - Shutdown completed.
