13:43:23:120  INFO 15912 --- [main] com.hmall.item.ItemApplication           : Starting ItemApplication using Java 11.0.24 on 扬名立万 with PID 15912 (F:\bishe\hmsc\hmall\item-service\target\classes started by 沈从文 in F:\bishe\hmsc\hmall)
13:43:23:126 DEBUG 15912 --- [main] com.hmall.item.ItemApplication           : Running with Spring Boot v2.7.12, Spring v5.3.27
13:43:23:127  INFO 15912 --- [main] com.hmall.item.ItemApplication           : The following 1 profile is active: "local"
13:43:24:274 ERROR 15912 --- [main] o.s.boot.SpringApplication               : Application run failed

java.lang.IllegalStateException: Error processing condition on com.hmall.common.config.MyBatisConfig.mybatisPlusInterceptor
	at org.springframework.boot.autoconfigure.condition.SpringBootCondition.matches(SpringBootCondition.java:60) ~[spring-boot-autoconfigure-2.7.12.jar:2.7.12]
	at org.springframework.context.annotation.ConditionEvaluator.shouldSkip(ConditionEvaluator.java:108) ~[spring-context-5.3.27.jar:5.3.27]
	at org.springframework.context.annotation.ConfigurationClassBeanDefinitionReader.loadBeanDefinitionsForBeanMethod(ConfigurationClassBeanDefinitionReader.java:193) ~[spring-context-5.3.27.jar:5.3.27]
	at org.springframework.context.annotation.ConfigurationClassBeanDefinitionReader.loadBeanDefinitionsForConfigurationClass(ConfigurationClassBeanDefinitionReader.java:153) ~[spring-context-5.3.27.jar:5.3.27]
	at org.springframework.context.annotation.ConfigurationClassBeanDefinitionReader.loadBeanDefinitions(ConfigurationClassBeanDefinitionReader.java:129) ~[spring-context-5.3.27.jar:5.3.27]
	at org.springframework.context.annotation.ConfigurationClassPostProcessor.processConfigBeanDefinitions(ConfigurationClassPostProcessor.java:343) ~[spring-context-5.3.27.jar:5.3.27]
	at org.springframework.context.annotation.ConfigurationClassPostProcessor.postProcessBeanDefinitionRegistry(ConfigurationClassPostProcessor.java:247) ~[spring-context-5.3.27.jar:5.3.27]
	at org.springframework.context.support.PostProcessorRegistrationDelegate.invokeBeanDefinitionRegistryPostProcessors(PostProcessorRegistrationDelegate.java:311) ~[spring-context-5.3.27.jar:5.3.27]
	at org.springframework.context.support.PostProcessorRegistrationDelegate.invokeBeanFactoryPostProcessors(PostProcessorRegistrationDelegate.java:112) ~[spring-context-5.3.27.jar:5.3.27]
	at org.springframework.context.support.AbstractApplicationContext.invokeBeanFactoryPostProcessors(AbstractApplicationContext.java:748) ~[spring-context-5.3.27.jar:5.3.27]
	at org.springframework.context.support.AbstractApplicationContext.refresh(AbstractApplicationContext.java:564) ~[spring-context-5.3.27.jar:5.3.27]
	at org.springframework.boot.web.servlet.context.ServletWebServerApplicationContext.refresh(ServletWebServerApplicationContext.java:147) ~[spring-boot-2.7.12.jar:2.7.12]
	at org.springframework.boot.SpringApplication.refresh(SpringApplication.java:731) ~[spring-boot-2.7.12.jar:2.7.12]
	at org.springframework.boot.SpringApplication.refreshContext(SpringApplication.java:408) ~[spring-boot-2.7.12.jar:2.7.12]
	at org.springframework.boot.SpringApplication.run(SpringApplication.java:307) ~[spring-boot-2.7.12.jar:2.7.12]
	at org.springframework.boot.SpringApplication.run(SpringApplication.java:1303) ~[spring-boot-2.7.12.jar:2.7.12]
	at org.springframework.boot.SpringApplication.run(SpringApplication.java:1292) ~[spring-boot-2.7.12.jar:2.7.12]
	at com.hmall.item.ItemApplication.main(ItemApplication.java:11) ~[classes/:na]
Caused by: java.lang.IllegalStateException: Failed to introspect Class [com.hmall.common.config.MqConfig] from ClassLoader [jdk.internal.loader.ClassLoaders$AppClassLoader@1f89ab83]
	at org.springframework.util.ReflectionUtils.getDeclaredMethods(ReflectionUtils.java:485) ~[spring-core-5.3.27.jar:5.3.27]
	at org.springframework.util.ReflectionUtils.doWithMethods(ReflectionUtils.java:361) ~[spring-core-5.3.27.jar:5.3.27]
	at org.springframework.util.ReflectionUtils.getUniqueDeclaredMethods(ReflectionUtils.java:418) ~[spring-core-5.3.27.jar:5.3.27]
	at org.springframework.beans.factory.support.AbstractAutowireCapableBeanFactory.lambda$getTypeForFactoryMethod$2(AbstractAutowireCapableBeanFactory.java:765) ~[spring-beans-5.3.27.jar:5.3.27]
	at java.base/java.util.concurrent.ConcurrentHashMap.computeIfAbsent(ConcurrentHashMap.java:1705) ~[na:na]
	at org.springframework.beans.factory.support.AbstractAutowireCapableBeanFactory.getTypeForFactoryMethod(AbstractAutowireCapableBeanFactory.java:764) ~[spring-beans-5.3.27.jar:5.3.27]
	at org.springframework.beans.factory.support.AbstractAutowireCapableBeanFactory.determineTargetType(AbstractAutowireCapableBeanFactory.java:703) ~[spring-beans-5.3.27.jar:5.3.27]
	at org.springframework.beans.factory.support.AbstractAutowireCapableBeanFactory.predictBeanType(AbstractAutowireCapableBeanFactory.java:674) ~[spring-beans-5.3.27.jar:5.3.27]
	at org.springframework.beans.factory.support.AbstractBeanFactory.isFactoryBean(AbstractBeanFactory.java:1684) ~[spring-beans-5.3.27.jar:5.3.27]
	at org.springframework.beans.factory.support.DefaultListableBeanFactory.doGetBeanNamesForType(DefaultListableBeanFactory.java:570) ~[spring-beans-5.3.27.jar:5.3.27]
	at org.springframework.beans.factory.support.DefaultListableBeanFactory.getBeanNamesForType(DefaultListableBeanFactory.java:542) ~[spring-beans-5.3.27.jar:5.3.27]
	at org.springframework.boot.autoconfigure.condition.OnBeanCondition.collectBeanNamesForType(OnBeanCondition.java:246) ~[spring-boot-autoconfigure-2.7.12.jar:2.7.12]
	at org.springframework.boot.autoconfigure.condition.OnBeanCondition.getBeanNamesForType(OnBeanCondition.java:239) ~[spring-boot-autoconfigure-2.7.12.jar:2.7.12]
	at org.springframework.boot.autoconfigure.condition.OnBeanCondition.getBeanNamesForType(OnBeanCondition.java:229) ~[spring-boot-autoconfigure-2.7.12.jar:2.7.12]
	at org.springframework.boot.autoconfigure.condition.OnBeanCondition.getMatchingBeans(OnBeanCondition.java:182) ~[spring-boot-autoconfigure-2.7.12.jar:2.7.12]
	at org.springframework.boot.autoconfigure.condition.OnBeanCondition.getMatchOutcome(OnBeanCondition.java:157) ~[spring-boot-autoconfigure-2.7.12.jar:2.7.12]
	at org.springframework.boot.autoconfigure.condition.SpringBootCondition.matches(SpringBootCondition.java:47) ~[spring-boot-autoconfigure-2.7.12.jar:2.7.12]
	... 17 common frames omitted
Caused by: java.lang.NoClassDefFoundError: org/springframework/amqp/support/converter/MessageConverter
	at java.base/java.lang.Class.getDeclaredMethods0(Native Method) ~[na:na]
	at java.base/java.lang.Class.privateGetDeclaredMethods(Class.java:3166) ~[na:na]
	at java.base/java.lang.Class.getDeclaredMethods(Class.java:2309) ~[na:na]
	at org.springframework.util.ReflectionUtils.getDeclaredMethods(ReflectionUtils.java:467) ~[spring-core-5.3.27.jar:5.3.27]
	... 33 common frames omitted
Caused by: java.lang.ClassNotFoundException: org.springframework.amqp.support.converter.MessageConverter
	at java.base/jdk.internal.loader.BuiltinClassLoader.loadClass(BuiltinClassLoader.java:581) ~[na:na]
	at java.base/jdk.internal.loader.ClassLoaders$AppClassLoader.loadClass(ClassLoaders.java:178) ~[na:na]
	at java.base/java.lang.ClassLoader.loadClass(ClassLoader.java:527) ~[na:na]
	... 37 common frames omitted

13:43:24:279  WARN 15912 --- [main] o.s.boot.SpringApplication               : Unable to close ApplicationContext

java.lang.IllegalStateException: Failed to introspect Class [com.hmall.common.config.MqConfig] from ClassLoader [jdk.internal.loader.ClassLoaders$AppClassLoader@1f89ab83]
	at org.springframework.util.ReflectionUtils.getDeclaredMethods(ReflectionUtils.java:485) ~[spring-core-5.3.27.jar:5.3.27]
	at org.springframework.util.ReflectionUtils.doWithMethods(ReflectionUtils.java:361) ~[spring-core-5.3.27.jar:5.3.27]
	at org.springframework.util.ReflectionUtils.getUniqueDeclaredMethods(ReflectionUtils.java:418) ~[spring-core-5.3.27.jar:5.3.27]
	at org.springframework.beans.factory.support.AbstractAutowireCapableBeanFactory.lambda$getTypeForFactoryMethod$2(AbstractAutowireCapableBeanFactory.java:765) ~[spring-beans-5.3.27.jar:5.3.27]
	at java.base/java.util.concurrent.ConcurrentHashMap.computeIfAbsent(ConcurrentHashMap.java:1705) ~[na:na]
	at org.springframework.beans.factory.support.AbstractAutowireCapableBeanFactory.getTypeForFactoryMethod(AbstractAutowireCapableBeanFactory.java:764) ~[spring-beans-5.3.27.jar:5.3.27]
	at org.springframework.beans.factory.support.AbstractAutowireCapableBeanFactory.determineTargetType(AbstractAutowireCapableBeanFactory.java:703) ~[spring-beans-5.3.27.jar:5.3.27]
	at org.springframework.beans.factory.support.AbstractAutowireCapableBeanFactory.predictBeanType(AbstractAutowireCapableBeanFactory.java:674) ~[spring-beans-5.3.27.jar:5.3.27]
	at org.springframework.beans.factory.support.AbstractBeanFactory.isFactoryBean(AbstractBeanFactory.java:1684) ~[spring-beans-5.3.27.jar:5.3.27]
	at org.springframework.beans.factory.support.DefaultListableBeanFactory.doGetBeanNamesForType(DefaultListableBeanFactory.java:570) ~[spring-beans-5.3.27.jar:5.3.27]
	at org.springframework.beans.factory.support.DefaultListableBeanFactory.getBeanNamesForType(DefaultListableBeanFactory.java:542) ~[spring-beans-5.3.27.jar:5.3.27]
	at org.springframework.beans.factory.support.DefaultListableBeanFactory.getBeansOfType(DefaultListableBeanFactory.java:669) ~[spring-beans-5.3.27.jar:5.3.27]
	at org.springframework.beans.factory.support.DefaultListableBeanFactory.getBeansOfType(DefaultListableBeanFactory.java:661) ~[spring-beans-5.3.27.jar:5.3.27]
	at org.springframework.context.support.AbstractApplicationContext.getBeansOfType(AbstractApplicationContext.java:1302) ~[spring-context-5.3.27.jar:5.3.27]
	at org.springframework.boot.SpringApplication.getExitCodeFromMappedException(SpringApplication.java:864) ~[spring-boot-2.7.12.jar:2.7.12]
	at org.springframework.boot.SpringApplication.getExitCodeFromException(SpringApplication.java:852) ~[spring-boot-2.7.12.jar:2.7.12]
	at org.springframework.boot.SpringApplication.handleExitCode(SpringApplication.java:839) ~[spring-boot-2.7.12.jar:2.7.12]
	at org.springframework.boot.SpringApplication.handleRunFailure(SpringApplication.java:779) ~[spring-boot-2.7.12.jar:2.7.12]
	at org.springframework.boot.SpringApplication.run(SpringApplication.java:317) ~[spring-boot-2.7.12.jar:2.7.12]
	at org.springframework.boot.SpringApplication.run(SpringApplication.java:1303) ~[spring-boot-2.7.12.jar:2.7.12]
	at org.springframework.boot.SpringApplication.run(SpringApplication.java:1292) ~[spring-boot-2.7.12.jar:2.7.12]
	at com.hmall.item.ItemApplication.main(ItemApplication.java:11) ~[classes/:na]
Caused by: java.lang.NoClassDefFoundError: org/springframework/amqp/support/converter/MessageConverter
	at java.base/java.lang.Class.getDeclaredMethods0(Native Method) ~[na:na]
	at java.base/java.lang.Class.privateGetDeclaredMethods(Class.java:3166) ~[na:na]
	at java.base/java.lang.Class.getDeclaredMethods(Class.java:2309) ~[na:na]
	at org.springframework.util.ReflectionUtils.getDeclaredMethods(ReflectionUtils.java:467) ~[spring-core-5.3.27.jar:5.3.27]
	... 21 common frames omitted
Caused by: java.lang.ClassNotFoundException: org.springframework.amqp.support.converter.MessageConverter
	at java.base/jdk.internal.loader.BuiltinClassLoader.loadClass(BuiltinClassLoader.java:581) ~[na:na]
	at java.base/jdk.internal.loader.ClassLoaders$AppClassLoader.loadClass(ClassLoaders.java:178) ~[na:na]
	at java.base/java.lang.ClassLoader.loadClass(ClassLoader.java:527) ~[na:na]
	... 25 common frames omitted

13:43:28:139  INFO 12264 --- [main] com.hmall.item.ItemApplication           : Starting ItemApplication using Java 11.0.24 on 扬名立万 with PID 12264 (F:\bishe\hmsc\hmall\item-service\target\classes started by 沈从文 in F:\bishe\hmsc\hmall)
13:43:28:143 DEBUG 12264 --- [main] com.hmall.item.ItemApplication           : Running with Spring Boot v2.7.12, Spring v5.3.27
13:43:28:143  INFO 12264 --- [main] com.hmall.item.ItemApplication           : The following 1 profile is active: "local"
13:43:29:279 ERROR 12264 --- [main] o.s.boot.SpringApplication               : Application run failed

java.lang.IllegalStateException: Error processing condition on com.hmall.common.config.MyBatisConfig.mybatisPlusInterceptor
	at org.springframework.boot.autoconfigure.condition.SpringBootCondition.matches(SpringBootCondition.java:60) ~[spring-boot-autoconfigure-2.7.12.jar:2.7.12]
	at org.springframework.context.annotation.ConditionEvaluator.shouldSkip(ConditionEvaluator.java:108) ~[spring-context-5.3.27.jar:5.3.27]
	at org.springframework.context.annotation.ConfigurationClassBeanDefinitionReader.loadBeanDefinitionsForBeanMethod(ConfigurationClassBeanDefinitionReader.java:193) ~[spring-context-5.3.27.jar:5.3.27]
	at org.springframework.context.annotation.ConfigurationClassBeanDefinitionReader.loadBeanDefinitionsForConfigurationClass(ConfigurationClassBeanDefinitionReader.java:153) ~[spring-context-5.3.27.jar:5.3.27]
	at org.springframework.context.annotation.ConfigurationClassBeanDefinitionReader.loadBeanDefinitions(ConfigurationClassBeanDefinitionReader.java:129) ~[spring-context-5.3.27.jar:5.3.27]
	at org.springframework.context.annotation.ConfigurationClassPostProcessor.processConfigBeanDefinitions(ConfigurationClassPostProcessor.java:343) ~[spring-context-5.3.27.jar:5.3.27]
	at org.springframework.context.annotation.ConfigurationClassPostProcessor.postProcessBeanDefinitionRegistry(ConfigurationClassPostProcessor.java:247) ~[spring-context-5.3.27.jar:5.3.27]
	at org.springframework.context.support.PostProcessorRegistrationDelegate.invokeBeanDefinitionRegistryPostProcessors(PostProcessorRegistrationDelegate.java:311) ~[spring-context-5.3.27.jar:5.3.27]
	at org.springframework.context.support.PostProcessorRegistrationDelegate.invokeBeanFactoryPostProcessors(PostProcessorRegistrationDelegate.java:112) ~[spring-context-5.3.27.jar:5.3.27]
	at org.springframework.context.support.AbstractApplicationContext.invokeBeanFactoryPostProcessors(AbstractApplicationContext.java:748) ~[spring-context-5.3.27.jar:5.3.27]
	at org.springframework.context.support.AbstractApplicationContext.refresh(AbstractApplicationContext.java:564) ~[spring-context-5.3.27.jar:5.3.27]
	at org.springframework.boot.web.servlet.context.ServletWebServerApplicationContext.refresh(ServletWebServerApplicationContext.java:147) ~[spring-boot-2.7.12.jar:2.7.12]
	at org.springframework.boot.SpringApplication.refresh(SpringApplication.java:731) ~[spring-boot-2.7.12.jar:2.7.12]
	at org.springframework.boot.SpringApplication.refreshContext(SpringApplication.java:408) ~[spring-boot-2.7.12.jar:2.7.12]
	at org.springframework.boot.SpringApplication.run(SpringApplication.java:307) ~[spring-boot-2.7.12.jar:2.7.12]
	at org.springframework.boot.SpringApplication.run(SpringApplication.java:1303) ~[spring-boot-2.7.12.jar:2.7.12]
	at org.springframework.boot.SpringApplication.run(SpringApplication.java:1292) ~[spring-boot-2.7.12.jar:2.7.12]
	at com.hmall.item.ItemApplication.main(ItemApplication.java:11) ~[classes/:na]
Caused by: java.lang.IllegalStateException: Failed to introspect Class [com.hmall.common.config.MqConfig] from ClassLoader [jdk.internal.loader.ClassLoaders$AppClassLoader@1f89ab83]
	at org.springframework.util.ReflectionUtils.getDeclaredMethods(ReflectionUtils.java:485) ~[spring-core-5.3.27.jar:5.3.27]
	at org.springframework.util.ReflectionUtils.doWithMethods(ReflectionUtils.java:361) ~[spring-core-5.3.27.jar:5.3.27]
	at org.springframework.util.ReflectionUtils.getUniqueDeclaredMethods(ReflectionUtils.java:418) ~[spring-core-5.3.27.jar:5.3.27]
	at org.springframework.beans.factory.support.AbstractAutowireCapableBeanFactory.lambda$getTypeForFactoryMethod$2(AbstractAutowireCapableBeanFactory.java:765) ~[spring-beans-5.3.27.jar:5.3.27]
	at java.base/java.util.concurrent.ConcurrentHashMap.computeIfAbsent(ConcurrentHashMap.java:1705) ~[na:na]
	at org.springframework.beans.factory.support.AbstractAutowireCapableBeanFactory.getTypeForFactoryMethod(AbstractAutowireCapableBeanFactory.java:764) ~[spring-beans-5.3.27.jar:5.3.27]
	at org.springframework.beans.factory.support.AbstractAutowireCapableBeanFactory.determineTargetType(AbstractAutowireCapableBeanFactory.java:703) ~[spring-beans-5.3.27.jar:5.3.27]
	at org.springframework.beans.factory.support.AbstractAutowireCapableBeanFactory.predictBeanType(AbstractAutowireCapableBeanFactory.java:674) ~[spring-beans-5.3.27.jar:5.3.27]
	at org.springframework.beans.factory.support.AbstractBeanFactory.isFactoryBean(AbstractBeanFactory.java:1684) ~[spring-beans-5.3.27.jar:5.3.27]
	at org.springframework.beans.factory.support.DefaultListableBeanFactory.doGetBeanNamesForType(DefaultListableBeanFactory.java:570) ~[spring-beans-5.3.27.jar:5.3.27]
	at org.springframework.beans.factory.support.DefaultListableBeanFactory.getBeanNamesForType(DefaultListableBeanFactory.java:542) ~[spring-beans-5.3.27.jar:5.3.27]
	at org.springframework.boot.autoconfigure.condition.OnBeanCondition.collectBeanNamesForType(OnBeanCondition.java:246) ~[spring-boot-autoconfigure-2.7.12.jar:2.7.12]
	at org.springframework.boot.autoconfigure.condition.OnBeanCondition.getBeanNamesForType(OnBeanCondition.java:239) ~[spring-boot-autoconfigure-2.7.12.jar:2.7.12]
	at org.springframework.boot.autoconfigure.condition.OnBeanCondition.getBeanNamesForType(OnBeanCondition.java:229) ~[spring-boot-autoconfigure-2.7.12.jar:2.7.12]
	at org.springframework.boot.autoconfigure.condition.OnBeanCondition.getMatchingBeans(OnBeanCondition.java:182) ~[spring-boot-autoconfigure-2.7.12.jar:2.7.12]
	at org.springframework.boot.autoconfigure.condition.OnBeanCondition.getMatchOutcome(OnBeanCondition.java:157) ~[spring-boot-autoconfigure-2.7.12.jar:2.7.12]
	at org.springframework.boot.autoconfigure.condition.SpringBootCondition.matches(SpringBootCondition.java:47) ~[spring-boot-autoconfigure-2.7.12.jar:2.7.12]
	... 17 common frames omitted
Caused by: java.lang.NoClassDefFoundError: org/springframework/amqp/support/converter/MessageConverter
	at java.base/java.lang.Class.getDeclaredMethods0(Native Method) ~[na:na]
	at java.base/java.lang.Class.privateGetDeclaredMethods(Class.java:3166) ~[na:na]
	at java.base/java.lang.Class.getDeclaredMethods(Class.java:2309) ~[na:na]
	at org.springframework.util.ReflectionUtils.getDeclaredMethods(ReflectionUtils.java:467) ~[spring-core-5.3.27.jar:5.3.27]
	... 33 common frames omitted
Caused by: java.lang.ClassNotFoundException: org.springframework.amqp.support.converter.MessageConverter
	at java.base/jdk.internal.loader.BuiltinClassLoader.loadClass(BuiltinClassLoader.java:581) ~[na:na]
	at java.base/jdk.internal.loader.ClassLoaders$AppClassLoader.loadClass(ClassLoaders.java:178) ~[na:na]
	at java.base/java.lang.ClassLoader.loadClass(ClassLoader.java:527) ~[na:na]
	... 37 common frames omitted

13:43:29:283  WARN 12264 --- [main] o.s.boot.SpringApplication               : Unable to close ApplicationContext

java.lang.IllegalStateException: Failed to introspect Class [com.hmall.common.config.MqConfig] from ClassLoader [jdk.internal.loader.ClassLoaders$AppClassLoader@1f89ab83]
	at org.springframework.util.ReflectionUtils.getDeclaredMethods(ReflectionUtils.java:485) ~[spring-core-5.3.27.jar:5.3.27]
	at org.springframework.util.ReflectionUtils.doWithMethods(ReflectionUtils.java:361) ~[spring-core-5.3.27.jar:5.3.27]
	at org.springframework.util.ReflectionUtils.getUniqueDeclaredMethods(ReflectionUtils.java:418) ~[spring-core-5.3.27.jar:5.3.27]
	at org.springframework.beans.factory.support.AbstractAutowireCapableBeanFactory.lambda$getTypeForFactoryMethod$2(AbstractAutowireCapableBeanFactory.java:765) ~[spring-beans-5.3.27.jar:5.3.27]
	at java.base/java.util.concurrent.ConcurrentHashMap.computeIfAbsent(ConcurrentHashMap.java:1705) ~[na:na]
	at org.springframework.beans.factory.support.AbstractAutowireCapableBeanFactory.getTypeForFactoryMethod(AbstractAutowireCapableBeanFactory.java:764) ~[spring-beans-5.3.27.jar:5.3.27]
	at org.springframework.beans.factory.support.AbstractAutowireCapableBeanFactory.determineTargetType(AbstractAutowireCapableBeanFactory.java:703) ~[spring-beans-5.3.27.jar:5.3.27]
	at org.springframework.beans.factory.support.AbstractAutowireCapableBeanFactory.predictBeanType(AbstractAutowireCapableBeanFactory.java:674) ~[spring-beans-5.3.27.jar:5.3.27]
	at org.springframework.beans.factory.support.AbstractBeanFactory.isFactoryBean(AbstractBeanFactory.java:1684) ~[spring-beans-5.3.27.jar:5.3.27]
	at org.springframework.beans.factory.support.DefaultListableBeanFactory.doGetBeanNamesForType(DefaultListableBeanFactory.java:570) ~[spring-beans-5.3.27.jar:5.3.27]
	at org.springframework.beans.factory.support.DefaultListableBeanFactory.getBeanNamesForType(DefaultListableBeanFactory.java:542) ~[spring-beans-5.3.27.jar:5.3.27]
	at org.springframework.beans.factory.support.DefaultListableBeanFactory.getBeansOfType(DefaultListableBeanFactory.java:669) ~[spring-beans-5.3.27.jar:5.3.27]
	at org.springframework.beans.factory.support.DefaultListableBeanFactory.getBeansOfType(DefaultListableBeanFactory.java:661) ~[spring-beans-5.3.27.jar:5.3.27]
	at org.springframework.context.support.AbstractApplicationContext.getBeansOfType(AbstractApplicationContext.java:1302) ~[spring-context-5.3.27.jar:5.3.27]
	at org.springframework.boot.SpringApplication.getExitCodeFromMappedException(SpringApplication.java:864) ~[spring-boot-2.7.12.jar:2.7.12]
	at org.springframework.boot.SpringApplication.getExitCodeFromException(SpringApplication.java:852) ~[spring-boot-2.7.12.jar:2.7.12]
	at org.springframework.boot.SpringApplication.handleExitCode(SpringApplication.java:839) ~[spring-boot-2.7.12.jar:2.7.12]
	at org.springframework.boot.SpringApplication.handleRunFailure(SpringApplication.java:779) ~[spring-boot-2.7.12.jar:2.7.12]
	at org.springframework.boot.SpringApplication.run(SpringApplication.java:317) ~[spring-boot-2.7.12.jar:2.7.12]
	at org.springframework.boot.SpringApplication.run(SpringApplication.java:1303) ~[spring-boot-2.7.12.jar:2.7.12]
	at org.springframework.boot.SpringApplication.run(SpringApplication.java:1292) ~[spring-boot-2.7.12.jar:2.7.12]
	at com.hmall.item.ItemApplication.main(ItemApplication.java:11) ~[classes/:na]
Caused by: java.lang.NoClassDefFoundError: org/springframework/amqp/support/converter/MessageConverter
	at java.base/java.lang.Class.getDeclaredMethods0(Native Method) ~[na:na]
	at java.base/java.lang.Class.privateGetDeclaredMethods(Class.java:3166) ~[na:na]
	at java.base/java.lang.Class.getDeclaredMethods(Class.java:2309) ~[na:na]
	at org.springframework.util.ReflectionUtils.getDeclaredMethods(ReflectionUtils.java:467) ~[spring-core-5.3.27.jar:5.3.27]
	... 21 common frames omitted
Caused by: java.lang.ClassNotFoundException: org.springframework.amqp.support.converter.MessageConverter
	at java.base/jdk.internal.loader.BuiltinClassLoader.loadClass(BuiltinClassLoader.java:581) ~[na:na]
	at java.base/jdk.internal.loader.ClassLoaders$AppClassLoader.loadClass(ClassLoaders.java:178) ~[na:na]
	at java.base/java.lang.ClassLoader.loadClass(ClassLoader.java:527) ~[na:na]
	... 25 common frames omitted

13:45:27:723  INFO 2836 --- [main] com.hmall.item.ItemApplication           : Starting ItemApplication using Java 11.0.24 on 扬名立万 with PID 2836 (F:\bishe\hmsc\hmall\item-service\target\classes started by 沈从文 in F:\bishe\hmsc\hmall)
13:45:27:726 DEBUG 2836 --- [main] com.hmall.item.ItemApplication           : Running with Spring Boot v2.7.12, Spring v5.3.27
13:45:27:727  INFO 2836 --- [main] com.hmall.item.ItemApplication           : The following 1 profile is active: "local"
13:45:29:038  WARN 2836 --- [main] o.m.s.mapper.ClassPathMapperScanner      : No MyBatis mapper was found in '[com.hmall.item.mapper]' package. Please check your configuration.
13:45:29:143  INFO 2836 --- [main] o.s.cloud.context.scope.GenericScope     : BeanFactory id=2108882e-467e-33e2-8401-5e637dc58558
13:45:29:650  INFO 2836 --- [main] o.s.b.w.embedded.tomcat.TomcatWebServer  : Tomcat initialized with port(s): 8083 (http)
13:45:29:667  INFO 2836 --- [main] o.apache.catalina.core.StandardService   : Starting service [Tomcat]
13:45:29:668  INFO 2836 --- [main] org.apache.catalina.core.StandardEngine  : Starting Servlet engine: [Apache Tomcat/9.0.75]
13:45:29:924  INFO 2836 --- [main] o.a.c.c.C.[Tomcat].[localhost].[/]       : Initializing Spring embedded WebApplicationContext
13:45:29:925  INFO 2836 --- [main] w.s.c.ServletWebServerApplicationContext : Root WebApplicationContext: initialization completed in 2149 ms
13:45:31:628  INFO 2836 --- [main] pertySourcedRequestMappingHandlerMapping : Mapped URL path [/v2/api-docs] onto method [springfox.documentation.swagger2.web.Swagger2ControllerWebMvc#getDocumentation(String, HttpServletRequest)]
13:45:32:789  INFO 6920 --- [main] com.hmall.item.ItemApplication           : Starting ItemApplication using Java 11.0.24 on 扬名立万 with PID 6920 (F:\bishe\hmsc\hmall\item-service\target\classes started by 沈从文 in F:\bishe\hmsc\hmall)
13:45:32:791 DEBUG 6920 --- [main] com.hmall.item.ItemApplication           : Running with Spring Boot v2.7.12, Spring v5.3.27
13:45:32:791  INFO 6920 --- [main] com.hmall.item.ItemApplication           : The following 1 profile is active: "local"
13:45:32:803  INFO 2836 --- [main] o.s.b.w.embedded.tomcat.TomcatWebServer  : Tomcat started on port(s): 8083 (http) with context path ''
13:45:32:815  INFO 2836 --- [main] c.a.c.n.registry.NacosServiceRegistry    : nacos registry, DEFAULT_GROUP item-service 192.168.79.1:8083 register finished
13:45:33:272  INFO 2836 --- [main] d.s.w.p.DocumentationPluginsBootstrapper : Documentation plugins bootstrapped
13:45:33:275  INFO 2836 --- [main] d.s.w.p.DocumentationPluginsBootstrapper : Found 1 custom documentation plugin(s)
13:45:33:303  INFO 2836 --- [main] s.d.s.w.s.ApiListingReferenceScanner     : Scanning for api listing references
13:45:33:322  INFO 2836 --- [main] com.hmall.item.ItemApplication           : Started ItemApplication in 6.739 seconds (JVM running for 8.039)
13:45:33:985  INFO 6920 --- [main] o.s.cloud.context.scope.GenericScope     : BeanFactory id=f58b2cf8-e32f-3ff3-8391-275eae3e5825
13:45:34:310  INFO 6920 --- [main] o.s.b.w.embedded.tomcat.TomcatWebServer  : Tomcat initialized with port(s): 8081 (http)
13:45:34:318  INFO 6920 --- [main] o.apache.catalina.core.StandardService   : Starting service [Tomcat]
13:45:34:319  INFO 6920 --- [main] org.apache.catalina.core.StandardEngine  : Starting Servlet engine: [Apache Tomcat/9.0.75]
13:45:34:494  INFO 6920 --- [main] o.a.c.c.C.[Tomcat].[localhost].[/]       : Initializing Spring embedded WebApplicationContext
13:45:34:494  INFO 6920 --- [main] w.s.c.ServletWebServerApplicationContext : Root WebApplicationContext: initialization completed in 1661 ms
13:45:35:996  INFO 6920 --- [main] pertySourcedRequestMappingHandlerMapping : Mapped URL path [/v2/api-docs] onto method [springfox.documentation.swagger2.web.Swagger2ControllerWebMvc#getDocumentation(String, HttpServletRequest)]
13:45:36:882  INFO 6920 --- [main] o.s.b.w.embedded.tomcat.TomcatWebServer  : Tomcat started on port(s): 8081 (http) with context path ''
13:45:36:894  INFO 6920 --- [main] c.a.c.n.registry.NacosServiceRegistry    : nacos registry, DEFAULT_GROUP item-service 192.168.79.1:8081 register finished
13:45:37:256  INFO 6920 --- [main] d.s.w.p.DocumentationPluginsBootstrapper : Documentation plugins bootstrapped
13:45:37:258  INFO 6920 --- [main] d.s.w.p.DocumentationPluginsBootstrapper : Found 1 custom documentation plugin(s)
13:45:37:281  INFO 6920 --- [main] s.d.s.w.s.ApiListingReferenceScanner     : Scanning for api listing references
13:45:37:390  INFO 6920 --- [main] com.hmall.item.ItemApplication           : Started ItemApplication in 5.631 seconds (JVM running for 6.885)
13:48:13:815  INFO 6920 --- [http-nio-8081-exec-1] o.a.c.c.C.[Tomcat].[localhost].[/]       : Initializing Spring DispatcherServlet 'dispatcherServlet'
13:48:13:816  INFO 6920 --- [http-nio-8081-exec-1] o.s.web.servlet.DispatcherServlet        : Initializing Servlet 'dispatcherServlet'
13:48:13:818  INFO 6920 --- [http-nio-8081-exec-1] o.s.web.servlet.DispatcherServlet        : Completed initialization in 2 ms
13:48:14:064  INFO 6920 --- [http-nio-8081-exec-1] com.zaxxer.hikari.HikariDataSource       : HikariPool-1 - Starting...
13:48:14:365  INFO 6920 --- [http-nio-8081-exec-1] com.zaxxer.hikari.HikariDataSource       : HikariPool-1 - Start completed.
13:48:14:372 DEBUG 6920 --- [http-nio-8081-exec-1] c.h.i.m.ItemMapper.selectList_mpCount    : ==>  Preparing: SELECT COUNT(*) AS total FROM item WHERE (status = ?)
13:48:14:401 DEBUG 6920 --- [http-nio-8081-exec-1] c.h.i.m.ItemMapper.selectList_mpCount    : ==> Parameters: 1(Integer)
13:48:14:509 DEBUG 6920 --- [http-nio-8081-exec-1] c.h.i.m.ItemMapper.selectList_mpCount    : <==      Total: 1
13:48:14:527 DEBUG 6920 --- [http-nio-8081-exec-1] c.h.item.mapper.ItemMapper.selectList    : ==>  Preparing: SELECT id, name, price, stock, image, category, brand, spec, sold, comment_count, isAD, status, create_time, update_time, creater, updater FROM item WHERE (status = ?) ORDER BY update_time DESC LIMIT ?
13:48:14:527 DEBUG 6920 --- [http-nio-8081-exec-1] c.h.item.mapper.ItemMapper.selectList    : ==> Parameters: 1(Integer), 20(Long)
13:48:14:553 DEBUG 6920 --- [http-nio-8081-exec-1] c.h.item.mapper.ItemMapper.selectList    : <==      Total: 20
13:49:12:281  INFO 2836 --- [http-nio-8083-exec-1] o.a.c.c.C.[Tomcat].[localhost].[/]       : Initializing Spring DispatcherServlet 'dispatcherServlet'
13:49:12:281  INFO 2836 --- [http-nio-8083-exec-1] o.s.web.servlet.DispatcherServlet        : Initializing Servlet 'dispatcherServlet'
13:49:12:283  INFO 2836 --- [http-nio-8083-exec-1] o.s.web.servlet.DispatcherServlet        : Completed initialization in 1 ms
13:50:40:088 DEBUG 6920 --- [http-nio-8081-exec-4] c.h.i.mapper.ItemMapper.selectBatchIds   : ==>  Preparing: SELECT id,name,price,stock,image,category,brand,spec,sold,comment_count,isAD,status,create_time,update_time,creater,updater FROM item WHERE id IN ( ? )
13:50:40:088 DEBUG 6920 --- [http-nio-8081-exec-4] c.h.i.mapper.ItemMapper.selectBatchIds   : ==> Parameters: 5706773(Long)
13:50:40:090 DEBUG 6920 --- [http-nio-8081-exec-4] c.h.i.mapper.ItemMapper.selectBatchIds   : <==      Total: 1
13:50:48:386 DEBUG 6920 --- [http-nio-8081-exec-3] c.h.i.m.ItemMapper.selectList_mpCount    : ==>  Preparing: SELECT COUNT(*) AS total FROM item WHERE (status = ?)
13:50:48:386 DEBUG 6920 --- [http-nio-8081-exec-3] c.h.i.m.ItemMapper.selectList_mpCount    : ==> Parameters: 1(Integer)
13:50:48:403 DEBUG 6920 --- [http-nio-8081-exec-3] c.h.i.m.ItemMapper.selectList_mpCount    : <==      Total: 1
13:50:48:407 DEBUG 6920 --- [http-nio-8081-exec-3] c.h.item.mapper.ItemMapper.selectList    : ==>  Preparing: SELECT id, name, price, stock, image, category, brand, spec, sold, comment_count, isAD, status, create_time, update_time, creater, updater FROM item WHERE (status = ?) ORDER BY update_time DESC LIMIT ?
13:50:48:407 DEBUG 6920 --- [http-nio-8081-exec-3] c.h.item.mapper.ItemMapper.selectList    : ==> Parameters: 1(Integer), 20(Long)
13:50:48:411 DEBUG 6920 --- [http-nio-8081-exec-3] c.h.item.mapper.ItemMapper.selectList    : <==      Total: 20
14:01:30:961  WARN 6920 --- [Thread-9] c.a.nacos.common.notify.NotifyCenter     : [NotifyCenter] Start destroying Publisher
14:01:30:962  WARN 6920 --- [Thread-3] c.a.n.common.http.HttpClientBeanHolder   : [HttpClientBeanHolder] Start destroying common HttpClient
14:01:30:963  WARN 6920 --- [Thread-9] c.a.nacos.common.notify.NotifyCenter     : [NotifyCenter] Destruction of the end
14:01:30:970  WARN 6920 --- [Thread-3] c.a.n.common.http.HttpClientBeanHolder   : [HttpClientBeanHolder] Destruction of the end
14:01:30:974  WARN 2836 --- [Thread-3] c.a.n.common.http.HttpClientBeanHolder   : [HttpClientBeanHolder] Start destroying common HttpClient
14:01:30:974  WARN 2836 --- [Thread-9] c.a.nacos.common.notify.NotifyCenter     : [NotifyCenter] Start destroying Publisher
14:01:30:975  WARN 2836 --- [Thread-9] c.a.nacos.common.notify.NotifyCenter     : [NotifyCenter] Destruction of the end
14:01:30:976  WARN 2836 --- [Thread-3] c.a.n.common.http.HttpClientBeanHolder   : [HttpClientBeanHolder] Destruction of the end
14:01:31:466  INFO 2836 --- [SpringApplicationShutdownHook] c.a.c.n.registry.NacosServiceRegistry    : De-registering from Nacos Server now...
14:01:31:471  INFO 2836 --- [SpringApplicationShutdownHook] c.a.c.n.registry.NacosServiceRegistry    : De-registration finished.
14:01:31:526  INFO 6920 --- [SpringApplicationShutdownHook] c.a.c.n.registry.NacosServiceRegistry    : De-registering from Nacos Server now...
14:01:31:531  INFO 6920 --- [SpringApplicationShutdownHook] c.a.c.n.registry.NacosServiceRegistry    : De-registration finished.
14:01:38:789  INFO 6920 --- [SpringApplicationShutdownHook] com.zaxxer.hikari.HikariDataSource       : HikariPool-1 - Shutdown initiated...
14:01:38:826  INFO 6920 --- [SpringApplicationShutdownHook] com.zaxxer.hikari.HikariDataSource       : HikariPool-1 - Shutdown completed.
14:01:42:219  INFO 11672 --- [main] com.hmall.item.ItemApplication           : Starting ItemApplication using Java 11.0.24 on 扬名立万 with PID 11672 (F:\bishe\hmsc\hmall\item-service\target\classes started by 沈从文 in F:\bishe\hmsc\hmall)
14:01:42:222 DEBUG 11672 --- [main] com.hmall.item.ItemApplication           : Running with Spring Boot v2.7.12, Spring v5.3.27
14:01:42:223  INFO 11672 --- [main] com.hmall.item.ItemApplication           : The following 1 profile is active: "local"
14:01:44:043  INFO 11672 --- [main] o.s.cloud.context.scope.GenericScope     : BeanFactory id=f58b2cf8-e32f-3ff3-8391-275eae3e5825
14:01:44:543  INFO 11672 --- [main] o.s.b.w.embedded.tomcat.TomcatWebServer  : Tomcat initialized with port(s): 8083 (http)
14:01:44:553  INFO 11672 --- [main] o.apache.catalina.core.StandardService   : Starting service [Tomcat]
14:01:44:554  INFO 11672 --- [main] org.apache.catalina.core.StandardEngine  : Starting Servlet engine: [Apache Tomcat/9.0.75]
14:01:44:815  INFO 11672 --- [main] o.a.c.c.C.[Tomcat].[localhost].[/]       : Initializing Spring embedded WebApplicationContext
14:01:44:816  INFO 11672 --- [main] w.s.c.ServletWebServerApplicationContext : Root WebApplicationContext: initialization completed in 2527 ms
14:01:47:122  INFO 11672 --- [main] pertySourcedRequestMappingHandlerMapping : Mapped URL path [/v2/api-docs] onto method [springfox.documentation.swagger2.web.Swagger2ControllerWebMvc#getDocumentation(String, HttpServletRequest)]
14:01:48:725  INFO 11672 --- [main] o.s.b.w.embedded.tomcat.TomcatWebServer  : Tomcat started on port(s): 8083 (http) with context path ''
14:01:48:740  INFO 11672 --- [main] c.a.c.n.registry.NacosServiceRegistry    : nacos registry, DEFAULT_GROUP item-service 192.168.79.1:8083 register finished
14:01:49:432  INFO 11672 --- [main] d.s.w.p.DocumentationPluginsBootstrapper : Documentation plugins bootstrapped
14:01:49:446  INFO 11672 --- [main] d.s.w.p.DocumentationPluginsBootstrapper : Found 1 custom documentation plugin(s)
14:01:49:505  INFO 11672 --- [main] s.d.s.w.s.ApiListingReferenceScanner     : Scanning for api listing references
14:01:49:802  INFO 11672 --- [main] com.hmall.item.ItemApplication           : Started ItemApplication in 8.981 seconds (JVM running for 10.784)
14:01:52:413  INFO 18464 --- [main] com.hmall.item.ItemApplication           : Starting ItemApplication using Java 11.0.24 on 扬名立万 with PID 18464 (F:\bishe\hmsc\hmall\item-service\target\classes started by 沈从文 in F:\bishe\hmsc\hmall)
14:01:52:416 DEBUG 18464 --- [main] com.hmall.item.ItemApplication           : Running with Spring Boot v2.7.12, Spring v5.3.27
14:01:52:416  INFO 18464 --- [main] com.hmall.item.ItemApplication           : The following 1 profile is active: "local"
14:01:54:015  INFO 18464 --- [main] o.s.cloud.context.scope.GenericScope     : BeanFactory id=f58b2cf8-e32f-3ff3-8391-275eae3e5825
14:01:54:575  INFO 18464 --- [main] o.s.b.w.embedded.tomcat.TomcatWebServer  : Tomcat initialized with port(s): 8081 (http)
14:01:54:588  INFO 18464 --- [main] o.apache.catalina.core.StandardService   : Starting service [Tomcat]
14:01:54:589  INFO 18464 --- [main] org.apache.catalina.core.StandardEngine  : Starting Servlet engine: [Apache Tomcat/9.0.75]
14:01:54:866  INFO 18464 --- [main] o.a.c.c.C.[Tomcat].[localhost].[/]       : Initializing Spring embedded WebApplicationContext
14:01:54:866  INFO 18464 --- [main] w.s.c.ServletWebServerApplicationContext : Root WebApplicationContext: initialization completed in 2402 ms
14:01:56:594  INFO 18464 --- [main] pertySourcedRequestMappingHandlerMapping : Mapped URL path [/v2/api-docs] onto method [springfox.documentation.swagger2.web.Swagger2ControllerWebMvc#getDocumentation(String, HttpServletRequest)]
14:01:57:612  INFO 18464 --- [main] o.s.b.w.embedded.tomcat.TomcatWebServer  : Tomcat started on port(s): 8081 (http) with context path ''
14:01:57:620  INFO 18464 --- [main] c.a.c.n.registry.NacosServiceRegistry    : nacos registry, DEFAULT_GROUP item-service 192.168.79.1:8081 register finished
14:01:58:097  INFO 18464 --- [main] d.s.w.p.DocumentationPluginsBootstrapper : Documentation plugins bootstrapped
14:01:58:101  INFO 18464 --- [main] d.s.w.p.DocumentationPluginsBootstrapper : Found 1 custom documentation plugin(s)
14:01:58:146  INFO 18464 --- [main] s.d.s.w.s.ApiListingReferenceScanner     : Scanning for api listing references
14:01:58:261  INFO 18464 --- [main] com.hmall.item.ItemApplication           : Started ItemApplication in 7.241 seconds (JVM running for 8.911)
14:02:28:149  INFO 11672 --- [http-nio-8083-exec-1] o.a.c.c.C.[Tomcat].[localhost].[/]       : Initializing Spring DispatcherServlet 'dispatcherServlet'
14:02:28:150  INFO 11672 --- [http-nio-8083-exec-1] o.s.web.servlet.DispatcherServlet        : Initializing Servlet 'dispatcherServlet'
14:02:28:151  INFO 11672 --- [http-nio-8083-exec-1] o.s.web.servlet.DispatcherServlet        : Completed initialization in 1 ms
14:02:28:243  INFO 11672 --- [http-nio-8083-exec-1] com.zaxxer.hikari.HikariDataSource       : HikariPool-1 - Starting...
14:02:28:418  INFO 11672 --- [http-nio-8083-exec-1] com.zaxxer.hikari.HikariDataSource       : HikariPool-1 - Start completed.
14:02:28:423 DEBUG 11672 --- [http-nio-8083-exec-1] c.h.i.mapper.ItemMapper.selectBatchIds   : ==>  Preparing: SELECT id,name,price,stock,image,category,brand,spec,sold,comment_count,isAD,status,create_time,update_time,creater,updater FROM item WHERE id IN ( ? , ? , ? )
14:02:28:442 DEBUG 11672 --- [http-nio-8083-exec-1] c.h.i.mapper.ItemMapper.selectBatchIds   : ==> Parameters: 5706773(Long), 100000004580(Long), 100000011127(Long)
14:02:28:462 DEBUG 11672 --- [http-nio-8083-exec-1] c.h.i.mapper.ItemMapper.selectBatchIds   : <==      Total: 3
14:02:29:041 DEBUG 11672 --- [http-nio-8083-exec-3] c.h.i.m.ItemMapper.selectList_mpCount    : ==>  Preparing: SELECT COUNT(*) AS total FROM item WHERE (status = ?)
14:02:29:042 DEBUG 11672 --- [http-nio-8083-exec-3] c.h.i.m.ItemMapper.selectList_mpCount    : ==> Parameters: 1(Integer)
14:02:29:058 DEBUG 11672 --- [http-nio-8083-exec-3] c.h.i.m.ItemMapper.selectList_mpCount    : <==      Total: 1
14:02:29:066 DEBUG 11672 --- [http-nio-8083-exec-3] c.h.item.mapper.ItemMapper.selectList    : ==>  Preparing: SELECT id, name, price, stock, image, category, brand, spec, sold, comment_count, isAD, status, create_time, update_time, creater, updater FROM item WHERE (status = ?) ORDER BY update_time DESC LIMIT ?
14:02:29:067 DEBUG 11672 --- [http-nio-8083-exec-3] c.h.item.mapper.ItemMapper.selectList    : ==> Parameters: 1(Integer), 20(Long)
14:02:29:076 DEBUG 11672 --- [http-nio-8083-exec-3] c.h.item.mapper.ItemMapper.selectList    : <==      Total: 20
14:02:31:210  INFO 18464 --- [http-nio-8081-exec-1] o.a.c.c.C.[Tomcat].[localhost].[/]       : Initializing Spring DispatcherServlet 'dispatcherServlet'
14:02:31:211  INFO 18464 --- [http-nio-8081-exec-1] o.s.web.servlet.DispatcherServlet        : Initializing Servlet 'dispatcherServlet'
14:02:31:213  INFO 18464 --- [http-nio-8081-exec-1] o.s.web.servlet.DispatcherServlet        : Completed initialization in 2 ms
14:02:31:307  INFO 18464 --- [http-nio-8081-exec-1] com.zaxxer.hikari.HikariDataSource       : HikariPool-1 - Starting...
14:02:31:485  INFO 18464 --- [http-nio-8081-exec-1] com.zaxxer.hikari.HikariDataSource       : HikariPool-1 - Start completed.
14:02:31:490 DEBUG 18464 --- [http-nio-8081-exec-1] c.h.i.mapper.ItemMapper.selectBatchIds   : ==>  Preparing: SELECT id,name,price,stock,image,category,brand,spec,sold,comment_count,isAD,status,create_time,update_time,creater,updater FROM item WHERE id IN ( ? , ? , ? )
14:02:31:509 DEBUG 18464 --- [http-nio-8081-exec-1] c.h.i.mapper.ItemMapper.selectBatchIds   : ==> Parameters: 5706773(Long), 100000004580(Long), 100000011127(Long)
14:02:31:528 DEBUG 18464 --- [http-nio-8081-exec-1] c.h.i.mapper.ItemMapper.selectBatchIds   : <==      Total: 3
14:05:30:973  WARN 18464 --- [Thread-9] c.a.nacos.common.notify.NotifyCenter     : [NotifyCenter] Start destroying Publisher
14:05:30:972  WARN 18464 --- [Thread-3] c.a.n.common.http.HttpClientBeanHolder   : [HttpClientBeanHolder] Start destroying common HttpClient
14:05:30:975  WARN 18464 --- [Thread-9] c.a.nacos.common.notify.NotifyCenter     : [NotifyCenter] Destruction of the end
14:05:30:975  WARN 18464 --- [Thread-3] c.a.n.common.http.HttpClientBeanHolder   : [HttpClientBeanHolder] Destruction of the end
14:05:30:978  WARN 11672 --- [Thread-9] c.a.nacos.common.notify.NotifyCenter     : [NotifyCenter] Start destroying Publisher
14:05:30:978  WARN 11672 --- [Thread-9] c.a.nacos.common.notify.NotifyCenter     : [NotifyCenter] Destruction of the end
14:05:30:980  WARN 11672 --- [Thread-3] c.a.n.common.http.HttpClientBeanHolder   : [HttpClientBeanHolder] Start destroying common HttpClient
14:05:30:981  WARN 11672 --- [Thread-3] c.a.n.common.http.HttpClientBeanHolder   : [HttpClientBeanHolder] Destruction of the end
14:05:31:480  INFO 18464 --- [SpringApplicationShutdownHook] c.a.c.n.registry.NacosServiceRegistry    : De-registering from Nacos Server now...
14:05:31:483  INFO 18464 --- [SpringApplicationShutdownHook] c.a.c.n.registry.NacosServiceRegistry    : De-registration finished.
14:05:31:492  INFO 11672 --- [SpringApplicationShutdownHook] c.a.c.n.registry.NacosServiceRegistry    : De-registering from Nacos Server now...
14:05:31:501  INFO 11672 --- [SpringApplicationShutdownHook] c.a.c.n.registry.NacosServiceRegistry    : De-registration finished.
14:05:38:891  INFO 18464 --- [SpringApplicationShutdownHook] com.zaxxer.hikari.HikariDataSource       : HikariPool-1 - Shutdown initiated...
14:05:38:924  INFO 18464 --- [SpringApplicationShutdownHook] com.zaxxer.hikari.HikariDataSource       : HikariPool-1 - Shutdown completed.
14:05:39:929  INFO 11672 --- [SpringApplicationShutdownHook] com.zaxxer.hikari.HikariDataSource       : HikariPool-1 - Shutdown initiated...
14:05:39:950  INFO 11672 --- [SpringApplicationShutdownHook] com.zaxxer.hikari.HikariDataSource       : HikariPool-1 - Shutdown completed.
14:05:45:414  INFO 1148 --- [main] com.hmall.item.ItemApplication           : Starting ItemApplication using Java 11.0.24 on 扬名立万 with PID 1148 (F:\bishe\hmsc\hmall\item-service\target\classes started by 沈从文 in F:\bishe\hmsc\hmall)
14:05:45:417 DEBUG 1148 --- [main] com.hmall.item.ItemApplication           : Running with Spring Boot v2.7.12, Spring v5.3.27
14:05:45:420  INFO 1148 --- [main] com.hmall.item.ItemApplication           : The following 1 profile is active: "local"
14:05:47:357  INFO 1148 --- [main] o.s.cloud.context.scope.GenericScope     : BeanFactory id=f58b2cf8-e32f-3ff3-8391-275eae3e5825
14:05:47:961  INFO 1148 --- [main] o.s.b.w.embedded.tomcat.TomcatWebServer  : Tomcat initialized with port(s): 8083 (http)
14:05:47:977  INFO 1148 --- [main] o.apache.catalina.core.StandardService   : Starting service [Tomcat]
14:05:47:977  INFO 1148 --- [main] org.apache.catalina.core.StandardEngine  : Starting Servlet engine: [Apache Tomcat/9.0.75]
14:05:48:250  INFO 1148 --- [main] o.a.c.c.C.[Tomcat].[localhost].[/]       : Initializing Spring embedded WebApplicationContext
14:05:48:251  INFO 1148 --- [main] w.s.c.ServletWebServerApplicationContext : Root WebApplicationContext: initialization completed in 2752 ms
14:05:48:380  INFO 19856 --- [main] com.hmall.item.ItemApplication           : Starting ItemApplication using Java 11.0.24 on 扬名立万 with PID 19856 (F:\bishe\hmsc\hmall\item-service\target\classes started by 沈从文 in F:\bishe\hmsc\hmall)
14:05:48:383 DEBUG 19856 --- [main] com.hmall.item.ItemApplication           : Running with Spring Boot v2.7.12, Spring v5.3.27
14:05:48:384  INFO 19856 --- [main] com.hmall.item.ItemApplication           : The following 1 profile is active: "local"
14:05:50:253  INFO 19856 --- [main] o.s.cloud.context.scope.GenericScope     : BeanFactory id=f58b2cf8-e32f-3ff3-8391-275eae3e5825
14:05:50:717  INFO 1148 --- [main] pertySourcedRequestMappingHandlerMapping : Mapped URL path [/v2/api-docs] onto method [springfox.documentation.swagger2.web.Swagger2ControllerWebMvc#getDocumentation(String, HttpServletRequest)]
14:05:50:861  INFO 19856 --- [main] o.s.b.w.embedded.tomcat.TomcatWebServer  : Tomcat initialized with port(s): 8081 (http)
14:05:50:878  INFO 19856 --- [main] o.apache.catalina.core.StandardService   : Starting service [Tomcat]
14:05:50:879  INFO 19856 --- [main] org.apache.catalina.core.StandardEngine  : Starting Servlet engine: [Apache Tomcat/9.0.75]
14:05:51:197  INFO 19856 --- [main] o.a.c.c.C.[Tomcat].[localhost].[/]       : Initializing Spring embedded WebApplicationContext
14:05:51:198  INFO 19856 --- [main] w.s.c.ServletWebServerApplicationContext : Root WebApplicationContext: initialization completed in 2744 ms
14:05:52:397  INFO 1148 --- [main] o.s.b.w.embedded.tomcat.TomcatWebServer  : Tomcat started on port(s): 8083 (http) with context path ''
14:05:52:410  INFO 1148 --- [main] c.a.c.n.registry.NacosServiceRegistry    : nacos registry, DEFAULT_GROUP item-service 192.168.79.1:8083 register finished
14:05:53:011  INFO 1148 --- [main] d.s.w.p.DocumentationPluginsBootstrapper : Documentation plugins bootstrapped
14:05:53:014  INFO 1148 --- [main] d.s.w.p.DocumentationPluginsBootstrapper : Found 1 custom documentation plugin(s)
14:05:53:046  INFO 1148 --- [main] s.d.s.w.s.ApiListingReferenceScanner     : Scanning for api listing references
14:05:53:188  INFO 1148 --- [main] com.hmall.item.ItemApplication           : Started ItemApplication in 9.226 seconds (JVM running for 10.781)
14:05:53:490  INFO 19856 --- [main] pertySourcedRequestMappingHandlerMapping : Mapped URL path [/v2/api-docs] onto method [springfox.documentation.swagger2.web.Swagger2ControllerWebMvc#getDocumentation(String, HttpServletRequest)]
14:05:54:848  INFO 19856 --- [main] o.s.b.w.embedded.tomcat.TomcatWebServer  : Tomcat started on port(s): 8081 (http) with context path ''
14:05:54:856  INFO 19856 --- [main] c.a.c.n.registry.NacosServiceRegistry    : nacos registry, DEFAULT_GROUP item-service 192.168.79.1:8081 register finished
14:05:55:363  INFO 19856 --- [main] d.s.w.p.DocumentationPluginsBootstrapper : Documentation plugins bootstrapped
14:05:55:365  INFO 19856 --- [main] d.s.w.p.DocumentationPluginsBootstrapper : Found 1 custom documentation plugin(s)
14:05:55:393  INFO 19856 --- [main] s.d.s.w.s.ApiListingReferenceScanner     : Scanning for api listing references
14:05:55:521  INFO 19856 --- [main] com.hmall.item.ItemApplication           : Started ItemApplication in 8.54 seconds (JVM running for 10.201)
14:07:30:026  INFO 1148 --- [http-nio-8083-exec-1] o.a.c.c.C.[Tomcat].[localhost].[/]       : Initializing Spring DispatcherServlet 'dispatcherServlet'
14:07:30:027  INFO 1148 --- [http-nio-8083-exec-1] o.s.web.servlet.DispatcherServlet        : Initializing Servlet 'dispatcherServlet'
14:07:30:028  INFO 1148 --- [http-nio-8083-exec-1] o.s.web.servlet.DispatcherServlet        : Completed initialization in 1 ms
14:07:30:124  INFO 1148 --- [http-nio-8083-exec-1] com.zaxxer.hikari.HikariDataSource       : HikariPool-1 - Starting...
14:07:30:305  INFO 1148 --- [http-nio-8083-exec-1] com.zaxxer.hikari.HikariDataSource       : HikariPool-1 - Start completed.
14:07:30:311 DEBUG 1148 --- [http-nio-8083-exec-1] c.h.i.mapper.ItemMapper.selectBatchIds   : ==>  Preparing: SELECT id,name,price,stock,image,category,brand,spec,sold,comment_count,isAD,status,create_time,update_time,creater,updater FROM item WHERE id IN ( ? , ? , ? )
14:07:30:328 DEBUG 1148 --- [http-nio-8083-exec-1] c.h.i.mapper.ItemMapper.selectBatchIds   : ==> Parameters: 5706773(Long), 100000004580(Long), 100000011127(Long)
14:07:30:355 DEBUG 1148 --- [http-nio-8083-exec-1] c.h.i.mapper.ItemMapper.selectBatchIds   : <==      Total: 3
14:07:31:251  INFO 19856 --- [http-nio-8081-exec-1] o.a.c.c.C.[Tomcat].[localhost].[/]       : Initializing Spring DispatcherServlet 'dispatcherServlet'
14:07:31:252  INFO 19856 --- [http-nio-8081-exec-1] o.s.web.servlet.DispatcherServlet        : Initializing Servlet 'dispatcherServlet'
14:07:31:253  INFO 19856 --- [http-nio-8081-exec-1] o.s.web.servlet.DispatcherServlet        : Completed initialization in 1 ms
14:07:31:326  INFO 19856 --- [http-nio-8081-exec-1] com.zaxxer.hikari.HikariDataSource       : HikariPool-1 - Starting...
14:07:31:508  INFO 19856 --- [http-nio-8081-exec-1] com.zaxxer.hikari.HikariDataSource       : HikariPool-1 - Start completed.
14:07:31:536 DEBUG 19856 --- [http-nio-8081-exec-1] c.h.item.mapper.ItemMapper.updateStock   : ==>  Preparing: UPDATE item SET stock = stock - ? WHERE id = ?
14:07:31:555 DEBUG 19856 --- [http-nio-8081-exec-1] c.h.item.mapper.ItemMapper.updateStock   : ==> Parameters: 2(Integer), 5706773(Long)
14:07:31:555 DEBUG 19856 --- [http-nio-8081-exec-1] c.h.item.mapper.ItemMapper.updateStock   : ==> Parameters: 1(Integer), 100000004580(Long)
14:07:31:556 DEBUG 19856 --- [http-nio-8081-exec-1] c.h.item.mapper.ItemMapper.updateStock   : ==> Parameters: 1(Integer), 100000011127(Long)
14:07:57:846 DEBUG 1148 --- [http-nio-8083-exec-2] c.h.i.m.ItemMapper.selectList_mpCount    : ==>  Preparing: SELECT COUNT(*) AS total FROM item WHERE (status = ?)
14:07:57:847 DEBUG 1148 --- [http-nio-8083-exec-2] c.h.i.m.ItemMapper.selectList_mpCount    : ==> Parameters: 1(Integer)
14:07:57:865 DEBUG 1148 --- [http-nio-8083-exec-2] c.h.i.m.ItemMapper.selectList_mpCount    : <==      Total: 1
14:07:57:873 DEBUG 1148 --- [http-nio-8083-exec-2] c.h.item.mapper.ItemMapper.selectList    : ==>  Preparing: SELECT id, name, price, stock, image, category, brand, spec, sold, comment_count, isAD, status, create_time, update_time, creater, updater FROM item WHERE (status = ?) ORDER BY update_time DESC LIMIT ?
14:07:57:873 DEBUG 1148 --- [http-nio-8083-exec-2] c.h.item.mapper.ItemMapper.selectList    : ==> Parameters: 1(Integer), 20(Long)
14:07:57:882 DEBUG 1148 --- [http-nio-8083-exec-2] c.h.item.mapper.ItemMapper.selectList    : <==      Total: 20
14:08:00:064 DEBUG 19856 --- [http-nio-8081-exec-2] c.h.i.mapper.ItemMapper.selectBatchIds   : ==>  Preparing: SELECT id,name,price,stock,image,category,brand,spec,sold,comment_count,isAD,status,create_time,update_time,creater,updater FROM item WHERE id IN ( ? )
14:08:00:065 DEBUG 19856 --- [http-nio-8081-exec-2] c.h.i.mapper.ItemMapper.selectBatchIds   : ==> Parameters: 5706773(Long)
14:08:00:082 DEBUG 19856 --- [http-nio-8081-exec-2] c.h.i.mapper.ItemMapper.selectBatchIds   : <==      Total: 1
14:08:03:478 DEBUG 1148 --- [http-nio-8083-exec-5] c.h.i.mapper.ItemMapper.selectBatchIds   : ==>  Preparing: SELECT id,name,price,stock,image,category,brand,spec,sold,comment_count,isAD,status,create_time,update_time,creater,updater FROM item WHERE id IN ( ? )
14:08:03:478 DEBUG 1148 --- [http-nio-8083-exec-5] c.h.i.mapper.ItemMapper.selectBatchIds   : ==> Parameters: 5706773(Long)
14:08:03:480 DEBUG 1148 --- [http-nio-8083-exec-5] c.h.i.mapper.ItemMapper.selectBatchIds   : <==      Total: 1
14:08:03:527 DEBUG 19856 --- [http-nio-8081-exec-3] c.h.item.mapper.ItemMapper.updateStock   : ==>  Preparing: UPDATE item SET stock = stock - ? WHERE id = ?
14:08:03:528 DEBUG 19856 --- [http-nio-8081-exec-3] c.h.item.mapper.ItemMapper.updateStock   : ==> Parameters: 1(Integer), 5706773(Long)
14:09:13:855 DEBUG 19856 --- [http-nio-8081-exec-7] c.h.i.m.ItemMapper.selectList_mpCount    : ==>  Preparing: SELECT COUNT(*) AS total FROM item WHERE (status = ?)
14:09:13:856 DEBUG 19856 --- [http-nio-8081-exec-7] c.h.i.m.ItemMapper.selectList_mpCount    : ==> Parameters: 1(Integer)
14:09:13:873 DEBUG 19856 --- [http-nio-8081-exec-7] c.h.i.m.ItemMapper.selectList_mpCount    : <==      Total: 1
14:09:13:882 DEBUG 19856 --- [http-nio-8081-exec-7] c.h.item.mapper.ItemMapper.selectList    : ==>  Preparing: SELECT id, name, price, stock, image, category, brand, spec, sold, comment_count, isAD, status, create_time, update_time, creater, updater FROM item WHERE (status = ?) ORDER BY update_time DESC LIMIT ?
14:09:13:882 DEBUG 19856 --- [http-nio-8081-exec-7] c.h.item.mapper.ItemMapper.selectList    : ==> Parameters: 1(Integer), 20(Long)
14:09:13:890 DEBUG 19856 --- [http-nio-8081-exec-7] c.h.item.mapper.ItemMapper.selectList    : <==      Total: 20
14:11:19:734 DEBUG 1148 --- [http-nio-8083-exec-6] c.h.i.mapper.ItemMapper.selectBatchIds   : ==>  Preparing: SELECT id,name,price,stock,image,category,brand,spec,sold,comment_count,isAD,status,create_time,update_time,creater,updater FROM item WHERE id IN ( ? )
14:11:19:734 DEBUG 1148 --- [http-nio-8083-exec-6] c.h.i.mapper.ItemMapper.selectBatchIds   : ==> Parameters: 5706773(Long)
14:11:19:736 DEBUG 1148 --- [http-nio-8083-exec-6] c.h.i.mapper.ItemMapper.selectBatchIds   : <==      Total: 1
14:11:23:245 DEBUG 1148 --- [http-nio-8083-exec-7] c.h.i.mapper.ItemMapper.selectBatchIds   : ==>  Preparing: SELECT id,name,price,stock,image,category,brand,spec,sold,comment_count,isAD,status,create_time,update_time,creater,updater FROM item WHERE id IN ( ? )
14:11:23:246 DEBUG 1148 --- [http-nio-8083-exec-7] c.h.i.mapper.ItemMapper.selectBatchIds   : ==> Parameters: 5706773(Long)
14:11:23:247 DEBUG 1148 --- [http-nio-8083-exec-7] c.h.i.mapper.ItemMapper.selectBatchIds   : <==      Total: 1
14:11:23:293 DEBUG 19856 --- [http-nio-8081-exec-8] c.h.item.mapper.ItemMapper.updateStock   : ==>  Preparing: UPDATE item SET stock = stock - ? WHERE id = ?
14:11:23:293 DEBUG 19856 --- [http-nio-8081-exec-8] c.h.item.mapper.ItemMapper.updateStock   : ==> Parameters: 1(Integer), 5706773(Long)
14:12:51:064 DEBUG 1148 --- [http-nio-8083-exec-10] c.h.i.m.ItemMapper.selectList_mpCount    : ==>  Preparing: SELECT COUNT(*) AS total FROM item WHERE (status = ?)
14:12:51:064 DEBUG 1148 --- [http-nio-8083-exec-10] c.h.i.m.ItemMapper.selectList_mpCount    : ==> Parameters: 1(Integer)
14:12:51:081 DEBUG 1148 --- [http-nio-8083-exec-10] c.h.i.m.ItemMapper.selectList_mpCount    : <==      Total: 1
14:12:51:084 DEBUG 1148 --- [http-nio-8083-exec-10] c.h.item.mapper.ItemMapper.selectList    : ==>  Preparing: SELECT id, name, price, stock, image, category, brand, spec, sold, comment_count, isAD, status, create_time, update_time, creater, updater FROM item WHERE (status = ?) ORDER BY update_time DESC LIMIT ?
14:12:51:085 DEBUG 1148 --- [http-nio-8083-exec-10] c.h.item.mapper.ItemMapper.selectList    : ==> Parameters: 1(Integer), 20(Long)
14:12:51:088 DEBUG 1148 --- [http-nio-8083-exec-10] c.h.item.mapper.ItemMapper.selectList    : <==      Total: 20
14:12:52:237 DEBUG 19856 --- [http-nio-8081-exec-10] c.h.i.mapper.ItemMapper.selectBatchIds   : ==>  Preparing: SELECT id,name,price,stock,image,category,brand,spec,sold,comment_count,isAD,status,create_time,update_time,creater,updater FROM item WHERE id IN ( ? )
14:12:52:237 DEBUG 19856 --- [http-nio-8081-exec-10] c.h.i.mapper.ItemMapper.selectBatchIds   : ==> Parameters: 5706773(Long)
14:12:52:239 DEBUG 19856 --- [http-nio-8081-exec-10] c.h.i.mapper.ItemMapper.selectBatchIds   : <==      Total: 1
14:12:58:245 DEBUG 1148 --- [http-nio-8083-exec-1] c.h.i.mapper.ItemMapper.selectBatchIds   : ==>  Preparing: SELECT id,name,price,stock,image,category,brand,spec,sold,comment_count,isAD,status,create_time,update_time,creater,updater FROM item WHERE id IN ( ? )
14:12:58:246 DEBUG 1148 --- [http-nio-8083-exec-1] c.h.i.mapper.ItemMapper.selectBatchIds   : ==> Parameters: 5706773(Long)
14:12:58:247 DEBUG 1148 --- [http-nio-8083-exec-1] c.h.i.mapper.ItemMapper.selectBatchIds   : <==      Total: 1
14:12:58:294 DEBUG 19856 --- [http-nio-8081-exec-1] c.h.item.mapper.ItemMapper.updateStock   : ==>  Preparing: UPDATE item SET stock = stock - ? WHERE id = ?
14:12:58:294 DEBUG 19856 --- [http-nio-8081-exec-1] c.h.item.mapper.ItemMapper.updateStock   : ==> Parameters: 1(Integer), 5706773(Long)
14:16:24:634 DEBUG 19856 --- [http-nio-8081-exec-5] c.h.i.m.ItemMapper.selectList_mpCount    : ==>  Preparing: SELECT COUNT(*) AS total FROM item WHERE (status = ?)
14:16:24:635 DEBUG 19856 --- [http-nio-8081-exec-5] c.h.i.m.ItemMapper.selectList_mpCount    : ==> Parameters: 1(Integer)
14:16:24:650 DEBUG 19856 --- [http-nio-8081-exec-5] c.h.i.m.ItemMapper.selectList_mpCount    : <==      Total: 1
14:16:24:653 DEBUG 19856 --- [http-nio-8081-exec-5] c.h.item.mapper.ItemMapper.selectList    : ==>  Preparing: SELECT id, name, price, stock, image, category, brand, spec, sold, comment_count, isAD, status, create_time, update_time, creater, updater FROM item WHERE (status = ?) ORDER BY update_time DESC LIMIT ?
14:16:24:654 DEBUG 19856 --- [http-nio-8081-exec-5] c.h.item.mapper.ItemMapper.selectList    : ==> Parameters: 1(Integer), 20(Long)
14:16:24:659 DEBUG 19856 --- [http-nio-8081-exec-5] c.h.item.mapper.ItemMapper.selectList    : <==      Total: 20
14:16:26:240 DEBUG 1148 --- [http-nio-8083-exec-4] c.h.i.mapper.ItemMapper.selectBatchIds   : ==>  Preparing: SELECT id,name,price,stock,image,category,brand,spec,sold,comment_count,isAD,status,create_time,update_time,creater,updater FROM item WHERE id IN ( ? )
14:16:26:240 DEBUG 1148 --- [http-nio-8083-exec-4] c.h.i.mapper.ItemMapper.selectBatchIds   : ==> Parameters: 1533902(Long)
14:16:26:242 DEBUG 1148 --- [http-nio-8083-exec-4] c.h.i.mapper.ItemMapper.selectBatchIds   : <==      Total: 1
14:16:31:668 DEBUG 1148 --- [http-nio-8083-exec-3] c.h.i.mapper.ItemMapper.selectBatchIds   : ==>  Preparing: SELECT id,name,price,stock,image,category,brand,spec,sold,comment_count,isAD,status,create_time,update_time,creater,updater FROM item WHERE id IN ( ? )
14:16:31:668 DEBUG 1148 --- [http-nio-8083-exec-3] c.h.i.mapper.ItemMapper.selectBatchIds   : ==> Parameters: 1533902(Long)
14:16:31:669 DEBUG 1148 --- [http-nio-8083-exec-3] c.h.i.mapper.ItemMapper.selectBatchIds   : <==      Total: 1
14:16:31:712 DEBUG 19856 --- [http-nio-8081-exec-4] c.h.item.mapper.ItemMapper.updateStock   : ==>  Preparing: UPDATE item SET stock = stock - ? WHERE id = ?
14:16:31:713 DEBUG 19856 --- [http-nio-8081-exec-4] c.h.item.mapper.ItemMapper.updateStock   : ==> Parameters: 1(Integer), 1533902(Long)
14:28:24:242  WARN 19856 --- [Thread-9] c.a.nacos.common.notify.NotifyCenter     : [NotifyCenter] Start destroying Publisher
14:28:24:243  WARN 19856 --- [Thread-9] c.a.nacos.common.notify.NotifyCenter     : [NotifyCenter] Destruction of the end
14:28:24:242  WARN 19856 --- [Thread-3] c.a.n.common.http.HttpClientBeanHolder   : [HttpClientBeanHolder] Start destroying common HttpClient
14:28:24:244  WARN 19856 --- [Thread-3] c.a.n.common.http.HttpClientBeanHolder   : [HttpClientBeanHolder] Destruction of the end
14:28:24:245  WARN 1148 --- [Thread-3] c.a.n.common.http.HttpClientBeanHolder   : [HttpClientBeanHolder] Start destroying common HttpClient
14:28:24:246  WARN 1148 --- [Thread-9] c.a.nacos.common.notify.NotifyCenter     : [NotifyCenter] Start destroying Publisher
14:28:24:247  WARN 1148 --- [Thread-9] c.a.nacos.common.notify.NotifyCenter     : [NotifyCenter] Destruction of the end
14:28:24:247  WARN 1148 --- [Thread-3] c.a.n.common.http.HttpClientBeanHolder   : [HttpClientBeanHolder] Destruction of the end
14:28:24:736  INFO 1148 --- [SpringApplicationShutdownHook] c.a.c.n.registry.NacosServiceRegistry    : De-registering from Nacos Server now...
14:28:24:740  INFO 1148 --- [SpringApplicationShutdownHook] c.a.c.n.registry.NacosServiceRegistry    : De-registration finished.
14:28:24:748  INFO 19856 --- [SpringApplicationShutdownHook] c.a.c.n.registry.NacosServiceRegistry    : De-registering from Nacos Server now...
14:28:24:752  INFO 19856 --- [SpringApplicationShutdownHook] c.a.c.n.registry.NacosServiceRegistry    : De-registration finished.
14:28:29:323  INFO 19856 --- [SpringApplicationShutdownHook] com.zaxxer.hikari.HikariDataSource       : HikariPool-1 - Shutdown initiated...
14:28:29:333  INFO 19856 --- [SpringApplicationShutdownHook] com.zaxxer.hikari.HikariDataSource       : HikariPool-1 - Shutdown completed.
14:28:33:757  INFO 1148 --- [SpringApplicationShutdownHook] com.zaxxer.hikari.HikariDataSource       : HikariPool-1 - Shutdown initiated...
14:28:33:767  INFO 1148 --- [SpringApplicationShutdownHook] com.zaxxer.hikari.HikariDataSource       : HikariPool-1 - Shutdown completed.
18:37:48:800  INFO 17220 --- [main] com.hmall.item.ItemApplication           : Starting ItemApplication using Java 11.0.24 on 扬名立万 with PID 17220 (F:\bishe\hmsc\hmall\item-service\target\classes started by 沈从文 in F:\bishe\hmsc\hmall)
18:37:48:805 DEBUG 17220 --- [main] com.hmall.item.ItemApplication           : Running with Spring Boot v2.7.12, Spring v5.3.27
18:37:48:805  INFO 17220 --- [main] com.hmall.item.ItemApplication           : The following 1 profile is active: "local"
18:37:50:551  INFO 17220 --- [main] o.s.cloud.context.scope.GenericScope     : BeanFactory id=f58b2cf8-e32f-3ff3-8391-275eae3e5825
18:37:51:199  INFO 17220 --- [main] o.s.b.w.embedded.tomcat.TomcatWebServer  : Tomcat initialized with port(s): 8083 (http)
18:37:51:215  INFO 17220 --- [main] o.apache.catalina.core.StandardService   : Starting service [Tomcat]
18:37:51:216  INFO 17220 --- [main] org.apache.catalina.core.StandardEngine  : Starting Servlet engine: [Apache Tomcat/9.0.75]
18:37:51:519  INFO 17220 --- [main] o.a.c.c.C.[Tomcat].[localhost].[/]       : Initializing Spring embedded WebApplicationContext
18:37:51:520  INFO 17220 --- [main] w.s.c.ServletWebServerApplicationContext : Root WebApplicationContext: initialization completed in 2651 ms
18:37:51:819  INFO 5372 --- [main] com.hmall.item.ItemApplication           : Starting ItemApplication using Java 11.0.24 on 扬名立万 with PID 5372 (F:\bishe\hmsc\hmall\item-service\target\classes started by 沈从文 in F:\bishe\hmsc\hmall)
18:37:51:822 DEBUG 5372 --- [main] com.hmall.item.ItemApplication           : Running with Spring Boot v2.7.12, Spring v5.3.27
18:37:51:823  INFO 5372 --- [main] com.hmall.item.ItemApplication           : The following 1 profile is active: "local"
18:37:53:517  INFO 5372 --- [main] o.s.cloud.context.scope.GenericScope     : BeanFactory id=f58b2cf8-e32f-3ff3-8391-275eae3e5825
18:37:53:870  INFO 17220 --- [main] pertySourcedRequestMappingHandlerMapping : Mapped URL path [/v2/api-docs] onto method [springfox.documentation.swagger2.web.Swagger2ControllerWebMvc#getDocumentation(String, HttpServletRequest)]
18:37:54:056  INFO 5372 --- [main] o.s.b.w.embedded.tomcat.TomcatWebServer  : Tomcat initialized with port(s): 8081 (http)
18:37:54:076  INFO 5372 --- [main] o.apache.catalina.core.StandardService   : Starting service [Tomcat]
18:37:54:076  INFO 5372 --- [main] org.apache.catalina.core.StandardEngine  : Starting Servlet engine: [Apache Tomcat/9.0.75]
18:37:54:393  INFO 5372 --- [main] o.a.c.c.C.[Tomcat].[localhost].[/]       : Initializing Spring embedded WebApplicationContext
18:37:54:394  INFO 5372 --- [main] w.s.c.ServletWebServerApplicationContext : Root WebApplicationContext: initialization completed in 2513 ms
18:37:55:411  INFO 17220 --- [main] o.s.b.w.embedded.tomcat.TomcatWebServer  : Tomcat started on port(s): 8083 (http) with context path ''
18:37:55:430  INFO 17220 --- [main] c.a.c.n.registry.NacosServiceRegistry    : nacos registry, DEFAULT_GROUP item-service 192.168.79.1:8083 register finished
18:37:55:978  INFO 17220 --- [main] d.s.w.p.DocumentationPluginsBootstrapper : Documentation plugins bootstrapped
18:37:55:982  INFO 17220 --- [main] d.s.w.p.DocumentationPluginsBootstrapper : Found 1 custom documentation plugin(s)
18:37:56:020  INFO 17220 --- [main] s.d.s.w.s.ApiListingReferenceScanner     : Scanning for api listing references
18:37:56:185  INFO 17220 --- [main] com.hmall.item.ItemApplication           : Started ItemApplication in 8.725 seconds (JVM running for 10.233)
18:37:56:498  INFO 5372 --- [main] pertySourcedRequestMappingHandlerMapping : Mapped URL path [/v2/api-docs] onto method [springfox.documentation.swagger2.web.Swagger2ControllerWebMvc#getDocumentation(String, HttpServletRequest)]
18:37:57:905  INFO 5372 --- [main] o.s.b.w.embedded.tomcat.TomcatWebServer  : Tomcat started on port(s): 8081 (http) with context path ''
18:37:57:915  INFO 5372 --- [main] c.a.c.n.registry.NacosServiceRegistry    : nacos registry, DEFAULT_GROUP item-service 192.168.79.1:8081 register finished
18:37:58:528  INFO 5372 --- [main] d.s.w.p.DocumentationPluginsBootstrapper : Documentation plugins bootstrapped
18:37:58:530  INFO 5372 --- [main] d.s.w.p.DocumentationPluginsBootstrapper : Found 1 custom documentation plugin(s)
18:37:58:558  INFO 5372 --- [main] s.d.s.w.s.ApiListingReferenceScanner     : Scanning for api listing references
18:37:58:700  INFO 5372 --- [main] com.hmall.item.ItemApplication           : Started ItemApplication in 8.534 seconds (JVM running for 10.041)
18:38:42:951  INFO 5372 --- [http-nio-8081-exec-1] o.a.c.c.C.[Tomcat].[localhost].[/]       : Initializing Spring DispatcherServlet 'dispatcherServlet'
18:38:42:951  INFO 5372 --- [http-nio-8081-exec-1] o.s.web.servlet.DispatcherServlet        : Initializing Servlet 'dispatcherServlet'
18:38:42:952  INFO 5372 --- [http-nio-8081-exec-1] o.s.web.servlet.DispatcherServlet        : Completed initialization in 1 ms
18:38:43:121  INFO 5372 --- [http-nio-8081-exec-1] com.zaxxer.hikari.HikariDataSource       : HikariPool-1 - Starting...
18:38:43:296  INFO 5372 --- [http-nio-8081-exec-1] com.zaxxer.hikari.HikariDataSource       : HikariPool-1 - Start completed.
18:38:43:302 DEBUG 5372 --- [http-nio-8081-exec-1] c.h.i.m.ItemMapper.selectList_mpCount    : ==>  Preparing: SELECT COUNT(*) AS total FROM item WHERE (status = ?)
18:38:43:319 DEBUG 5372 --- [http-nio-8081-exec-1] c.h.i.m.ItemMapper.selectList_mpCount    : ==> Parameters: 1(Integer)
18:38:43:373 DEBUG 5372 --- [http-nio-8081-exec-1] c.h.i.m.ItemMapper.selectList_mpCount    : <==      Total: 1
18:38:43:385 DEBUG 5372 --- [http-nio-8081-exec-1] c.h.item.mapper.ItemMapper.selectList    : ==>  Preparing: SELECT id, name, price, stock, image, category, brand, spec, sold, comment_count, isAD, status, create_time, update_time, creater, updater FROM item WHERE (status = ?) ORDER BY update_time DESC LIMIT ?
18:38:43:385 DEBUG 5372 --- [http-nio-8081-exec-1] c.h.item.mapper.ItemMapper.selectList    : ==> Parameters: 1(Integer), 20(Long)
18:38:43:405 DEBUG 5372 --- [http-nio-8081-exec-1] c.h.item.mapper.ItemMapper.selectList    : <==      Total: 20
18:39:35:092  INFO 20156 --- [main] com.hmall.search.SearchApplication       : The following 1 profile is active: "dev"
18:39:35:447 ERROR 20156 --- [com.alibaba.nacos.client.remote.worker] c.a.n.c.remote.client.grpc.GrpcClient    : Server check fail, please check server localhost ,port 9848 is available , error ={}

java.util.concurrent.ExecutionException: com.alibaba.nacos.shaded.io.grpc.StatusRuntimeException: UNAVAILABLE: io exception
	at com.alibaba.nacos.shaded.com.google.common.util.concurrent.AbstractFuture.getDoneValue(AbstractFuture.java:566) ~[nacos-client-2.0.4.jar:na]
	at com.alibaba.nacos.shaded.com.google.common.util.concurrent.AbstractFuture.get(AbstractFuture.java:445) ~[nacos-client-2.0.4.jar:na]
	at com.alibaba.nacos.common.remote.client.grpc.GrpcClient.serverCheck(GrpcClient.java:148) ~[nacos-client-2.0.4.jar:na]
	at com.alibaba.nacos.common.remote.client.grpc.GrpcClient.connectToServer(GrpcClient.java:264) ~[nacos-client-2.0.4.jar:na]
	at com.alibaba.nacos.common.remote.client.RpcClient.reconnect(RpcClient.java:522) ~[nacos-client-2.0.4.jar:na]
	at com.alibaba.nacos.common.remote.client.RpcClient.lambda$start$2(RpcClient.java:370) ~[nacos-client-2.0.4.jar:na]
	at java.base/java.util.concurrent.Executors$RunnableAdapter.call(Executors.java:515) ~[na:na]
	at java.base/java.util.concurrent.FutureTask.run(FutureTask.java:264) ~[na:na]
	at java.base/java.util.concurrent.ScheduledThreadPoolExecutor$ScheduledFutureTask.run(ScheduledThreadPoolExecutor.java:304) ~[na:na]
	at java.base/java.util.concurrent.ThreadPoolExecutor.runWorker(ThreadPoolExecutor.java:1128) ~[na:na]
	at java.base/java.util.concurrent.ThreadPoolExecutor$Worker.run(ThreadPoolExecutor.java:628) ~[na:na]
	at java.base/java.lang.Thread.run(Thread.java:829) ~[na:na]
Caused by: com.alibaba.nacos.shaded.io.grpc.StatusRuntimeException: UNAVAILABLE: io exception
	at com.alibaba.nacos.shaded.io.grpc.Status.asRuntimeException(Status.java:533) ~[nacos-client-2.0.4.jar:na]
	at com.alibaba.nacos.shaded.io.grpc.stub.ClientCalls$UnaryStreamToFuture.onClose(ClientCalls.java:490) ~[nacos-client-2.0.4.jar:na]
	at com.alibaba.nacos.shaded.io.grpc.PartialForwardingClientCallListener.onClose(PartialForwardingClientCallListener.java:39) ~[nacos-client-2.0.4.jar:na]
	at com.alibaba.nacos.shaded.io.grpc.ForwardingClientCallListener.onClose(ForwardingClientCallListener.java:23) ~[nacos-client-2.0.4.jar:na]
	at com.alibaba.nacos.shaded.io.grpc.ForwardingClientCallListener$SimpleForwardingClientCallListener.onClose(ForwardingClientCallListener.java:40) ~[nacos-client-2.0.4.jar:na]
	at com.alibaba.nacos.shaded.io.grpc.internal.CensusStatsModule$StatsClientInterceptor$1$1.onClose(CensusStatsModule.java:700) ~[nacos-client-2.0.4.jar:na]
	at com.alibaba.nacos.shaded.io.grpc.PartialForwardingClientCallListener.onClose(PartialForwardingClientCallListener.java:39) ~[nacos-client-2.0.4.jar:na]
	at com.alibaba.nacos.shaded.io.grpc.ForwardingClientCallListener.onClose(ForwardingClientCallListener.java:23) ~[nacos-client-2.0.4.jar:na]
	at com.alibaba.nacos.shaded.io.grpc.ForwardingClientCallListener$SimpleForwardingClientCallListener.onClose(ForwardingClientCallListener.java:40) ~[nacos-client-2.0.4.jar:na]
	at com.alibaba.nacos.shaded.io.grpc.internal.CensusTracingModule$TracingClientInterceptor$1$1.onClose(CensusTracingModule.java:399) ~[nacos-client-2.0.4.jar:na]
	at com.alibaba.nacos.shaded.io.grpc.internal.ClientCallImpl.closeObserver(ClientCallImpl.java:510) ~[nacos-client-2.0.4.jar:na]
	at com.alibaba.nacos.shaded.io.grpc.internal.ClientCallImpl.access$300(ClientCallImpl.java:66) ~[nacos-client-2.0.4.jar:na]
	at com.alibaba.nacos.shaded.io.grpc.internal.ClientCallImpl$ClientStreamListenerImpl.close(ClientCallImpl.java:630) ~[nacos-client-2.0.4.jar:na]
	at com.alibaba.nacos.shaded.io.grpc.internal.ClientCallImpl$ClientStreamListenerImpl.access$700(ClientCallImpl.java:518) ~[nacos-client-2.0.4.jar:na]
	at com.alibaba.nacos.shaded.io.grpc.internal.ClientCallImpl$ClientStreamListenerImpl$1StreamClosed.runInternal(ClientCallImpl.java:692) ~[nacos-client-2.0.4.jar:na]
	at com.alibaba.nacos.shaded.io.grpc.internal.ClientCallImpl$ClientStreamListenerImpl$1StreamClosed.runInContext(ClientCallImpl.java:681) ~[nacos-client-2.0.4.jar:na]
	at com.alibaba.nacos.shaded.io.grpc.internal.ContextRunnable.run(ContextRunnable.java:37) ~[nacos-client-2.0.4.jar:na]
	at com.alibaba.nacos.shaded.io.grpc.internal.SerializingExecutor.run(SerializingExecutor.java:123) ~[nacos-client-2.0.4.jar:na]
	... 3 common frames omitted
Caused by: com.alibaba.nacos.shaded.io.grpc.netty.shaded.io.netty.channel.AbstractChannel$AnnotatedConnectException: Connection refused: no further information: localhost/0:0:0:0:0:0:0:1:9848
Caused by: java.net.ConnectException: Connection refused: no further information
	at java.base/sun.nio.ch.SocketChannelImpl.checkConnect(Native Method) ~[na:na]
	at java.base/sun.nio.ch.SocketChannelImpl.finishConnect(SocketChannelImpl.java:777) ~[na:na]
	at com.alibaba.nacos.shaded.io.grpc.netty.shaded.io.netty.channel.socket.nio.NioSocketChannel.doFinishConnect(NioSocketChannel.java:327) ~[nacos-client-2.0.4.jar:na]
	at com.alibaba.nacos.shaded.io.grpc.netty.shaded.io.netty.channel.nio.AbstractNioChannel$AbstractNioUnsafe.finishConnect(AbstractNioChannel.java:336) ~[nacos-client-2.0.4.jar:na]
	at com.alibaba.nacos.shaded.io.grpc.netty.shaded.io.netty.channel.nio.NioEventLoop.processSelectedKey(NioEventLoop.java:685) ~[nacos-client-2.0.4.jar:na]
	at com.alibaba.nacos.shaded.io.grpc.netty.shaded.io.netty.channel.nio.NioEventLoop.processSelectedKeysOptimized(NioEventLoop.java:632) ~[nacos-client-2.0.4.jar:na]
	at com.alibaba.nacos.shaded.io.grpc.netty.shaded.io.netty.channel.nio.NioEventLoop.processSelectedKeys(NioEventLoop.java:549) ~[nacos-client-2.0.4.jar:na]
	at com.alibaba.nacos.shaded.io.grpc.netty.shaded.io.netty.channel.nio.NioEventLoop.run(NioEventLoop.java:511) ~[nacos-client-2.0.4.jar:na]
	at com.alibaba.nacos.shaded.io.grpc.netty.shaded.io.netty.util.concurrent.SingleThreadEventExecutor$5.run(SingleThreadEventExecutor.java:918) ~[nacos-client-2.0.4.jar:na]
	at com.alibaba.nacos.shaded.io.grpc.netty.shaded.io.netty.util.internal.ThreadExecutorMap$2.run(ThreadExecutorMap.java:74) ~[nacos-client-2.0.4.jar:na]
	at com.alibaba.nacos.shaded.io.grpc.netty.shaded.io.netty.util.concurrent.FastThreadLocalRunnable.run(FastThreadLocalRunnable.java:30) ~[nacos-client-2.0.4.jar:na]
	at java.base/java.lang.Thread.run(Thread.java:829) ~[na:na]

18:39:35:448  INFO 20156 --- [com.alibaba.nacos.client.remote.worker] com.alibaba.nacos.common.remote.client   : [37227c6c-942a-4dde-b837-e2fecc801b49_config-0] Fail to connect server, after trying 7 times, last try server is {serverIp = 'localhost', server main port = 8848}, error = unknown
18:39:35:867  INFO 17220 --- [http-nio-8083-exec-1] o.a.c.c.C.[Tomcat].[localhost].[/]       : Initializing Spring DispatcherServlet 'dispatcherServlet'
18:39:35:868  INFO 17220 --- [http-nio-8083-exec-1] o.s.web.servlet.DispatcherServlet        : Initializing Servlet 'dispatcherServlet'
18:39:35:869  INFO 17220 --- [http-nio-8083-exec-1] o.s.web.servlet.DispatcherServlet        : Completed initialization in 1 ms
18:39:35:908 DEBUG 5372 --- [http-nio-8081-exec-2] c.h.i.m.ItemMapper.selectList_mpCount    : ==>  Preparing: SELECT COUNT(*) AS total FROM item WHERE (status = ?)
18:39:35:909 DEBUG 5372 --- [http-nio-8081-exec-2] c.h.i.m.ItemMapper.selectList_mpCount    : ==> Parameters: 1(Integer)
18:39:35:927 DEBUG 5372 --- [http-nio-8081-exec-2] c.h.i.m.ItemMapper.selectList_mpCount    : <==      Total: 1
18:39:35:930 DEBUG 5372 --- [http-nio-8081-exec-2] c.h.item.mapper.ItemMapper.selectList    : ==>  Preparing: SELECT id, name, price, stock, image, category, brand, spec, sold, comment_count, isAD, status, create_time, update_time, creater, updater FROM item WHERE (status = ?) ORDER BY update_time DESC LIMIT ?
18:39:35:931 DEBUG 5372 --- [http-nio-8081-exec-2] c.h.item.mapper.ItemMapper.selectList    : ==> Parameters: 1(Integer), 20(Long)
18:39:35:936 DEBUG 5372 --- [http-nio-8081-exec-2] c.h.item.mapper.ItemMapper.selectList    : <==      Total: 20
18:39:36:078  INFO 17220 --- [http-nio-8083-exec-1] com.zaxxer.hikari.HikariDataSource       : HikariPool-1 - Starting...
18:39:36:146  INFO 20156 --- [main] o.s.cloud.context.scope.GenericScope     : BeanFactory id=04ef6ae0-8adb-339d-ba5c-5d669b6e11a8
18:39:36:204  INFO 20156 --- [main] trationDelegate$BeanPostProcessorChecker : Bean 'io.seata.spring.boot.autoconfigure.SeataCoreAutoConfiguration' of type [io.seata.spring.boot.autoconfigure.SeataCoreAutoConfiguration] is not eligible for getting processed by all BeanPostProcessors (for example: not eligible for auto-proxying)
18:39:36:205  INFO 20156 --- [main] trationDelegate$BeanPostProcessorChecker : Bean 'springApplicationContextProvider' of type [io.seata.spring.boot.autoconfigure.provider.SpringApplicationContextProvider] is not eligible for getting processed by all BeanPostProcessors (for example: not eligible for auto-proxying)
18:39:36:205  INFO 20156 --- [main] trationDelegate$BeanPostProcessorChecker : Bean 'io.seata.spring.boot.autoconfigure.SeataAutoConfiguration' of type [io.seata.spring.boot.autoconfigure.SeataAutoConfiguration] is not eligible for getting processed by all BeanPostProcessors (for example: not eligible for auto-proxying)
18:39:36:233  INFO 20156 --- [main] trationDelegate$BeanPostProcessorChecker : Bean 'failureHandler' of type [io.seata.tm.api.DefaultFailureHandlerImpl] is not eligible for getting processed by all BeanPostProcessors (for example: not eligible for auto-proxying)
18:39:36:236  INFO 20156 --- [main] trationDelegate$BeanPostProcessorChecker : Bean 'org.springframework.cloud.commons.config.CommonsConfigAutoConfiguration' of type [org.springframework.cloud.commons.config.CommonsConfigAutoConfiguration] is not eligible for getting processed by all BeanPostProcessors (for example: not eligible for auto-proxying)
18:39:36:237  INFO 20156 --- [main] trationDelegate$BeanPostProcessorChecker : Bean 'org.springframework.cloud.client.loadbalancer.LoadBalancerDefaultMappingsProviderAutoConfiguration' of type [org.springframework.cloud.client.loadbalancer.LoadBalancerDefaultMappingsProviderAutoConfiguration] is not eligible for getting processed by all BeanPostProcessors (for example: not eligible for auto-proxying)
18:39:36:238  INFO 20156 --- [main] trationDelegate$BeanPostProcessorChecker : Bean 'loadBalancerClientsDefaultsMappingsProvider' of type [org.springframework.cloud.client.loadbalancer.LoadBalancerDefaultMappingsProviderAutoConfiguration$$Lambda$563/0x000000080063b440] is not eligible for getting processed by all BeanPostProcessors (for example: not eligible for auto-proxying)
18:39:36:238  INFO 20156 --- [main] trationDelegate$BeanPostProcessorChecker : Bean 'defaultsBindHandlerAdvisor' of type [org.springframework.cloud.commons.config.DefaultsBindHandlerAdvisor] is not eligible for getting processed by all BeanPostProcessors (for example: not eligible for auto-proxying)
18:39:36:242  INFO 20156 --- [main] trationDelegate$BeanPostProcessorChecker : Bean 'springCloudAlibabaConfiguration' of type [io.seata.spring.boot.autoconfigure.properties.SpringCloudAlibabaConfiguration] is not eligible for getting processed by all BeanPostProcessors (for example: not eligible for auto-proxying)
18:39:36:244  INFO 20156 --- [main] trationDelegate$BeanPostProcessorChecker : Bean 'seataProperties' of type [io.seata.spring.boot.autoconfigure.properties.SeataProperties] is not eligible for getting processed by all BeanPostProcessors (for example: not eligible for auto-proxying)
18:39:36:246  INFO 20156 --- [main] i.s.s.b.a.SeataAutoConfiguration         : Automatically configure Seata
18:39:36:254 ERROR 20156 --- [com.alibaba.nacos.client.remote.worker] c.a.n.c.remote.client.grpc.GrpcClient    : Server check fail, please check server localhost ,port 9848 is available , error ={}

java.util.concurrent.ExecutionException: com.alibaba.nacos.shaded.io.grpc.StatusRuntimeException: UNAVAILABLE: io exception
	at com.alibaba.nacos.shaded.com.google.common.util.concurrent.AbstractFuture.getDoneValue(AbstractFuture.java:566) ~[nacos-client-2.0.4.jar:na]
	at com.alibaba.nacos.shaded.com.google.common.util.concurrent.AbstractFuture.get(AbstractFuture.java:445) ~[nacos-client-2.0.4.jar:na]
	at com.alibaba.nacos.common.remote.client.grpc.GrpcClient.serverCheck(GrpcClient.java:148) ~[nacos-client-2.0.4.jar:na]
	at com.alibaba.nacos.common.remote.client.grpc.GrpcClient.connectToServer(GrpcClient.java:264) ~[nacos-client-2.0.4.jar:na]
	at com.alibaba.nacos.common.remote.client.RpcClient.reconnect(RpcClient.java:522) ~[nacos-client-2.0.4.jar:na]
	at com.alibaba.nacos.common.remote.client.RpcClient.lambda$start$2(RpcClient.java:370) ~[nacos-client-2.0.4.jar:na]
	at java.base/java.util.concurrent.Executors$RunnableAdapter.call(Executors.java:515) ~[na:na]
	at java.base/java.util.concurrent.FutureTask.run(FutureTask.java:264) ~[na:na]
	at java.base/java.util.concurrent.ScheduledThreadPoolExecutor$ScheduledFutureTask.run(ScheduledThreadPoolExecutor.java:304) ~[na:na]
	at java.base/java.util.concurrent.ThreadPoolExecutor.runWorker(ThreadPoolExecutor.java:1128) ~[na:na]
	at java.base/java.util.concurrent.ThreadPoolExecutor$Worker.run(ThreadPoolExecutor.java:628) ~[na:na]
	at java.base/java.lang.Thread.run(Thread.java:829) ~[na:na]
Caused by: com.alibaba.nacos.shaded.io.grpc.StatusRuntimeException: UNAVAILABLE: io exception
	at com.alibaba.nacos.shaded.io.grpc.Status.asRuntimeException(Status.java:533) ~[nacos-client-2.0.4.jar:na]
	at com.alibaba.nacos.shaded.io.grpc.stub.ClientCalls$UnaryStreamToFuture.onClose(ClientCalls.java:490) ~[nacos-client-2.0.4.jar:na]
	at com.alibaba.nacos.shaded.io.grpc.PartialForwardingClientCallListener.onClose(PartialForwardingClientCallListener.java:39) ~[nacos-client-2.0.4.jar:na]
	at com.alibaba.nacos.shaded.io.grpc.ForwardingClientCallListener.onClose(ForwardingClientCallListener.java:23) ~[nacos-client-2.0.4.jar:na]
	at com.alibaba.nacos.shaded.io.grpc.ForwardingClientCallListener$SimpleForwardingClientCallListener.onClose(ForwardingClientCallListener.java:40) ~[nacos-client-2.0.4.jar:na]
	at com.alibaba.nacos.shaded.io.grpc.internal.CensusStatsModule$StatsClientInterceptor$1$1.onClose(CensusStatsModule.java:700) ~[nacos-client-2.0.4.jar:na]
	at com.alibaba.nacos.shaded.io.grpc.PartialForwardingClientCallListener.onClose(PartialForwardingClientCallListener.java:39) ~[nacos-client-2.0.4.jar:na]
	at com.alibaba.nacos.shaded.io.grpc.ForwardingClientCallListener.onClose(ForwardingClientCallListener.java:23) ~[nacos-client-2.0.4.jar:na]
	at com.alibaba.nacos.shaded.io.grpc.ForwardingClientCallListener$SimpleForwardingClientCallListener.onClose(ForwardingClientCallListener.java:40) ~[nacos-client-2.0.4.jar:na]
	at com.alibaba.nacos.shaded.io.grpc.internal.CensusTracingModule$TracingClientInterceptor$1$1.onClose(CensusTracingModule.java:399) ~[nacos-client-2.0.4.jar:na]
	at com.alibaba.nacos.shaded.io.grpc.internal.ClientCallImpl.closeObserver(ClientCallImpl.java:510) ~[nacos-client-2.0.4.jar:na]
	at com.alibaba.nacos.shaded.io.grpc.internal.ClientCallImpl.access$300(ClientCallImpl.java:66) ~[nacos-client-2.0.4.jar:na]
	at com.alibaba.nacos.shaded.io.grpc.internal.ClientCallImpl$ClientStreamListenerImpl.close(ClientCallImpl.java:630) ~[nacos-client-2.0.4.jar:na]
	at com.alibaba.nacos.shaded.io.grpc.internal.ClientCallImpl$ClientStreamListenerImpl.access$700(ClientCallImpl.java:518) ~[nacos-client-2.0.4.jar:na]
	at com.alibaba.nacos.shaded.io.grpc.internal.ClientCallImpl$ClientStreamListenerImpl$1StreamClosed.runInternal(ClientCallImpl.java:692) ~[nacos-client-2.0.4.jar:na]
	at com.alibaba.nacos.shaded.io.grpc.internal.ClientCallImpl$ClientStreamListenerImpl$1StreamClosed.runInContext(ClientCallImpl.java:681) ~[nacos-client-2.0.4.jar:na]
	at com.alibaba.nacos.shaded.io.grpc.internal.ContextRunnable.run(ContextRunnable.java:37) ~[nacos-client-2.0.4.jar:na]
	at com.alibaba.nacos.shaded.io.grpc.internal.SerializingExecutor.run(SerializingExecutor.java:123) ~[nacos-client-2.0.4.jar:na]
	... 3 common frames omitted
Caused by: com.alibaba.nacos.shaded.io.grpc.netty.shaded.io.netty.channel.AbstractChannel$AnnotatedConnectException: Connection refused: no further information: localhost/0:0:0:0:0:0:0:1:9848
Caused by: java.net.ConnectException: Connection refused: no further information
	at java.base/sun.nio.ch.SocketChannelImpl.checkConnect(Native Method) ~[na:na]
	at java.base/sun.nio.ch.SocketChannelImpl.finishConnect(SocketChannelImpl.java:777) ~[na:na]
	at com.alibaba.nacos.shaded.io.grpc.netty.shaded.io.netty.channel.socket.nio.NioSocketChannel.doFinishConnect(NioSocketChannel.java:327) ~[nacos-client-2.0.4.jar:na]
	at com.alibaba.nacos.shaded.io.grpc.netty.shaded.io.netty.channel.nio.AbstractNioChannel$AbstractNioUnsafe.finishConnect(AbstractNioChannel.java:336) ~[nacos-client-2.0.4.jar:na]
	at com.alibaba.nacos.shaded.io.grpc.netty.shaded.io.netty.channel.nio.NioEventLoop.processSelectedKey(NioEventLoop.java:685) ~[nacos-client-2.0.4.jar:na]
	at com.alibaba.nacos.shaded.io.grpc.netty.shaded.io.netty.channel.nio.NioEventLoop.processSelectedKeysOptimized(NioEventLoop.java:632) ~[nacos-client-2.0.4.jar:na]
	at com.alibaba.nacos.shaded.io.grpc.netty.shaded.io.netty.channel.nio.NioEventLoop.processSelectedKeys(NioEventLoop.java:549) ~[nacos-client-2.0.4.jar:na]
	at com.alibaba.nacos.shaded.io.grpc.netty.shaded.io.netty.channel.nio.NioEventLoop.run(NioEventLoop.java:511) ~[nacos-client-2.0.4.jar:na]
	at com.alibaba.nacos.shaded.io.grpc.netty.shaded.io.netty.util.concurrent.SingleThreadEventExecutor$5.run(SingleThreadEventExecutor.java:918) ~[nacos-client-2.0.4.jar:na]
	at com.alibaba.nacos.shaded.io.grpc.netty.shaded.io.netty.util.internal.ThreadExecutorMap$2.run(ThreadExecutorMap.java:74) ~[nacos-client-2.0.4.jar:na]
	at com.alibaba.nacos.shaded.io.grpc.netty.shaded.io.netty.util.concurrent.FastThreadLocalRunnable.run(FastThreadLocalRunnable.java:30) ~[nacos-client-2.0.4.jar:na]
	at java.base/java.lang.Thread.run(Thread.java:829) ~[na:na]

18:39:36:255  INFO 20156 --- [com.alibaba.nacos.client.remote.worker] com.alibaba.nacos.common.remote.client   : [37227c6c-942a-4dde-b837-e2fecc801b49_config-0] Fail to connect server, after trying 8 times, last try server is {serverIp = 'localhost', server main port = 8848}, error = unknown
18:39:36:299 DEBUG 5372 --- [http-nio-8081-exec-3] c.h.i.m.ItemMapper.selectList_mpCount    : ==>  Preparing: SELECT COUNT(*) AS total FROM item WHERE (status = ?)
18:39:36:299 DEBUG 5372 --- [http-nio-8081-exec-3] c.h.i.m.ItemMapper.selectList_mpCount    : ==> Parameters: 1(Integer)
18:39:36:310  INFO 20156 --- [main] io.seata.config.ConfigurationFactory     : load Configuration from :Spring Configuration
18:39:36:315  INFO 20156 --- [main] io.seata.config.ConfigurationFactory     : load Configuration from :Spring Configuration
18:39:36:317 DEBUG 5372 --- [http-nio-8081-exec-3] c.h.i.m.ItemMapper.selectList_mpCount    : <==      Total: 1
18:39:36:319 DEBUG 5372 --- [http-nio-8081-exec-3] c.h.item.mapper.ItemMapper.selectList    : ==>  Preparing: SELECT id, name, price, stock, image, category, brand, spec, sold, comment_count, isAD, status, create_time, update_time, creater, updater FROM item WHERE (status = ?) ORDER BY update_time DESC LIMIT ?
18:39:36:319 DEBUG 5372 --- [http-nio-8081-exec-3] c.h.item.mapper.ItemMapper.selectList    : ==> Parameters: 1(Integer), 20(Long)
18:39:36:323 DEBUG 5372 --- [http-nio-8081-exec-3] c.h.item.mapper.ItemMapper.selectList    : <==      Total: 20
18:39:36:334  INFO 17220 --- [http-nio-8083-exec-1] com.zaxxer.hikari.HikariDataSource       : HikariPool-1 - Start completed.
18:39:36:342 DEBUG 17220 --- [http-nio-8083-exec-2] c.h.i.m.ItemMapper.selectList_mpCount    : ==>  Preparing: SELECT COUNT(*) AS total FROM item WHERE (status = ?)
18:39:36:365 DEBUG 17220 --- [http-nio-8083-exec-1] c.h.i.m.ItemMapper.selectList_mpCount    : ==>  Preparing: SELECT COUNT(*) AS total FROM item WHERE (status = ?)
18:39:36:374 DEBUG 17220 --- [http-nio-8083-exec-2] c.h.i.m.ItemMapper.selectList_mpCount    : ==> Parameters: 1(Integer)
18:39:36:374 DEBUG 17220 --- [http-nio-8083-exec-1] c.h.i.m.ItemMapper.selectList_mpCount    : ==> Parameters: 1(Integer)
18:39:36:398  INFO 20156 --- [main] i.s.s.a.GlobalTransactionScanner         : Initializing Global Transaction Clients ... 
18:39:36:416 DEBUG 17220 --- [http-nio-8083-exec-2] c.h.i.m.ItemMapper.selectList_mpCount    : <==      Total: 1
18:39:36:416 DEBUG 17220 --- [http-nio-8083-exec-1] c.h.i.m.ItemMapper.selectList_mpCount    : <==      Total: 1
18:39:36:426 DEBUG 17220 --- [http-nio-8083-exec-1] c.h.item.mapper.ItemMapper.selectList    : ==>  Preparing: SELECT id, name, price, stock, image, category, brand, spec, sold, comment_count, isAD, status, create_time, update_time, creater, updater FROM item WHERE (status = ?) ORDER BY update_time DESC LIMIT ?
18:39:36:426 DEBUG 17220 --- [http-nio-8083-exec-2] c.h.item.mapper.ItemMapper.selectList    : ==>  Preparing: SELECT id, name, price, stock, image, category, brand, spec, sold, comment_count, isAD, status, create_time, update_time, creater, updater FROM item WHERE (status = ?) ORDER BY update_time DESC LIMIT ?
18:39:36:427 DEBUG 17220 --- [http-nio-8083-exec-1] c.h.item.mapper.ItemMapper.selectList    : ==> Parameters: 1(Integer), 20(Long)
18:39:36:427 DEBUG 17220 --- [http-nio-8083-exec-2] c.h.item.mapper.ItemMapper.selectList    : ==> Parameters: 1(Integer), 20(Long)
18:39:36:440 DEBUG 17220 --- [http-nio-8083-exec-2] c.h.item.mapper.ItemMapper.selectList    : <==      Total: 20
18:39:36:441 DEBUG 17220 --- [http-nio-8083-exec-1] c.h.item.mapper.ItemMapper.selectList    : <==      Total: 20
18:39:36:474  INFO 20156 --- [main] i.s.core.rpc.netty.NettyClientBootstrap  : NettyClientBootstrap has started
18:39:36:487 DEBUG 17220 --- [http-nio-8083-exec-3] c.h.i.m.ItemMapper.selectList_mpCount    : ==>  Preparing: SELECT COUNT(*) AS total FROM item WHERE (status = ?)
18:39:36:488 DEBUG 17220 --- [http-nio-8083-exec-3] c.h.i.m.ItemMapper.selectList_mpCount    : ==> Parameters: 1(Integer)
18:39:36:508 DEBUG 17220 --- [http-nio-8083-exec-3] c.h.i.m.ItemMapper.selectList_mpCount    : <==      Total: 1
18:39:36:510 DEBUG 17220 --- [http-nio-8083-exec-3] c.h.item.mapper.ItemMapper.selectList    : ==>  Preparing: SELECT id, name, price, stock, image, category, brand, spec, sold, comment_count, isAD, status, create_time, update_time, creater, updater FROM item WHERE (status = ?) ORDER BY update_time DESC LIMIT ?
18:39:36:511 DEBUG 17220 --- [http-nio-8083-exec-3] c.h.item.mapper.ItemMapper.selectList    : ==> Parameters: 1(Integer), 20(Long)
18:39:36:516 DEBUG 17220 --- [http-nio-8083-exec-3] c.h.item.mapper.ItemMapper.selectList    : <==      Total: 20
18:39:36:641  INFO 20156 --- [main] com.alibaba.nacos.common.remote.client   : [RpcClientFactory] create a new rpc client of ced20a83-21b9-4306-beca-12d3111f0bd6
18:39:36:642  INFO 20156 --- [main] com.alibaba.nacos.common.remote.client   : [ced20a83-21b9-4306-beca-12d3111f0bd6] RpcClient init label, labels = {module=naming, source=sdk}
18:39:36:644  INFO 20156 --- [main] com.alibaba.nacos.common.remote.client   : [ced20a83-21b9-4306-beca-12d3111f0bd6] RpcClient init, ServerListFactory = com.alibaba.nacos.client.naming.core.ServerListManager
18:39:36:644  INFO 20156 --- [main] com.alibaba.nacos.common.remote.client   : [ced20a83-21b9-4306-beca-12d3111f0bd6] Registry connection listener to current client:com.alibaba.nacos.client.naming.remote.gprc.redo.NamingGrpcRedoService
18:39:36:645  INFO 20156 --- [main] com.alibaba.nacos.common.remote.client   : [ced20a83-21b9-4306-beca-12d3111f0bd6] Register server push request handler:com.alibaba.nacos.client.naming.remote.gprc.NamingPushRequestHandler
18:39:36:645  INFO 20156 --- [main] com.alibaba.nacos.common.remote.client   : [ced20a83-21b9-4306-beca-12d3111f0bd6] Try to connect to server on start up, server: {serverIp = '192.168.200.129', server main port = 8848}
18:39:36:686 DEBUG 5372 --- [http-nio-8081-exec-4] c.h.i.m.ItemMapper.selectList_mpCount    : ==>  Preparing: SELECT COUNT(*) AS total FROM item WHERE (status = ?)
18:39:36:687 DEBUG 5372 --- [http-nio-8081-exec-4] c.h.i.m.ItemMapper.selectList_mpCount    : ==> Parameters: 1(Integer)
18:39:36:703 DEBUG 5372 --- [http-nio-8081-exec-4] c.h.i.m.ItemMapper.selectList_mpCount    : <==      Total: 1
18:39:36:705 DEBUG 5372 --- [http-nio-8081-exec-4] c.h.item.mapper.ItemMapper.selectList    : ==>  Preparing: SELECT id, name, price, stock, image, category, brand, spec, sold, comment_count, isAD, status, create_time, update_time, creater, updater FROM item WHERE (status = ?) ORDER BY update_time DESC LIMIT ?
18:39:36:706 DEBUG 5372 --- [http-nio-8081-exec-4] c.h.item.mapper.ItemMapper.selectList    : ==> Parameters: 1(Integer), 20(Long)
18:39:36:709 DEBUG 5372 --- [http-nio-8081-exec-4] c.h.item.mapper.ItemMapper.selectList    : <==      Total: 20
18:39:36:851 DEBUG 17220 --- [http-nio-8083-exec-4] c.h.i.m.ItemMapper.selectList_mpCount    : ==>  Preparing: SELECT COUNT(*) AS total FROM item WHERE (status = ?)
18:39:36:851 DEBUG 17220 --- [http-nio-8083-exec-4] c.h.i.m.ItemMapper.selectList_mpCount    : ==> Parameters: 1(Integer)
18:39:36:867 DEBUG 17220 --- [http-nio-8083-exec-4] c.h.i.m.ItemMapper.selectList_mpCount    : <==      Total: 1
18:39:36:869 DEBUG 17220 --- [http-nio-8083-exec-4] c.h.item.mapper.ItemMapper.selectList    : ==>  Preparing: SELECT id, name, price, stock, image, category, brand, spec, sold, comment_count, isAD, status, create_time, update_time, creater, updater FROM item WHERE (status = ?) ORDER BY update_time DESC LIMIT ?
18:39:36:870 DEBUG 17220 --- [http-nio-8083-exec-4] c.h.item.mapper.ItemMapper.selectList    : ==> Parameters: 1(Integer), 20(Long)
18:39:36:874 DEBUG 17220 --- [http-nio-8083-exec-4] c.h.item.mapper.ItemMapper.selectList    : <==      Total: 20
18:39:36:874  INFO 20156 --- [main] com.alibaba.nacos.common.remote.client   : [ced20a83-21b9-4306-beca-12d3111f0bd6] Success to connect to server [192.168.200.129:8848] on start up, connectionId = 1740911976445_192.168.200.1_25416
18:39:36:875  INFO 20156 --- [main] com.alibaba.nacos.common.remote.client   : [ced20a83-21b9-4306-beca-12d3111f0bd6] Register server push request handler:com.alibaba.nacos.common.remote.client.RpcClient$ConnectResetRequestHandler
18:39:36:875  INFO 20156 --- [main] com.alibaba.nacos.common.remote.client   : [ced20a83-21b9-4306-beca-12d3111f0bd6] Register server push request handler:com.alibaba.nacos.common.remote.client.RpcClient$$Lambda$472/0x000000080042a840
18:39:36:875  INFO 20156 --- [com.alibaba.nacos.client.remote.worker] com.alibaba.nacos.common.remote.client   : [ced20a83-21b9-4306-beca-12d3111f0bd6] Notify connected event to listeners.
18:39:36:918  INFO 20156 --- [main] i.s.c.r.netty.NettyClientChannelManager  : will connect to 192.168.200.129:8099
18:39:37:026 DEBUG 5372 --- [http-nio-8081-exec-5] c.h.i.m.ItemMapper.selectList_mpCount    : ==>  Preparing: SELECT COUNT(*) AS total FROM item WHERE (status = ?)
18:39:37:026 DEBUG 5372 --- [http-nio-8081-exec-5] c.h.i.m.ItemMapper.selectList_mpCount    : ==> Parameters: 1(Integer)
18:39:37:042 DEBUG 5372 --- [http-nio-8081-exec-5] c.h.i.m.ItemMapper.selectList_mpCount    : <==      Total: 1
18:39:37:044 DEBUG 5372 --- [http-nio-8081-exec-5] c.h.item.mapper.ItemMapper.selectList    : ==>  Preparing: SELECT id, name, price, stock, image, category, brand, spec, sold, comment_count, isAD, status, create_time, update_time, creater, updater FROM item WHERE (status = ?) ORDER BY update_time DESC LIMIT ?
18:39:37:044 DEBUG 5372 --- [http-nio-8081-exec-5] c.h.item.mapper.ItemMapper.selectList    : ==> Parameters: 1(Integer), 20(Long)
18:39:37:048 DEBUG 5372 --- [http-nio-8081-exec-5] c.h.item.mapper.ItemMapper.selectList    : <==      Total: 20
18:39:37:161 ERROR 20156 --- [com.alibaba.nacos.client.remote.worker] c.a.n.c.remote.client.grpc.GrpcClient    : Server check fail, please check server localhost ,port 9848 is available , error ={}

java.util.concurrent.ExecutionException: com.alibaba.nacos.shaded.io.grpc.StatusRuntimeException: UNAVAILABLE: io exception
	at com.alibaba.nacos.shaded.com.google.common.util.concurrent.AbstractFuture.getDoneValue(AbstractFuture.java:566) ~[nacos-client-2.0.4.jar:na]
	at com.alibaba.nacos.shaded.com.google.common.util.concurrent.AbstractFuture.get(AbstractFuture.java:445) ~[nacos-client-2.0.4.jar:na]
	at com.alibaba.nacos.common.remote.client.grpc.GrpcClient.serverCheck(GrpcClient.java:148) ~[nacos-client-2.0.4.jar:na]
	at com.alibaba.nacos.common.remote.client.grpc.GrpcClient.connectToServer(GrpcClient.java:264) ~[nacos-client-2.0.4.jar:na]
	at com.alibaba.nacos.common.remote.client.RpcClient.reconnect(RpcClient.java:522) ~[nacos-client-2.0.4.jar:na]
	at com.alibaba.nacos.common.remote.client.RpcClient.lambda$start$2(RpcClient.java:370) ~[nacos-client-2.0.4.jar:na]
	at java.base/java.util.concurrent.Executors$RunnableAdapter.call(Executors.java:515) ~[na:na]
	at java.base/java.util.concurrent.FutureTask.run(FutureTask.java:264) ~[na:na]
	at java.base/java.util.concurrent.ScheduledThreadPoolExecutor$ScheduledFutureTask.run(ScheduledThreadPoolExecutor.java:304) ~[na:na]
	at java.base/java.util.concurrent.ThreadPoolExecutor.runWorker(ThreadPoolExecutor.java:1128) ~[na:na]
	at java.base/java.util.concurrent.ThreadPoolExecutor$Worker.run(ThreadPoolExecutor.java:628) ~[na:na]
	at java.base/java.lang.Thread.run(Thread.java:829) ~[na:na]
Caused by: com.alibaba.nacos.shaded.io.grpc.StatusRuntimeException: UNAVAILABLE: io exception
	at com.alibaba.nacos.shaded.io.grpc.Status.asRuntimeException(Status.java:533) ~[nacos-client-2.0.4.jar:na]
	at com.alibaba.nacos.shaded.io.grpc.stub.ClientCalls$UnaryStreamToFuture.onClose(ClientCalls.java:490) ~[nacos-client-2.0.4.jar:na]
	at com.alibaba.nacos.shaded.io.grpc.PartialForwardingClientCallListener.onClose(PartialForwardingClientCallListener.java:39) ~[nacos-client-2.0.4.jar:na]
	at com.alibaba.nacos.shaded.io.grpc.ForwardingClientCallListener.onClose(ForwardingClientCallListener.java:23) ~[nacos-client-2.0.4.jar:na]
	at com.alibaba.nacos.shaded.io.grpc.ForwardingClientCallListener$SimpleForwardingClientCallListener.onClose(ForwardingClientCallListener.java:40) ~[nacos-client-2.0.4.jar:na]
	at com.alibaba.nacos.shaded.io.grpc.internal.CensusStatsModule$StatsClientInterceptor$1$1.onClose(CensusStatsModule.java:700) ~[nacos-client-2.0.4.jar:na]
	at com.alibaba.nacos.shaded.io.grpc.PartialForwardingClientCallListener.onClose(PartialForwardingClientCallListener.java:39) ~[nacos-client-2.0.4.jar:na]
	at com.alibaba.nacos.shaded.io.grpc.ForwardingClientCallListener.onClose(ForwardingClientCallListener.java:23) ~[nacos-client-2.0.4.jar:na]
	at com.alibaba.nacos.shaded.io.grpc.ForwardingClientCallListener$SimpleForwardingClientCallListener.onClose(ForwardingClientCallListener.java:40) ~[nacos-client-2.0.4.jar:na]
	at com.alibaba.nacos.shaded.io.grpc.internal.CensusTracingModule$TracingClientInterceptor$1$1.onClose(CensusTracingModule.java:399) ~[nacos-client-2.0.4.jar:na]
	at com.alibaba.nacos.shaded.io.grpc.internal.ClientCallImpl.closeObserver(ClientCallImpl.java:510) ~[nacos-client-2.0.4.jar:na]
	at com.alibaba.nacos.shaded.io.grpc.internal.ClientCallImpl.access$300(ClientCallImpl.java:66) ~[nacos-client-2.0.4.jar:na]
	at com.alibaba.nacos.shaded.io.grpc.internal.ClientCallImpl$ClientStreamListenerImpl.close(ClientCallImpl.java:630) ~[nacos-client-2.0.4.jar:na]
	at com.alibaba.nacos.shaded.io.grpc.internal.ClientCallImpl$ClientStreamListenerImpl.access$700(ClientCallImpl.java:518) ~[nacos-client-2.0.4.jar:na]
	at com.alibaba.nacos.shaded.io.grpc.internal.ClientCallImpl$ClientStreamListenerImpl$1StreamClosed.runInternal(ClientCallImpl.java:692) ~[nacos-client-2.0.4.jar:na]
	at com.alibaba.nacos.shaded.io.grpc.internal.ClientCallImpl$ClientStreamListenerImpl$1StreamClosed.runInContext(ClientCallImpl.java:681) ~[nacos-client-2.0.4.jar:na]
	at com.alibaba.nacos.shaded.io.grpc.internal.ContextRunnable.run(ContextRunnable.java:37) ~[nacos-client-2.0.4.jar:na]
	at com.alibaba.nacos.shaded.io.grpc.internal.SerializingExecutor.run(SerializingExecutor.java:123) ~[nacos-client-2.0.4.jar:na]
	... 3 common frames omitted
Caused by: com.alibaba.nacos.shaded.io.grpc.netty.shaded.io.netty.channel.AbstractChannel$AnnotatedConnectException: Connection refused: no further information: localhost/0:0:0:0:0:0:0:1:9848
Caused by: java.net.ConnectException: Connection refused: no further information
	at java.base/sun.nio.ch.SocketChannelImpl.checkConnect(Native Method) ~[na:na]
	at java.base/sun.nio.ch.SocketChannelImpl.finishConnect(SocketChannelImpl.java:777) ~[na:na]
	at com.alibaba.nacos.shaded.io.grpc.netty.shaded.io.netty.channel.socket.nio.NioSocketChannel.doFinishConnect(NioSocketChannel.java:327) ~[nacos-client-2.0.4.jar:na]
	at com.alibaba.nacos.shaded.io.grpc.netty.shaded.io.netty.channel.nio.AbstractNioChannel$AbstractNioUnsafe.finishConnect(AbstractNioChannel.java:336) ~[nacos-client-2.0.4.jar:na]
	at com.alibaba.nacos.shaded.io.grpc.netty.shaded.io.netty.channel.nio.NioEventLoop.processSelectedKey(NioEventLoop.java:685) ~[nacos-client-2.0.4.jar:na]
	at com.alibaba.nacos.shaded.io.grpc.netty.shaded.io.netty.channel.nio.NioEventLoop.processSelectedKeysOptimized(NioEventLoop.java:632) ~[nacos-client-2.0.4.jar:na]
	at com.alibaba.nacos.shaded.io.grpc.netty.shaded.io.netty.channel.nio.NioEventLoop.processSelectedKeys(NioEventLoop.java:549) ~[nacos-client-2.0.4.jar:na]
	at com.alibaba.nacos.shaded.io.grpc.netty.shaded.io.netty.channel.nio.NioEventLoop.run(NioEventLoop.java:511) ~[nacos-client-2.0.4.jar:na]
	at com.alibaba.nacos.shaded.io.grpc.netty.shaded.io.netty.util.concurrent.SingleThreadEventExecutor$5.run(SingleThreadEventExecutor.java:918) ~[nacos-client-2.0.4.jar:na]
	at com.alibaba.nacos.shaded.io.grpc.netty.shaded.io.netty.util.internal.ThreadExecutorMap$2.run(ThreadExecutorMap.java:74) ~[nacos-client-2.0.4.jar:na]
	at com.alibaba.nacos.shaded.io.grpc.netty.shaded.io.netty.util.concurrent.FastThreadLocalRunnable.run(FastThreadLocalRunnable.java:30) ~[nacos-client-2.0.4.jar:na]
	at java.base/java.lang.Thread.run(Thread.java:829) ~[na:na]

18:39:37:162  INFO 20156 --- [com.alibaba.nacos.client.remote.worker] com.alibaba.nacos.common.remote.client   : [37227c6c-942a-4dde-b837-e2fecc801b49_config-0] Fail to connect server, after trying 9 times, last try server is {serverIp = 'localhost', server main port = 8848}, error = unknown
18:39:37:221  INFO 20156 --- [main] i.s.core.rpc.netty.NettyPoolableFactory  : NettyPool create channel to transactionRole:TMROLE,address:192.168.200.129:8099,msg:< RegisterTMRequest{applicationId='item-service', transactionServiceGroup='hmall'} >
18:39:37:497  INFO 20156 --- [nacos-grpc-client-executor-6] com.alibaba.nacos.common.remote.client   : [ced20a83-21b9-4306-beca-12d3111f0bd6] Receive server push request, request = NotifySubscriberRequest, requestId = 59
18:39:37:499  INFO 20156 --- [nacos-grpc-client-executor-6] com.alibaba.nacos.common.remote.client   : [ced20a83-21b9-4306-beca-12d3111f0bd6] Ack server push request, request = NotifySubscriberRequest, requestId = 59
18:39:37:600  INFO 20156 --- [main] i.s.c.rpc.netty.TmNettyRemotingClient    : register TM success. client version:1.5.2, server version:1.5.2,channel:[id: 0x43005013, L:/192.168.200.1:25423 - R:/192.168.200.129:8099]
18:39:37:606  INFO 20156 --- [main] i.s.core.rpc.netty.NettyPoolableFactory  : register success, cost 52 ms, version:1.5.2,role:TMROLE,channel:[id: 0x43005013, L:/192.168.200.1:25423 - R:/192.168.200.129:8099]
18:39:37:607  INFO 20156 --- [main] i.s.s.a.GlobalTransactionScanner         : Transaction Manager Client is initialized. applicationId[item-service] txServiceGroup[hmall]
18:39:37:615  INFO 20156 --- [main] io.seata.rm.datasource.AsyncWorker       : Async Commit Buffer Limit: 10000
18:39:37:616  INFO 20156 --- [main] i.s.rm.datasource.xa.ResourceManagerXA   : ResourceManagerXA init ...
18:39:37:622  INFO 20156 --- [main] i.s.core.rpc.netty.NettyClientBootstrap  : NettyClientBootstrap has started
18:39:37:622  INFO 20156 --- [main] i.s.s.a.GlobalTransactionScanner         : Resource Manager is initialized. applicationId[item-service] txServiceGroup[hmall]
18:39:37:622  INFO 20156 --- [main] i.s.s.a.GlobalTransactionScanner         : Global Transaction Clients are initialized. 
18:39:37:624  INFO 20156 --- [main] trationDelegate$BeanPostProcessorChecker : Bean 'io.seata.spring.boot.autoconfigure.SeataDataSourceAutoConfiguration' of type [io.seata.spring.boot.autoconfigure.SeataDataSourceAutoConfiguration] is not eligible for getting processed by all BeanPostProcessors (for example: not eligible for auto-proxying)
18:39:37:784  INFO 20156 --- [main] trationDelegate$BeanPostProcessorChecker : Bean 'com.alibaba.cloud.seata.feign.SeataFeignClientAutoConfiguration$FeignBeanPostProcessorConfiguration' of type [com.alibaba.cloud.seata.feign.SeataFeignClientAutoConfiguration$FeignBeanPostProcessorConfiguration] is not eligible for getting processed by all BeanPostProcessors (for example: not eligible for auto-proxying)
18:39:37:786  INFO 20156 --- [main] trationDelegate$BeanPostProcessorChecker : Bean 'seataFeignObjectWrapper' of type [com.alibaba.cloud.seata.feign.SeataFeignObjectWrapper] is not eligible for getting processed by all BeanPostProcessors (for example: not eligible for auto-proxying)
18:39:38:048  INFO 20156 --- [main] o.s.b.w.embedded.tomcat.TomcatWebServer  : Tomcat initialized with port(s): 8086 (http)
18:39:38:059  INFO 20156 --- [main] o.apache.catalina.core.StandardService   : Starting service [Tomcat]
18:39:38:060  INFO 20156 --- [main] org.apache.catalina.core.StandardEngine  : Starting Servlet engine: [Apache Tomcat/9.0.75]
18:39:38:167 ERROR 20156 --- [com.alibaba.nacos.client.remote.worker] c.a.n.c.remote.client.grpc.GrpcClient    : Server check fail, please check server localhost ,port 9848 is available , error ={}

java.util.concurrent.ExecutionException: com.alibaba.nacos.shaded.io.grpc.StatusRuntimeException: UNAVAILABLE: io exception
	at com.alibaba.nacos.shaded.com.google.common.util.concurrent.AbstractFuture.getDoneValue(AbstractFuture.java:566) ~[nacos-client-2.0.4.jar:na]
	at com.alibaba.nacos.shaded.com.google.common.util.concurrent.AbstractFuture.get(AbstractFuture.java:445) ~[nacos-client-2.0.4.jar:na]
	at com.alibaba.nacos.common.remote.client.grpc.GrpcClient.serverCheck(GrpcClient.java:148) ~[nacos-client-2.0.4.jar:na]
	at com.alibaba.nacos.common.remote.client.grpc.GrpcClient.connectToServer(GrpcClient.java:264) ~[nacos-client-2.0.4.jar:na]
	at com.alibaba.nacos.common.remote.client.RpcClient.reconnect(RpcClient.java:522) ~[nacos-client-2.0.4.jar:na]
	at com.alibaba.nacos.common.remote.client.RpcClient.lambda$start$2(RpcClient.java:370) ~[nacos-client-2.0.4.jar:na]
	at java.base/java.util.concurrent.Executors$RunnableAdapter.call(Executors.java:515) ~[na:na]
	at java.base/java.util.concurrent.FutureTask.run(FutureTask.java:264) ~[na:na]
	at java.base/java.util.concurrent.ScheduledThreadPoolExecutor$ScheduledFutureTask.run(ScheduledThreadPoolExecutor.java:304) ~[na:na]
	at java.base/java.util.concurrent.ThreadPoolExecutor.runWorker(ThreadPoolExecutor.java:1128) ~[na:na]
	at java.base/java.util.concurrent.ThreadPoolExecutor$Worker.run(ThreadPoolExecutor.java:628) ~[na:na]
	at java.base/java.lang.Thread.run(Thread.java:829) ~[na:na]
Caused by: com.alibaba.nacos.shaded.io.grpc.StatusRuntimeException: UNAVAILABLE: io exception
	at com.alibaba.nacos.shaded.io.grpc.Status.asRuntimeException(Status.java:533) ~[nacos-client-2.0.4.jar:na]
	at com.alibaba.nacos.shaded.io.grpc.stub.ClientCalls$UnaryStreamToFuture.onClose(ClientCalls.java:490) ~[nacos-client-2.0.4.jar:na]
	at com.alibaba.nacos.shaded.io.grpc.PartialForwardingClientCallListener.onClose(PartialForwardingClientCallListener.java:39) ~[nacos-client-2.0.4.jar:na]
	at com.alibaba.nacos.shaded.io.grpc.ForwardingClientCallListener.onClose(ForwardingClientCallListener.java:23) ~[nacos-client-2.0.4.jar:na]
	at com.alibaba.nacos.shaded.io.grpc.ForwardingClientCallListener$SimpleForwardingClientCallListener.onClose(ForwardingClientCallListener.java:40) ~[nacos-client-2.0.4.jar:na]
	at com.alibaba.nacos.shaded.io.grpc.internal.CensusStatsModule$StatsClientInterceptor$1$1.onClose(CensusStatsModule.java:700) ~[nacos-client-2.0.4.jar:na]
	at com.alibaba.nacos.shaded.io.grpc.PartialForwardingClientCallListener.onClose(PartialForwardingClientCallListener.java:39) ~[nacos-client-2.0.4.jar:na]
	at com.alibaba.nacos.shaded.io.grpc.ForwardingClientCallListener.onClose(ForwardingClientCallListener.java:23) ~[nacos-client-2.0.4.jar:na]
	at com.alibaba.nacos.shaded.io.grpc.ForwardingClientCallListener$SimpleForwardingClientCallListener.onClose(ForwardingClientCallListener.java:40) ~[nacos-client-2.0.4.jar:na]
	at com.alibaba.nacos.shaded.io.grpc.internal.CensusTracingModule$TracingClientInterceptor$1$1.onClose(CensusTracingModule.java:399) ~[nacos-client-2.0.4.jar:na]
	at com.alibaba.nacos.shaded.io.grpc.internal.ClientCallImpl.closeObserver(ClientCallImpl.java:510) ~[nacos-client-2.0.4.jar:na]
	at com.alibaba.nacos.shaded.io.grpc.internal.ClientCallImpl.access$300(ClientCallImpl.java:66) ~[nacos-client-2.0.4.jar:na]
	at com.alibaba.nacos.shaded.io.grpc.internal.ClientCallImpl$ClientStreamListenerImpl.close(ClientCallImpl.java:630) ~[nacos-client-2.0.4.jar:na]
	at com.alibaba.nacos.shaded.io.grpc.internal.ClientCallImpl$ClientStreamListenerImpl.access$700(ClientCallImpl.java:518) ~[nacos-client-2.0.4.jar:na]
	at com.alibaba.nacos.shaded.io.grpc.internal.ClientCallImpl$ClientStreamListenerImpl$1StreamClosed.runInternal(ClientCallImpl.java:692) ~[nacos-client-2.0.4.jar:na]
	at com.alibaba.nacos.shaded.io.grpc.internal.ClientCallImpl$ClientStreamListenerImpl$1StreamClosed.runInContext(ClientCallImpl.java:681) ~[nacos-client-2.0.4.jar:na]
	at com.alibaba.nacos.shaded.io.grpc.internal.ContextRunnable.run(ContextRunnable.java:37) ~[nacos-client-2.0.4.jar:na]
	at com.alibaba.nacos.shaded.io.grpc.internal.SerializingExecutor.run(SerializingExecutor.java:123) ~[nacos-client-2.0.4.jar:na]
	... 3 common frames omitted
Caused by: com.alibaba.nacos.shaded.io.grpc.netty.shaded.io.netty.channel.AbstractChannel$AnnotatedConnectException: Connection refused: no further information: localhost/0:0:0:0:0:0:0:1:9848
Caused by: java.net.ConnectException: Connection refused: no further information
	at java.base/sun.nio.ch.SocketChannelImpl.checkConnect(Native Method) ~[na:na]
	at java.base/sun.nio.ch.SocketChannelImpl.finishConnect(SocketChannelImpl.java:777) ~[na:na]
	at com.alibaba.nacos.shaded.io.grpc.netty.shaded.io.netty.channel.socket.nio.NioSocketChannel.doFinishConnect(NioSocketChannel.java:327) ~[nacos-client-2.0.4.jar:na]
	at com.alibaba.nacos.shaded.io.grpc.netty.shaded.io.netty.channel.nio.AbstractNioChannel$AbstractNioUnsafe.finishConnect(AbstractNioChannel.java:336) ~[nacos-client-2.0.4.jar:na]
	at com.alibaba.nacos.shaded.io.grpc.netty.shaded.io.netty.channel.nio.NioEventLoop.processSelectedKey(NioEventLoop.java:685) ~[nacos-client-2.0.4.jar:na]
	at com.alibaba.nacos.shaded.io.grpc.netty.shaded.io.netty.channel.nio.NioEventLoop.processSelectedKeysOptimized(NioEventLoop.java:632) ~[nacos-client-2.0.4.jar:na]
	at com.alibaba.nacos.shaded.io.grpc.netty.shaded.io.netty.channel.nio.NioEventLoop.processSelectedKeys(NioEventLoop.java:549) ~[nacos-client-2.0.4.jar:na]
	at com.alibaba.nacos.shaded.io.grpc.netty.shaded.io.netty.channel.nio.NioEventLoop.run(NioEventLoop.java:511) ~[nacos-client-2.0.4.jar:na]
	at com.alibaba.nacos.shaded.io.grpc.netty.shaded.io.netty.util.concurrent.SingleThreadEventExecutor$5.run(SingleThreadEventExecutor.java:918) ~[nacos-client-2.0.4.jar:na]
	at com.alibaba.nacos.shaded.io.grpc.netty.shaded.io.netty.util.internal.ThreadExecutorMap$2.run(ThreadExecutorMap.java:74) ~[nacos-client-2.0.4.jar:na]
	at com.alibaba.nacos.shaded.io.grpc.netty.shaded.io.netty.util.concurrent.FastThreadLocalRunnable.run(FastThreadLocalRunnable.java:30) ~[nacos-client-2.0.4.jar:na]
	at java.base/java.lang.Thread.run(Thread.java:829) ~[na:na]

18:39:38:168  INFO 20156 --- [com.alibaba.nacos.client.remote.worker] com.alibaba.nacos.common.remote.client   : [37227c6c-942a-4dde-b837-e2fecc801b49_config-0] Fail to connect server, after trying 10 times, last try server is {serverIp = 'localhost', server main port = 8848}, error = unknown
18:39:38:306  INFO 20156 --- [main] o.a.c.c.C.[Tomcat].[localhost].[/]       : Initializing Spring embedded WebApplicationContext
18:39:38:306  INFO 20156 --- [main] w.s.c.ServletWebServerApplicationContext : Root WebApplicationContext: initialization completed in 3202 ms
18:39:38:897  INFO 20156 --- [main] com.zaxxer.hikari.HikariDataSource       : HikariPool-1 - Starting...
18:39:39:275 ERROR 20156 --- [com.alibaba.nacos.client.remote.worker] c.a.n.c.remote.client.grpc.GrpcClient    : Server check fail, please check server localhost ,port 9848 is available , error ={}

java.util.concurrent.ExecutionException: com.alibaba.nacos.shaded.io.grpc.StatusRuntimeException: UNAVAILABLE: io exception
	at com.alibaba.nacos.shaded.com.google.common.util.concurrent.AbstractFuture.getDoneValue(AbstractFuture.java:566) ~[nacos-client-2.0.4.jar:na]
	at com.alibaba.nacos.shaded.com.google.common.util.concurrent.AbstractFuture.get(AbstractFuture.java:445) ~[nacos-client-2.0.4.jar:na]
	at com.alibaba.nacos.common.remote.client.grpc.GrpcClient.serverCheck(GrpcClient.java:148) ~[nacos-client-2.0.4.jar:na]
	at com.alibaba.nacos.common.remote.client.grpc.GrpcClient.connectToServer(GrpcClient.java:264) ~[nacos-client-2.0.4.jar:na]
	at com.alibaba.nacos.common.remote.client.RpcClient.reconnect(RpcClient.java:522) ~[nacos-client-2.0.4.jar:na]
	at com.alibaba.nacos.common.remote.client.RpcClient.lambda$start$2(RpcClient.java:370) ~[nacos-client-2.0.4.jar:na]
	at java.base/java.util.concurrent.Executors$RunnableAdapter.call(Executors.java:515) ~[na:na]
	at java.base/java.util.concurrent.FutureTask.run(FutureTask.java:264) ~[na:na]
	at java.base/java.util.concurrent.ScheduledThreadPoolExecutor$ScheduledFutureTask.run(ScheduledThreadPoolExecutor.java:304) ~[na:na]
	at java.base/java.util.concurrent.ThreadPoolExecutor.runWorker(ThreadPoolExecutor.java:1128) ~[na:na]
	at java.base/java.util.concurrent.ThreadPoolExecutor$Worker.run(ThreadPoolExecutor.java:628) ~[na:na]
	at java.base/java.lang.Thread.run(Thread.java:829) ~[na:na]
Caused by: com.alibaba.nacos.shaded.io.grpc.StatusRuntimeException: UNAVAILABLE: io exception
	at com.alibaba.nacos.shaded.io.grpc.Status.asRuntimeException(Status.java:533) ~[nacos-client-2.0.4.jar:na]
	at com.alibaba.nacos.shaded.io.grpc.stub.ClientCalls$UnaryStreamToFuture.onClose(ClientCalls.java:490) ~[nacos-client-2.0.4.jar:na]
	at com.alibaba.nacos.shaded.io.grpc.PartialForwardingClientCallListener.onClose(PartialForwardingClientCallListener.java:39) ~[nacos-client-2.0.4.jar:na]
	at com.alibaba.nacos.shaded.io.grpc.ForwardingClientCallListener.onClose(ForwardingClientCallListener.java:23) ~[nacos-client-2.0.4.jar:na]
	at com.alibaba.nacos.shaded.io.grpc.ForwardingClientCallListener$SimpleForwardingClientCallListener.onClose(ForwardingClientCallListener.java:40) ~[nacos-client-2.0.4.jar:na]
	at com.alibaba.nacos.shaded.io.grpc.internal.CensusStatsModule$StatsClientInterceptor$1$1.onClose(CensusStatsModule.java:700) ~[nacos-client-2.0.4.jar:na]
	at com.alibaba.nacos.shaded.io.grpc.PartialForwardingClientCallListener.onClose(PartialForwardingClientCallListener.java:39) ~[nacos-client-2.0.4.jar:na]
	at com.alibaba.nacos.shaded.io.grpc.ForwardingClientCallListener.onClose(ForwardingClientCallListener.java:23) ~[nacos-client-2.0.4.jar:na]
	at com.alibaba.nacos.shaded.io.grpc.ForwardingClientCallListener$SimpleForwardingClientCallListener.onClose(ForwardingClientCallListener.java:40) ~[nacos-client-2.0.4.jar:na]
	at com.alibaba.nacos.shaded.io.grpc.internal.CensusTracingModule$TracingClientInterceptor$1$1.onClose(CensusTracingModule.java:399) ~[nacos-client-2.0.4.jar:na]
	at com.alibaba.nacos.shaded.io.grpc.internal.ClientCallImpl.closeObserver(ClientCallImpl.java:510) ~[nacos-client-2.0.4.jar:na]
	at com.alibaba.nacos.shaded.io.grpc.internal.ClientCallImpl.access$300(ClientCallImpl.java:66) ~[nacos-client-2.0.4.jar:na]
	at com.alibaba.nacos.shaded.io.grpc.internal.ClientCallImpl$ClientStreamListenerImpl.close(ClientCallImpl.java:630) ~[nacos-client-2.0.4.jar:na]
	at com.alibaba.nacos.shaded.io.grpc.internal.ClientCallImpl$ClientStreamListenerImpl.access$700(ClientCallImpl.java:518) ~[nacos-client-2.0.4.jar:na]
	at com.alibaba.nacos.shaded.io.grpc.internal.ClientCallImpl$ClientStreamListenerImpl$1StreamClosed.runInternal(ClientCallImpl.java:692) ~[nacos-client-2.0.4.jar:na]
	at com.alibaba.nacos.shaded.io.grpc.internal.ClientCallImpl$ClientStreamListenerImpl$1StreamClosed.runInContext(ClientCallImpl.java:681) ~[nacos-client-2.0.4.jar:na]
	at com.alibaba.nacos.shaded.io.grpc.internal.ContextRunnable.run(ContextRunnable.java:37) ~[nacos-client-2.0.4.jar:na]
	at com.alibaba.nacos.shaded.io.grpc.internal.SerializingExecutor.run(SerializingExecutor.java:123) ~[nacos-client-2.0.4.jar:na]
	... 3 common frames omitted
Caused by: com.alibaba.nacos.shaded.io.grpc.netty.shaded.io.netty.channel.AbstractChannel$AnnotatedConnectException: Connection refused: no further information: localhost/0:0:0:0:0:0:0:1:9848
Caused by: java.net.ConnectException: Connection refused: no further information
	at java.base/sun.nio.ch.SocketChannelImpl.checkConnect(Native Method) ~[na:na]
	at java.base/sun.nio.ch.SocketChannelImpl.finishConnect(SocketChannelImpl.java:777) ~[na:na]
	at com.alibaba.nacos.shaded.io.grpc.netty.shaded.io.netty.channel.socket.nio.NioSocketChannel.doFinishConnect(NioSocketChannel.java:327) ~[nacos-client-2.0.4.jar:na]
	at com.alibaba.nacos.shaded.io.grpc.netty.shaded.io.netty.channel.nio.AbstractNioChannel$AbstractNioUnsafe.finishConnect(AbstractNioChannel.java:336) ~[nacos-client-2.0.4.jar:na]
	at com.alibaba.nacos.shaded.io.grpc.netty.shaded.io.netty.channel.nio.NioEventLoop.processSelectedKey(NioEventLoop.java:685) ~[nacos-client-2.0.4.jar:na]
	at com.alibaba.nacos.shaded.io.grpc.netty.shaded.io.netty.channel.nio.NioEventLoop.processSelectedKeysOptimized(NioEventLoop.java:632) ~[nacos-client-2.0.4.jar:na]
	at com.alibaba.nacos.shaded.io.grpc.netty.shaded.io.netty.channel.nio.NioEventLoop.processSelectedKeys(NioEventLoop.java:549) ~[nacos-client-2.0.4.jar:na]
	at com.alibaba.nacos.shaded.io.grpc.netty.shaded.io.netty.channel.nio.NioEventLoop.run(NioEventLoop.java:511) ~[nacos-client-2.0.4.jar:na]
	at com.alibaba.nacos.shaded.io.grpc.netty.shaded.io.netty.util.concurrent.SingleThreadEventExecutor$5.run(SingleThreadEventExecutor.java:918) ~[nacos-client-2.0.4.jar:na]
	at com.alibaba.nacos.shaded.io.grpc.netty.shaded.io.netty.util.internal.ThreadExecutorMap$2.run(ThreadExecutorMap.java:74) ~[nacos-client-2.0.4.jar:na]
	at com.alibaba.nacos.shaded.io.grpc.netty.shaded.io.netty.util.concurrent.FastThreadLocalRunnable.run(FastThreadLocalRunnable.java:30) ~[nacos-client-2.0.4.jar:na]
	at java.base/java.lang.Thread.run(Thread.java:829) ~[na:na]

18:39:39:276  INFO 20156 --- [com.alibaba.nacos.client.remote.worker] com.alibaba.nacos.common.remote.client   : [37227c6c-942a-4dde-b837-e2fecc801b49_config-0] Fail to connect server, after trying 11 times, last try server is {serverIp = 'localhost', server main port = 8848}, error = unknown
18:39:40:481 ERROR 20156 --- [com.alibaba.nacos.client.remote.worker] c.a.n.c.remote.client.grpc.GrpcClient    : Server check fail, please check server localhost ,port 9848 is available , error ={}

java.util.concurrent.ExecutionException: com.alibaba.nacos.shaded.io.grpc.StatusRuntimeException: UNAVAILABLE: io exception
	at com.alibaba.nacos.shaded.com.google.common.util.concurrent.AbstractFuture.getDoneValue(AbstractFuture.java:566) ~[nacos-client-2.0.4.jar:na]
	at com.alibaba.nacos.shaded.com.google.common.util.concurrent.AbstractFuture.get(AbstractFuture.java:445) ~[nacos-client-2.0.4.jar:na]
	at com.alibaba.nacos.common.remote.client.grpc.GrpcClient.serverCheck(GrpcClient.java:148) ~[nacos-client-2.0.4.jar:na]
	at com.alibaba.nacos.common.remote.client.grpc.GrpcClient.connectToServer(GrpcClient.java:264) ~[nacos-client-2.0.4.jar:na]
	at com.alibaba.nacos.common.remote.client.RpcClient.reconnect(RpcClient.java:522) ~[nacos-client-2.0.4.jar:na]
	at com.alibaba.nacos.common.remote.client.RpcClient.lambda$start$2(RpcClient.java:370) ~[nacos-client-2.0.4.jar:na]
	at java.base/java.util.concurrent.Executors$RunnableAdapter.call(Executors.java:515) ~[na:na]
	at java.base/java.util.concurrent.FutureTask.run(FutureTask.java:264) ~[na:na]
	at java.base/java.util.concurrent.ScheduledThreadPoolExecutor$ScheduledFutureTask.run(ScheduledThreadPoolExecutor.java:304) ~[na:na]
	at java.base/java.util.concurrent.ThreadPoolExecutor.runWorker(ThreadPoolExecutor.java:1128) ~[na:na]
	at java.base/java.util.concurrent.ThreadPoolExecutor$Worker.run(ThreadPoolExecutor.java:628) ~[na:na]
	at java.base/java.lang.Thread.run(Thread.java:829) ~[na:na]
Caused by: com.alibaba.nacos.shaded.io.grpc.StatusRuntimeException: UNAVAILABLE: io exception
	at com.alibaba.nacos.shaded.io.grpc.Status.asRuntimeException(Status.java:533) ~[nacos-client-2.0.4.jar:na]
	at com.alibaba.nacos.shaded.io.grpc.stub.ClientCalls$UnaryStreamToFuture.onClose(ClientCalls.java:490) ~[nacos-client-2.0.4.jar:na]
	at com.alibaba.nacos.shaded.io.grpc.PartialForwardingClientCallListener.onClose(PartialForwardingClientCallListener.java:39) ~[nacos-client-2.0.4.jar:na]
	at com.alibaba.nacos.shaded.io.grpc.ForwardingClientCallListener.onClose(ForwardingClientCallListener.java:23) ~[nacos-client-2.0.4.jar:na]
	at com.alibaba.nacos.shaded.io.grpc.ForwardingClientCallListener$SimpleForwardingClientCallListener.onClose(ForwardingClientCallListener.java:40) ~[nacos-client-2.0.4.jar:na]
	at com.alibaba.nacos.shaded.io.grpc.internal.CensusStatsModule$StatsClientInterceptor$1$1.onClose(CensusStatsModule.java:700) ~[nacos-client-2.0.4.jar:na]
	at com.alibaba.nacos.shaded.io.grpc.PartialForwardingClientCallListener.onClose(PartialForwardingClientCallListener.java:39) ~[nacos-client-2.0.4.jar:na]
	at com.alibaba.nacos.shaded.io.grpc.ForwardingClientCallListener.onClose(ForwardingClientCallListener.java:23) ~[nacos-client-2.0.4.jar:na]
	at com.alibaba.nacos.shaded.io.grpc.ForwardingClientCallListener$SimpleForwardingClientCallListener.onClose(ForwardingClientCallListener.java:40) ~[nacos-client-2.0.4.jar:na]
	at com.alibaba.nacos.shaded.io.grpc.internal.CensusTracingModule$TracingClientInterceptor$1$1.onClose(CensusTracingModule.java:399) ~[nacos-client-2.0.4.jar:na]
	at com.alibaba.nacos.shaded.io.grpc.internal.ClientCallImpl.closeObserver(ClientCallImpl.java:510) ~[nacos-client-2.0.4.jar:na]
	at com.alibaba.nacos.shaded.io.grpc.internal.ClientCallImpl.access$300(ClientCallImpl.java:66) ~[nacos-client-2.0.4.jar:na]
	at com.alibaba.nacos.shaded.io.grpc.internal.ClientCallImpl$ClientStreamListenerImpl.close(ClientCallImpl.java:630) ~[nacos-client-2.0.4.jar:na]
	at com.alibaba.nacos.shaded.io.grpc.internal.ClientCallImpl$ClientStreamListenerImpl.access$700(ClientCallImpl.java:518) ~[nacos-client-2.0.4.jar:na]
	at com.alibaba.nacos.shaded.io.grpc.internal.ClientCallImpl$ClientStreamListenerImpl$1StreamClosed.runInternal(ClientCallImpl.java:692) ~[nacos-client-2.0.4.jar:na]
	at com.alibaba.nacos.shaded.io.grpc.internal.ClientCallImpl$ClientStreamListenerImpl$1StreamClosed.runInContext(ClientCallImpl.java:681) ~[nacos-client-2.0.4.jar:na]
	at com.alibaba.nacos.shaded.io.grpc.internal.ContextRunnable.run(ContextRunnable.java:37) ~[nacos-client-2.0.4.jar:na]
	at com.alibaba.nacos.shaded.io.grpc.internal.SerializingExecutor.run(SerializingExecutor.java:123) ~[nacos-client-2.0.4.jar:na]
	... 3 common frames omitted
Caused by: com.alibaba.nacos.shaded.io.grpc.netty.shaded.io.netty.channel.AbstractChannel$AnnotatedConnectException: Connection refused: no further information: localhost/0:0:0:0:0:0:0:1:9848
Caused by: java.net.ConnectException: Connection refused: no further information
	at java.base/sun.nio.ch.SocketChannelImpl.checkConnect(Native Method) ~[na:na]
	at java.base/sun.nio.ch.SocketChannelImpl.finishConnect(SocketChannelImpl.java:777) ~[na:na]
	at com.alibaba.nacos.shaded.io.grpc.netty.shaded.io.netty.channel.socket.nio.NioSocketChannel.doFinishConnect(NioSocketChannel.java:327) ~[nacos-client-2.0.4.jar:na]
	at com.alibaba.nacos.shaded.io.grpc.netty.shaded.io.netty.channel.nio.AbstractNioChannel$AbstractNioUnsafe.finishConnect(AbstractNioChannel.java:336) ~[nacos-client-2.0.4.jar:na]
	at com.alibaba.nacos.shaded.io.grpc.netty.shaded.io.netty.channel.nio.NioEventLoop.processSelectedKey(NioEventLoop.java:685) ~[nacos-client-2.0.4.jar:na]
	at com.alibaba.nacos.shaded.io.grpc.netty.shaded.io.netty.channel.nio.NioEventLoop.processSelectedKeysOptimized(NioEventLoop.java:632) ~[nacos-client-2.0.4.jar:na]
	at com.alibaba.nacos.shaded.io.grpc.netty.shaded.io.netty.channel.nio.NioEventLoop.processSelectedKeys(NioEventLoop.java:549) ~[nacos-client-2.0.4.jar:na]
	at com.alibaba.nacos.shaded.io.grpc.netty.shaded.io.netty.channel.nio.NioEventLoop.run(NioEventLoop.java:511) ~[nacos-client-2.0.4.jar:na]
	at com.alibaba.nacos.shaded.io.grpc.netty.shaded.io.netty.util.concurrent.SingleThreadEventExecutor$5.run(SingleThreadEventExecutor.java:918) ~[nacos-client-2.0.4.jar:na]
	at com.alibaba.nacos.shaded.io.grpc.netty.shaded.io.netty.util.internal.ThreadExecutorMap$2.run(ThreadExecutorMap.java:74) ~[nacos-client-2.0.4.jar:na]
	at com.alibaba.nacos.shaded.io.grpc.netty.shaded.io.netty.util.concurrent.FastThreadLocalRunnable.run(FastThreadLocalRunnable.java:30) ~[nacos-client-2.0.4.jar:na]
	at java.base/java.lang.Thread.run(Thread.java:829) ~[na:na]

18:39:40:482  INFO 20156 --- [com.alibaba.nacos.client.remote.worker] com.alibaba.nacos.common.remote.client   : [37227c6c-942a-4dde-b837-e2fecc801b49_config-0] Fail to connect server, after trying 12 times, last try server is {serverIp = 'localhost', server main port = 8848}, error = unknown
18:39:41:788 ERROR 20156 --- [com.alibaba.nacos.client.remote.worker] c.a.n.c.remote.client.grpc.GrpcClient    : Server check fail, please check server localhost ,port 9848 is available , error ={}

java.util.concurrent.ExecutionException: com.alibaba.nacos.shaded.io.grpc.StatusRuntimeException: UNAVAILABLE: io exception
	at com.alibaba.nacos.shaded.com.google.common.util.concurrent.AbstractFuture.getDoneValue(AbstractFuture.java:566) ~[nacos-client-2.0.4.jar:na]
	at com.alibaba.nacos.shaded.com.google.common.util.concurrent.AbstractFuture.get(AbstractFuture.java:445) ~[nacos-client-2.0.4.jar:na]
	at com.alibaba.nacos.common.remote.client.grpc.GrpcClient.serverCheck(GrpcClient.java:148) ~[nacos-client-2.0.4.jar:na]
	at com.alibaba.nacos.common.remote.client.grpc.GrpcClient.connectToServer(GrpcClient.java:264) ~[nacos-client-2.0.4.jar:na]
	at com.alibaba.nacos.common.remote.client.RpcClient.reconnect(RpcClient.java:522) ~[nacos-client-2.0.4.jar:na]
	at com.alibaba.nacos.common.remote.client.RpcClient.lambda$start$2(RpcClient.java:370) ~[nacos-client-2.0.4.jar:na]
	at java.base/java.util.concurrent.Executors$RunnableAdapter.call(Executors.java:515) ~[na:na]
	at java.base/java.util.concurrent.FutureTask.run(FutureTask.java:264) ~[na:na]
	at java.base/java.util.concurrent.ScheduledThreadPoolExecutor$ScheduledFutureTask.run(ScheduledThreadPoolExecutor.java:304) ~[na:na]
	at java.base/java.util.concurrent.ThreadPoolExecutor.runWorker(ThreadPoolExecutor.java:1128) ~[na:na]
	at java.base/java.util.concurrent.ThreadPoolExecutor$Worker.run(ThreadPoolExecutor.java:628) ~[na:na]
	at java.base/java.lang.Thread.run(Thread.java:829) ~[na:na]
Caused by: com.alibaba.nacos.shaded.io.grpc.StatusRuntimeException: UNAVAILABLE: io exception
	at com.alibaba.nacos.shaded.io.grpc.Status.asRuntimeException(Status.java:533) ~[nacos-client-2.0.4.jar:na]
	at com.alibaba.nacos.shaded.io.grpc.stub.ClientCalls$UnaryStreamToFuture.onClose(ClientCalls.java:490) ~[nacos-client-2.0.4.jar:na]
	at com.alibaba.nacos.shaded.io.grpc.PartialForwardingClientCallListener.onClose(PartialForwardingClientCallListener.java:39) ~[nacos-client-2.0.4.jar:na]
	at com.alibaba.nacos.shaded.io.grpc.ForwardingClientCallListener.onClose(ForwardingClientCallListener.java:23) ~[nacos-client-2.0.4.jar:na]
	at com.alibaba.nacos.shaded.io.grpc.ForwardingClientCallListener$SimpleForwardingClientCallListener.onClose(ForwardingClientCallListener.java:40) ~[nacos-client-2.0.4.jar:na]
	at com.alibaba.nacos.shaded.io.grpc.internal.CensusStatsModule$StatsClientInterceptor$1$1.onClose(CensusStatsModule.java:700) ~[nacos-client-2.0.4.jar:na]
	at com.alibaba.nacos.shaded.io.grpc.PartialForwardingClientCallListener.onClose(PartialForwardingClientCallListener.java:39) ~[nacos-client-2.0.4.jar:na]
	at com.alibaba.nacos.shaded.io.grpc.ForwardingClientCallListener.onClose(ForwardingClientCallListener.java:23) ~[nacos-client-2.0.4.jar:na]
	at com.alibaba.nacos.shaded.io.grpc.ForwardingClientCallListener$SimpleForwardingClientCallListener.onClose(ForwardingClientCallListener.java:40) ~[nacos-client-2.0.4.jar:na]
	at com.alibaba.nacos.shaded.io.grpc.internal.CensusTracingModule$TracingClientInterceptor$1$1.onClose(CensusTracingModule.java:399) ~[nacos-client-2.0.4.jar:na]
	at com.alibaba.nacos.shaded.io.grpc.internal.ClientCallImpl.closeObserver(ClientCallImpl.java:510) ~[nacos-client-2.0.4.jar:na]
	at com.alibaba.nacos.shaded.io.grpc.internal.ClientCallImpl.access$300(ClientCallImpl.java:66) ~[nacos-client-2.0.4.jar:na]
	at com.alibaba.nacos.shaded.io.grpc.internal.ClientCallImpl$ClientStreamListenerImpl.close(ClientCallImpl.java:630) ~[nacos-client-2.0.4.jar:na]
	at com.alibaba.nacos.shaded.io.grpc.internal.ClientCallImpl$ClientStreamListenerImpl.access$700(ClientCallImpl.java:518) ~[nacos-client-2.0.4.jar:na]
	at com.alibaba.nacos.shaded.io.grpc.internal.ClientCallImpl$ClientStreamListenerImpl$1StreamClosed.runInternal(ClientCallImpl.java:692) ~[nacos-client-2.0.4.jar:na]
	at com.alibaba.nacos.shaded.io.grpc.internal.ClientCallImpl$ClientStreamListenerImpl$1StreamClosed.runInContext(ClientCallImpl.java:681) ~[nacos-client-2.0.4.jar:na]
	at com.alibaba.nacos.shaded.io.grpc.internal.ContextRunnable.run(ContextRunnable.java:37) ~[nacos-client-2.0.4.jar:na]
	at com.alibaba.nacos.shaded.io.grpc.internal.SerializingExecutor.run(SerializingExecutor.java:123) ~[nacos-client-2.0.4.jar:na]
	... 3 common frames omitted
Caused by: com.alibaba.nacos.shaded.io.grpc.netty.shaded.io.netty.channel.AbstractChannel$AnnotatedConnectException: Connection refused: no further information: localhost/0:0:0:0:0:0:0:1:9848
Caused by: java.net.ConnectException: Connection refused: no further information
	at java.base/sun.nio.ch.SocketChannelImpl.checkConnect(Native Method) ~[na:na]
	at java.base/sun.nio.ch.SocketChannelImpl.finishConnect(SocketChannelImpl.java:777) ~[na:na]
	at com.alibaba.nacos.shaded.io.grpc.netty.shaded.io.netty.channel.socket.nio.NioSocketChannel.doFinishConnect(NioSocketChannel.java:327) ~[nacos-client-2.0.4.jar:na]
	at com.alibaba.nacos.shaded.io.grpc.netty.shaded.io.netty.channel.nio.AbstractNioChannel$AbstractNioUnsafe.finishConnect(AbstractNioChannel.java:336) ~[nacos-client-2.0.4.jar:na]
	at com.alibaba.nacos.shaded.io.grpc.netty.shaded.io.netty.channel.nio.NioEventLoop.processSelectedKey(NioEventLoop.java:685) ~[nacos-client-2.0.4.jar:na]
	at com.alibaba.nacos.shaded.io.grpc.netty.shaded.io.netty.channel.nio.NioEventLoop.processSelectedKeysOptimized(NioEventLoop.java:632) ~[nacos-client-2.0.4.jar:na]
	at com.alibaba.nacos.shaded.io.grpc.netty.shaded.io.netty.channel.nio.NioEventLoop.processSelectedKeys(NioEventLoop.java:549) ~[nacos-client-2.0.4.jar:na]
	at com.alibaba.nacos.shaded.io.grpc.netty.shaded.io.netty.channel.nio.NioEventLoop.run(NioEventLoop.java:511) ~[nacos-client-2.0.4.jar:na]
	at com.alibaba.nacos.shaded.io.grpc.netty.shaded.io.netty.util.concurrent.SingleThreadEventExecutor$5.run(SingleThreadEventExecutor.java:918) ~[nacos-client-2.0.4.jar:na]
	at com.alibaba.nacos.shaded.io.grpc.netty.shaded.io.netty.util.internal.ThreadExecutorMap$2.run(ThreadExecutorMap.java:74) ~[nacos-client-2.0.4.jar:na]
	at com.alibaba.nacos.shaded.io.grpc.netty.shaded.io.netty.util.concurrent.FastThreadLocalRunnable.run(FastThreadLocalRunnable.java:30) ~[nacos-client-2.0.4.jar:na]
	at java.base/java.lang.Thread.run(Thread.java:829) ~[na:na]

18:39:41:789  INFO 20156 --- [com.alibaba.nacos.client.remote.worker] com.alibaba.nacos.common.remote.client   : [37227c6c-942a-4dde-b837-e2fecc801b49_config-0] Fail to connect server, after trying 13 times, last try server is {serverIp = 'localhost', server main port = 8848}, error = unknown
18:39:43:195 ERROR 20156 --- [com.alibaba.nacos.client.remote.worker] c.a.n.c.remote.client.grpc.GrpcClient    : Server check fail, please check server localhost ,port 9848 is available , error ={}

java.util.concurrent.ExecutionException: com.alibaba.nacos.shaded.io.grpc.StatusRuntimeException: UNAVAILABLE: io exception
	at com.alibaba.nacos.shaded.com.google.common.util.concurrent.AbstractFuture.getDoneValue(AbstractFuture.java:566) ~[nacos-client-2.0.4.jar:na]
	at com.alibaba.nacos.shaded.com.google.common.util.concurrent.AbstractFuture.get(AbstractFuture.java:445) ~[nacos-client-2.0.4.jar:na]
	at com.alibaba.nacos.common.remote.client.grpc.GrpcClient.serverCheck(GrpcClient.java:148) ~[nacos-client-2.0.4.jar:na]
	at com.alibaba.nacos.common.remote.client.grpc.GrpcClient.connectToServer(GrpcClient.java:264) ~[nacos-client-2.0.4.jar:na]
	at com.alibaba.nacos.common.remote.client.RpcClient.reconnect(RpcClient.java:522) ~[nacos-client-2.0.4.jar:na]
	at com.alibaba.nacos.common.remote.client.RpcClient.lambda$start$2(RpcClient.java:370) ~[nacos-client-2.0.4.jar:na]
	at java.base/java.util.concurrent.Executors$RunnableAdapter.call(Executors.java:515) ~[na:na]
	at java.base/java.util.concurrent.FutureTask.run(FutureTask.java:264) ~[na:na]
	at java.base/java.util.concurrent.ScheduledThreadPoolExecutor$ScheduledFutureTask.run(ScheduledThreadPoolExecutor.java:304) ~[na:na]
	at java.base/java.util.concurrent.ThreadPoolExecutor.runWorker(ThreadPoolExecutor.java:1128) ~[na:na]
	at java.base/java.util.concurrent.ThreadPoolExecutor$Worker.run(ThreadPoolExecutor.java:628) ~[na:na]
	at java.base/java.lang.Thread.run(Thread.java:829) ~[na:na]
Caused by: com.alibaba.nacos.shaded.io.grpc.StatusRuntimeException: UNAVAILABLE: io exception
	at com.alibaba.nacos.shaded.io.grpc.Status.asRuntimeException(Status.java:533) ~[nacos-client-2.0.4.jar:na]
	at com.alibaba.nacos.shaded.io.grpc.stub.ClientCalls$UnaryStreamToFuture.onClose(ClientCalls.java:490) ~[nacos-client-2.0.4.jar:na]
	at com.alibaba.nacos.shaded.io.grpc.PartialForwardingClientCallListener.onClose(PartialForwardingClientCallListener.java:39) ~[nacos-client-2.0.4.jar:na]
	at com.alibaba.nacos.shaded.io.grpc.ForwardingClientCallListener.onClose(ForwardingClientCallListener.java:23) ~[nacos-client-2.0.4.jar:na]
	at com.alibaba.nacos.shaded.io.grpc.ForwardingClientCallListener$SimpleForwardingClientCallListener.onClose(ForwardingClientCallListener.java:40) ~[nacos-client-2.0.4.jar:na]
	at com.alibaba.nacos.shaded.io.grpc.internal.CensusStatsModule$StatsClientInterceptor$1$1.onClose(CensusStatsModule.java:700) ~[nacos-client-2.0.4.jar:na]
	at com.alibaba.nacos.shaded.io.grpc.PartialForwardingClientCallListener.onClose(PartialForwardingClientCallListener.java:39) ~[nacos-client-2.0.4.jar:na]
	at com.alibaba.nacos.shaded.io.grpc.ForwardingClientCallListener.onClose(ForwardingClientCallListener.java:23) ~[nacos-client-2.0.4.jar:na]
	at com.alibaba.nacos.shaded.io.grpc.ForwardingClientCallListener$SimpleForwardingClientCallListener.onClose(ForwardingClientCallListener.java:40) ~[nacos-client-2.0.4.jar:na]
	at com.alibaba.nacos.shaded.io.grpc.internal.CensusTracingModule$TracingClientInterceptor$1$1.onClose(CensusTracingModule.java:399) ~[nacos-client-2.0.4.jar:na]
	at com.alibaba.nacos.shaded.io.grpc.internal.ClientCallImpl.closeObserver(ClientCallImpl.java:510) ~[nacos-client-2.0.4.jar:na]
	at com.alibaba.nacos.shaded.io.grpc.internal.ClientCallImpl.access$300(ClientCallImpl.java:66) ~[nacos-client-2.0.4.jar:na]
	at com.alibaba.nacos.shaded.io.grpc.internal.ClientCallImpl$ClientStreamListenerImpl.close(ClientCallImpl.java:630) ~[nacos-client-2.0.4.jar:na]
	at com.alibaba.nacos.shaded.io.grpc.internal.ClientCallImpl$ClientStreamListenerImpl.access$700(ClientCallImpl.java:518) ~[nacos-client-2.0.4.jar:na]
	at com.alibaba.nacos.shaded.io.grpc.internal.ClientCallImpl$ClientStreamListenerImpl$1StreamClosed.runInternal(ClientCallImpl.java:692) ~[nacos-client-2.0.4.jar:na]
	at com.alibaba.nacos.shaded.io.grpc.internal.ClientCallImpl$ClientStreamListenerImpl$1StreamClosed.runInContext(ClientCallImpl.java:681) ~[nacos-client-2.0.4.jar:na]
	at com.alibaba.nacos.shaded.io.grpc.internal.ContextRunnable.run(ContextRunnable.java:37) ~[nacos-client-2.0.4.jar:na]
	at com.alibaba.nacos.shaded.io.grpc.internal.SerializingExecutor.run(SerializingExecutor.java:123) ~[nacos-client-2.0.4.jar:na]
	... 3 common frames omitted
Caused by: com.alibaba.nacos.shaded.io.grpc.netty.shaded.io.netty.channel.AbstractChannel$AnnotatedConnectException: Connection refused: no further information: localhost/0:0:0:0:0:0:0:1:9848
Caused by: java.net.ConnectException: Connection refused: no further information
	at java.base/sun.nio.ch.SocketChannelImpl.checkConnect(Native Method) ~[na:na]
	at java.base/sun.nio.ch.SocketChannelImpl.finishConnect(SocketChannelImpl.java:777) ~[na:na]
	at com.alibaba.nacos.shaded.io.grpc.netty.shaded.io.netty.channel.socket.nio.NioSocketChannel.doFinishConnect(NioSocketChannel.java:327) ~[nacos-client-2.0.4.jar:na]
	at com.alibaba.nacos.shaded.io.grpc.netty.shaded.io.netty.channel.nio.AbstractNioChannel$AbstractNioUnsafe.finishConnect(AbstractNioChannel.java:336) ~[nacos-client-2.0.4.jar:na]
	at com.alibaba.nacos.shaded.io.grpc.netty.shaded.io.netty.channel.nio.NioEventLoop.processSelectedKey(NioEventLoop.java:685) ~[nacos-client-2.0.4.jar:na]
	at com.alibaba.nacos.shaded.io.grpc.netty.shaded.io.netty.channel.nio.NioEventLoop.processSelectedKeysOptimized(NioEventLoop.java:632) ~[nacos-client-2.0.4.jar:na]
	at com.alibaba.nacos.shaded.io.grpc.netty.shaded.io.netty.channel.nio.NioEventLoop.processSelectedKeys(NioEventLoop.java:549) ~[nacos-client-2.0.4.jar:na]
	at com.alibaba.nacos.shaded.io.grpc.netty.shaded.io.netty.channel.nio.NioEventLoop.run(NioEventLoop.java:511) ~[nacos-client-2.0.4.jar:na]
	at com.alibaba.nacos.shaded.io.grpc.netty.shaded.io.netty.util.concurrent.SingleThreadEventExecutor$5.run(SingleThreadEventExecutor.java:918) ~[nacos-client-2.0.4.jar:na]
	at com.alibaba.nacos.shaded.io.grpc.netty.shaded.io.netty.util.internal.ThreadExecutorMap$2.run(ThreadExecutorMap.java:74) ~[nacos-client-2.0.4.jar:na]
	at com.alibaba.nacos.shaded.io.grpc.netty.shaded.io.netty.util.concurrent.FastThreadLocalRunnable.run(FastThreadLocalRunnable.java:30) ~[nacos-client-2.0.4.jar:na]
	at java.base/java.lang.Thread.run(Thread.java:829) ~[na:na]

18:39:43:195  INFO 20156 --- [com.alibaba.nacos.client.remote.worker] com.alibaba.nacos.common.remote.client   : [37227c6c-942a-4dde-b837-e2fecc801b49_config-0] Fail to connect server, after trying 14 times, last try server is {serverIp = 'localhost', server main port = 8848}, error = unknown
18:39:44:699 ERROR 20156 --- [com.alibaba.nacos.client.remote.worker] c.a.n.c.remote.client.grpc.GrpcClient    : Server check fail, please check server localhost ,port 9848 is available , error ={}

java.util.concurrent.ExecutionException: com.alibaba.nacos.shaded.io.grpc.StatusRuntimeException: UNAVAILABLE: io exception
	at com.alibaba.nacos.shaded.com.google.common.util.concurrent.AbstractFuture.getDoneValue(AbstractFuture.java:566) ~[nacos-client-2.0.4.jar:na]
	at com.alibaba.nacos.shaded.com.google.common.util.concurrent.AbstractFuture.get(AbstractFuture.java:445) ~[nacos-client-2.0.4.jar:na]
	at com.alibaba.nacos.common.remote.client.grpc.GrpcClient.serverCheck(GrpcClient.java:148) ~[nacos-client-2.0.4.jar:na]
	at com.alibaba.nacos.common.remote.client.grpc.GrpcClient.connectToServer(GrpcClient.java:264) ~[nacos-client-2.0.4.jar:na]
	at com.alibaba.nacos.common.remote.client.RpcClient.reconnect(RpcClient.java:522) ~[nacos-client-2.0.4.jar:na]
	at com.alibaba.nacos.common.remote.client.RpcClient.lambda$start$2(RpcClient.java:370) ~[nacos-client-2.0.4.jar:na]
	at java.base/java.util.concurrent.Executors$RunnableAdapter.call(Executors.java:515) ~[na:na]
	at java.base/java.util.concurrent.FutureTask.run(FutureTask.java:264) ~[na:na]
	at java.base/java.util.concurrent.ScheduledThreadPoolExecutor$ScheduledFutureTask.run(ScheduledThreadPoolExecutor.java:304) ~[na:na]
	at java.base/java.util.concurrent.ThreadPoolExecutor.runWorker(ThreadPoolExecutor.java:1128) ~[na:na]
	at java.base/java.util.concurrent.ThreadPoolExecutor$Worker.run(ThreadPoolExecutor.java:628) ~[na:na]
	at java.base/java.lang.Thread.run(Thread.java:829) ~[na:na]
Caused by: com.alibaba.nacos.shaded.io.grpc.StatusRuntimeException: UNAVAILABLE: io exception
	at com.alibaba.nacos.shaded.io.grpc.Status.asRuntimeException(Status.java:533) ~[nacos-client-2.0.4.jar:na]
	at com.alibaba.nacos.shaded.io.grpc.stub.ClientCalls$UnaryStreamToFuture.onClose(ClientCalls.java:490) ~[nacos-client-2.0.4.jar:na]
	at com.alibaba.nacos.shaded.io.grpc.PartialForwardingClientCallListener.onClose(PartialForwardingClientCallListener.java:39) ~[nacos-client-2.0.4.jar:na]
	at com.alibaba.nacos.shaded.io.grpc.ForwardingClientCallListener.onClose(ForwardingClientCallListener.java:23) ~[nacos-client-2.0.4.jar:na]
	at com.alibaba.nacos.shaded.io.grpc.ForwardingClientCallListener$SimpleForwardingClientCallListener.onClose(ForwardingClientCallListener.java:40) ~[nacos-client-2.0.4.jar:na]
	at com.alibaba.nacos.shaded.io.grpc.internal.CensusStatsModule$StatsClientInterceptor$1$1.onClose(CensusStatsModule.java:700) ~[nacos-client-2.0.4.jar:na]
	at com.alibaba.nacos.shaded.io.grpc.PartialForwardingClientCallListener.onClose(PartialForwardingClientCallListener.java:39) ~[nacos-client-2.0.4.jar:na]
	at com.alibaba.nacos.shaded.io.grpc.ForwardingClientCallListener.onClose(ForwardingClientCallListener.java:23) ~[nacos-client-2.0.4.jar:na]
	at com.alibaba.nacos.shaded.io.grpc.ForwardingClientCallListener$SimpleForwardingClientCallListener.onClose(ForwardingClientCallListener.java:40) ~[nacos-client-2.0.4.jar:na]
	at com.alibaba.nacos.shaded.io.grpc.internal.CensusTracingModule$TracingClientInterceptor$1$1.onClose(CensusTracingModule.java:399) ~[nacos-client-2.0.4.jar:na]
	at com.alibaba.nacos.shaded.io.grpc.internal.ClientCallImpl.closeObserver(ClientCallImpl.java:510) ~[nacos-client-2.0.4.jar:na]
	at com.alibaba.nacos.shaded.io.grpc.internal.ClientCallImpl.access$300(ClientCallImpl.java:66) ~[nacos-client-2.0.4.jar:na]
	at com.alibaba.nacos.shaded.io.grpc.internal.ClientCallImpl$ClientStreamListenerImpl.close(ClientCallImpl.java:630) ~[nacos-client-2.0.4.jar:na]
	at com.alibaba.nacos.shaded.io.grpc.internal.ClientCallImpl$ClientStreamListenerImpl.access$700(ClientCallImpl.java:518) ~[nacos-client-2.0.4.jar:na]
	at com.alibaba.nacos.shaded.io.grpc.internal.ClientCallImpl$ClientStreamListenerImpl$1StreamClosed.runInternal(ClientCallImpl.java:692) ~[nacos-client-2.0.4.jar:na]
	at com.alibaba.nacos.shaded.io.grpc.internal.ClientCallImpl$ClientStreamListenerImpl$1StreamClosed.runInContext(ClientCallImpl.java:681) ~[nacos-client-2.0.4.jar:na]
	at com.alibaba.nacos.shaded.io.grpc.internal.ContextRunnable.run(ContextRunnable.java:37) ~[nacos-client-2.0.4.jar:na]
	at com.alibaba.nacos.shaded.io.grpc.internal.SerializingExecutor.run(SerializingExecutor.java:123) ~[nacos-client-2.0.4.jar:na]
	... 3 common frames omitted
Caused by: com.alibaba.nacos.shaded.io.grpc.netty.shaded.io.netty.channel.AbstractChannel$AnnotatedConnectException: Connection refused: no further information: localhost/0:0:0:0:0:0:0:1:9848
Caused by: java.net.ConnectException: Connection refused: no further information
	at java.base/sun.nio.ch.SocketChannelImpl.checkConnect(Native Method) ~[na:na]
	at java.base/sun.nio.ch.SocketChannelImpl.finishConnect(SocketChannelImpl.java:777) ~[na:na]
	at com.alibaba.nacos.shaded.io.grpc.netty.shaded.io.netty.channel.socket.nio.NioSocketChannel.doFinishConnect(NioSocketChannel.java:327) ~[nacos-client-2.0.4.jar:na]
	at com.alibaba.nacos.shaded.io.grpc.netty.shaded.io.netty.channel.nio.AbstractNioChannel$AbstractNioUnsafe.finishConnect(AbstractNioChannel.java:336) ~[nacos-client-2.0.4.jar:na]
	at com.alibaba.nacos.shaded.io.grpc.netty.shaded.io.netty.channel.nio.NioEventLoop.processSelectedKey(NioEventLoop.java:685) ~[nacos-client-2.0.4.jar:na]
	at com.alibaba.nacos.shaded.io.grpc.netty.shaded.io.netty.channel.nio.NioEventLoop.processSelectedKeysOptimized(NioEventLoop.java:632) ~[nacos-client-2.0.4.jar:na]
	at com.alibaba.nacos.shaded.io.grpc.netty.shaded.io.netty.channel.nio.NioEventLoop.processSelectedKeys(NioEventLoop.java:549) ~[nacos-client-2.0.4.jar:na]
	at com.alibaba.nacos.shaded.io.grpc.netty.shaded.io.netty.channel.nio.NioEventLoop.run(NioEventLoop.java:511) ~[nacos-client-2.0.4.jar:na]
	at com.alibaba.nacos.shaded.io.grpc.netty.shaded.io.netty.util.concurrent.SingleThreadEventExecutor$5.run(SingleThreadEventExecutor.java:918) ~[nacos-client-2.0.4.jar:na]
	at com.alibaba.nacos.shaded.io.grpc.netty.shaded.io.netty.util.internal.ThreadExecutorMap$2.run(ThreadExecutorMap.java:74) ~[nacos-client-2.0.4.jar:na]
	at com.alibaba.nacos.shaded.io.grpc.netty.shaded.io.netty.util.concurrent.FastThreadLocalRunnable.run(FastThreadLocalRunnable.java:30) ~[nacos-client-2.0.4.jar:na]
	at java.base/java.lang.Thread.run(Thread.java:829) ~[na:na]

18:39:44:700  INFO 20156 --- [com.alibaba.nacos.client.remote.worker] com.alibaba.nacos.common.remote.client   : [37227c6c-942a-4dde-b837-e2fecc801b49_config-0] Fail to connect server, after trying 15 times, last try server is {serverIp = 'localhost', server main port = 8848}, error = unknown
18:39:46:225 ERROR 20156 --- [main] com.zaxxer.hikari.pool.HikariPool        : HikariPool-1 - Exception during pool initialization.

java.sql.SQLNonTransientConnectionException: Could not create connection to database server. Attempted reconnect 3 times. Giving up.
	at com.mysql.cj.jdbc.exceptions.SQLError.createSQLException(SQLError.java:110) ~[mysql-connector-java-8.0.23.jar:8.0.23]
	at com.mysql.cj.jdbc.exceptions.SQLError.createSQLException(SQLError.java:97) ~[mysql-connector-java-8.0.23.jar:8.0.23]
	at com.mysql.cj.jdbc.exceptions.SQLError.createSQLException(SQLError.java:89) ~[mysql-connector-java-8.0.23.jar:8.0.23]
	at com.mysql.cj.jdbc.exceptions.SQLError.createSQLException(SQLError.java:63) ~[mysql-connector-java-8.0.23.jar:8.0.23]
	at com.mysql.cj.jdbc.exceptions.SQLError.createSQLException(SQLError.java:73) ~[mysql-connector-java-8.0.23.jar:8.0.23]
	at com.mysql.cj.jdbc.ConnectionImpl.connectWithRetries(ConnectionImpl.java:903) ~[mysql-connector-java-8.0.23.jar:8.0.23]
	at com.mysql.cj.jdbc.ConnectionImpl.createNewIO(ConnectionImpl.java:828) ~[mysql-connector-java-8.0.23.jar:8.0.23]
	at com.mysql.cj.jdbc.ConnectionImpl.<init>(ConnectionImpl.java:453) ~[mysql-connector-java-8.0.23.jar:8.0.23]
	at com.mysql.cj.jdbc.ConnectionImpl.getInstance(ConnectionImpl.java:246) ~[mysql-connector-java-8.0.23.jar:8.0.23]
	at com.mysql.cj.jdbc.NonRegisteringDriver.connect(NonRegisteringDriver.java:198) ~[mysql-connector-java-8.0.23.jar:8.0.23]
	at com.zaxxer.hikari.util.DriverDataSource.getConnection(DriverDataSource.java:138) ~[HikariCP-4.0.3.jar:na]
	at com.zaxxer.hikari.pool.PoolBase.newConnection(PoolBase.java:364) ~[HikariCP-4.0.3.jar:na]
	at com.zaxxer.hikari.pool.PoolBase.newPoolEntry(PoolBase.java:206) ~[HikariCP-4.0.3.jar:na]
	at com.zaxxer.hikari.pool.HikariPool.createPoolEntry(HikariPool.java:476) ~[HikariCP-4.0.3.jar:na]
	at com.zaxxer.hikari.pool.HikariPool.checkFailFast(HikariPool.java:561) ~[HikariCP-4.0.3.jar:na]
	at com.zaxxer.hikari.pool.HikariPool.<init>(HikariPool.java:115) ~[HikariCP-4.0.3.jar:na]
	at com.zaxxer.hikari.HikariDataSource.getConnection(HikariDataSource.java:112) ~[HikariCP-4.0.3.jar:na]
	at io.seata.rm.datasource.util.JdbcUtils.initDataSourceResource(JdbcUtils.java:66) ~[seata-all-1.5.2.jar:1.5.2]
	at io.seata.rm.datasource.xa.DataSourceProxyXA.<init>(DataSourceProxyXA.java:51) ~[seata-all-1.5.2.jar:1.5.2]
	at io.seata.rm.datasource.xa.DataSourceProxyXA.<init>(DataSourceProxyXA.java:41) ~[seata-all-1.5.2.jar:1.5.2]
	at io.seata.spring.annotation.datasource.SeataAutoDataSourceProxyCreator.buildProxy(SeataAutoDataSourceProxyCreator.java:117) ~[seata-all-1.5.2.jar:1.5.2]
	at io.seata.spring.annotation.datasource.SeataAutoDataSourceProxyCreator.wrapIfNecessary(SeataAutoDataSourceProxyCreator.java:89) ~[seata-all-1.5.2.jar:1.5.2]
	at org.springframework.aop.framework.autoproxy.AbstractAutoProxyCreator.postProcessAfterInitialization(AbstractAutoProxyCreator.java:293) ~[spring-aop-5.3.27.jar:5.3.27]
	at org.springframework.beans.factory.support.AbstractAutowireCapableBeanFactory.applyBeanPostProcessorsAfterInitialization(AbstractAutowireCapableBeanFactory.java:455) ~[spring-beans-5.3.27.jar:5.3.27]
	at org.springframework.beans.factory.support.AbstractAutowireCapableBeanFactory.initializeBean(AbstractAutowireCapableBeanFactory.java:1808) ~[spring-beans-5.3.27.jar:5.3.27]
	at org.springframework.beans.factory.support.AbstractAutowireCapableBeanFactory.doCreateBean(AbstractAutowireCapableBeanFactory.java:620) ~[spring-beans-5.3.27.jar:5.3.27]
	at org.springframework.beans.factory.support.AbstractAutowireCapableBeanFactory.createBean(AbstractAutowireCapableBeanFactory.java:542) ~[spring-beans-5.3.27.jar:5.3.27]
	at org.springframework.beans.factory.support.AbstractBeanFactory.lambda$doGetBean$0(AbstractBeanFactory.java:335) ~[spring-beans-5.3.27.jar:5.3.27]
	at org.springframework.beans.factory.support.DefaultSingletonBeanRegistry.getSingleton(DefaultSingletonBeanRegistry.java:234) ~[spring-beans-5.3.27.jar:5.3.27]
	at org.springframework.beans.factory.support.AbstractBeanFactory.doGetBean(AbstractBeanFactory.java:333) ~[spring-beans-5.3.27.jar:5.3.27]
	at org.springframework.beans.factory.support.AbstractBeanFactory.getBean(AbstractBeanFactory.java:208) ~[spring-beans-5.3.27.jar:5.3.27]
	at org.springframework.beans.factory.config.DependencyDescriptor.resolveCandidate(DependencyDescriptor.java:276) ~[spring-beans-5.3.27.jar:5.3.27]
	at org.springframework.beans.factory.support.DefaultListableBeanFactory.doResolveDependency(DefaultListableBeanFactory.java:1391) ~[spring-beans-5.3.27.jar:5.3.27]
	at org.springframework.beans.factory.support.DefaultListableBeanFactory.resolveDependency(DefaultListableBeanFactory.java:1311) ~[spring-beans-5.3.27.jar:5.3.27]
	at org.springframework.beans.factory.support.ConstructorResolver.resolveAutowiredArgument(ConstructorResolver.java:887) ~[spring-beans-5.3.27.jar:5.3.27]
	at org.springframework.beans.factory.support.ConstructorResolver.createArgumentArray(ConstructorResolver.java:791) ~[spring-beans-5.3.27.jar:5.3.27]
	at org.springframework.beans.factory.support.ConstructorResolver.instantiateUsingFactoryMethod(ConstructorResolver.java:541) ~[spring-beans-5.3.27.jar:5.3.27]
	at org.springframework.beans.factory.support.AbstractAutowireCapableBeanFactory.instantiateUsingFactoryMethod(AbstractAutowireCapableBeanFactory.java:1352) ~[spring-beans-5.3.27.jar:5.3.27]
	at org.springframework.beans.factory.support.AbstractAutowireCapableBeanFactory.createBeanInstance(AbstractAutowireCapableBeanFactory.java:1195) ~[spring-beans-5.3.27.jar:5.3.27]
	at org.springframework.beans.factory.support.AbstractAutowireCapableBeanFactory.doCreateBean(AbstractAutowireCapableBeanFactory.java:582) ~[spring-beans-5.3.27.jar:5.3.27]
	at org.springframework.beans.factory.support.AbstractAutowireCapableBeanFactory.createBean(AbstractAutowireCapableBeanFactory.java:542) ~[spring-beans-5.3.27.jar:5.3.27]
	at org.springframework.beans.factory.support.AbstractBeanFactory.lambda$doGetBean$0(AbstractBeanFactory.java:335) ~[spring-beans-5.3.27.jar:5.3.27]
	at org.springframework.beans.factory.support.DefaultSingletonBeanRegistry.getSingleton(DefaultSingletonBeanRegistry.java:234) ~[spring-beans-5.3.27.jar:5.3.27]
	at org.springframework.beans.factory.support.AbstractBeanFactory.doGetBean(AbstractBeanFactory.java:333) ~[spring-beans-5.3.27.jar:5.3.27]
	at org.springframework.beans.factory.support.AbstractBeanFactory.getBean(AbstractBeanFactory.java:208) ~[spring-beans-5.3.27.jar:5.3.27]
	at org.springframework.beans.factory.config.DependencyDescriptor.resolveCandidate(DependencyDescriptor.java:276) ~[spring-beans-5.3.27.jar:5.3.27]
	at org.springframework.beans.factory.support.DefaultListableBeanFactory.doResolveDependency(DefaultListableBeanFactory.java:1391) ~[spring-beans-5.3.27.jar:5.3.27]
	at org.springframework.beans.factory.support.DefaultListableBeanFactory.resolveDependency(DefaultListableBeanFactory.java:1311) ~[spring-beans-5.3.27.jar:5.3.27]
	at org.springframework.beans.factory.support.AbstractAutowireCapableBeanFactory.autowireByType(AbstractAutowireCapableBeanFactory.java:1519) ~[spring-beans-5.3.27.jar:5.3.27]
	at org.springframework.beans.factory.support.AbstractAutowireCapableBeanFactory.populateBean(AbstractAutowireCapableBeanFactory.java:1417) ~[spring-beans-5.3.27.jar:5.3.27]
	at org.springframework.beans.factory.support.AbstractAutowireCapableBeanFactory.doCreateBean(AbstractAutowireCapableBeanFactory.java:619) ~[spring-beans-5.3.27.jar:5.3.27]
	at org.springframework.beans.factory.support.AbstractAutowireCapableBeanFactory.createBean(AbstractAutowireCapableBeanFactory.java:542) ~[spring-beans-5.3.27.jar:5.3.27]
	at org.springframework.beans.factory.support.AbstractBeanFactory.lambda$doGetBean$0(AbstractBeanFactory.java:335) ~[spring-beans-5.3.27.jar:5.3.27]
	at org.springframework.beans.factory.support.DefaultSingletonBeanRegistry.getSingleton(DefaultSingletonBeanRegistry.java:234) ~[spring-beans-5.3.27.jar:5.3.27]
	at org.springframework.beans.factory.support.AbstractBeanFactory.doGetBean(AbstractBeanFactory.java:333) ~[spring-beans-5.3.27.jar:5.3.27]
	at org.springframework.beans.factory.support.AbstractBeanFactory.getBean(AbstractBeanFactory.java:208) ~[spring-beans-5.3.27.jar:5.3.27]
	at org.springframework.beans.factory.config.DependencyDescriptor.resolveCandidate(DependencyDescriptor.java:276) ~[spring-beans-5.3.27.jar:5.3.27]
	at org.springframework.beans.factory.support.DefaultListableBeanFactory.doResolveDependency(DefaultListableBeanFactory.java:1391) ~[spring-beans-5.3.27.jar:5.3.27]
	at org.springframework.beans.factory.support.DefaultListableBeanFactory.resolveDependency(DefaultListableBeanFactory.java:1311) ~[spring-beans-5.3.27.jar:5.3.27]
	at org.springframework.beans.factory.annotation.AutowiredAnnotationBeanPostProcessor$AutowiredFieldElement.resolveFieldValue(AutowiredAnnotationBeanPostProcessor.java:657) ~[spring-beans-5.3.27.jar:5.3.27]
	at org.springframework.beans.factory.annotation.AutowiredAnnotationBeanPostProcessor$AutowiredFieldElement.inject(AutowiredAnnotationBeanPostProcessor.java:640) ~[spring-beans-5.3.27.jar:5.3.27]
	at org.springframework.beans.factory.annotation.InjectionMetadata.inject(InjectionMetadata.java:119) ~[spring-beans-5.3.27.jar:5.3.27]
	at org.springframework.beans.factory.annotation.AutowiredAnnotationBeanPostProcessor.postProcessProperties(AutowiredAnnotationBeanPostProcessor.java:399) ~[spring-beans-5.3.27.jar:5.3.27]
	at org.springframework.beans.factory.support.AbstractAutowireCapableBeanFactory.populateBean(AbstractAutowireCapableBeanFactory.java:1431) ~[spring-beans-5.3.27.jar:5.3.27]
	at org.springframework.beans.factory.support.AbstractAutowireCapableBeanFactory.doCreateBean(AbstractAutowireCapableBeanFactory.java:619) ~[spring-beans-5.3.27.jar:5.3.27]
	at org.springframework.beans.factory.support.AbstractAutowireCapableBeanFactory.createBean(AbstractAutowireCapableBeanFactory.java:542) ~[spring-beans-5.3.27.jar:5.3.27]
	at org.springframework.beans.factory.support.AbstractBeanFactory.lambda$doGetBean$0(AbstractBeanFactory.java:335) ~[spring-beans-5.3.27.jar:5.3.27]
	at org.springframework.beans.factory.support.DefaultSingletonBeanRegistry.getSingleton(DefaultSingletonBeanRegistry.java:234) ~[spring-beans-5.3.27.jar:5.3.27]
	at org.springframework.beans.factory.support.AbstractBeanFactory.doGetBean(AbstractBeanFactory.java:333) ~[spring-beans-5.3.27.jar:5.3.27]
	at org.springframework.beans.factory.support.AbstractBeanFactory.getBean(AbstractBeanFactory.java:208) ~[spring-beans-5.3.27.jar:5.3.27]
	at org.springframework.beans.factory.config.DependencyDescriptor.resolveCandidate(DependencyDescriptor.java:276) ~[spring-beans-5.3.27.jar:5.3.27]
	at org.springframework.beans.factory.support.DefaultListableBeanFactory.doResolveDependency(DefaultListableBeanFactory.java:1391) ~[spring-beans-5.3.27.jar:5.3.27]
	at org.springframework.beans.factory.support.DefaultListableBeanFactory.resolveDependency(DefaultListableBeanFactory.java:1311) ~[spring-beans-5.3.27.jar:5.3.27]
	at org.springframework.beans.factory.support.ConstructorResolver.resolveAutowiredArgument(ConstructorResolver.java:887) ~[spring-beans-5.3.27.jar:5.3.27]
	at org.springframework.beans.factory.support.ConstructorResolver.createArgumentArray(ConstructorResolver.java:791) ~[spring-beans-5.3.27.jar:5.3.27]
	at org.springframework.beans.factory.support.ConstructorResolver.autowireConstructor(ConstructorResolver.java:229) ~[spring-beans-5.3.27.jar:5.3.27]
	at org.springframework.beans.factory.support.AbstractAutowireCapableBeanFactory.autowireConstructor(AbstractAutowireCapableBeanFactory.java:1372) ~[spring-beans-5.3.27.jar:5.3.27]
	at org.springframework.beans.factory.support.AbstractAutowireCapableBeanFactory.createBeanInstance(AbstractAutowireCapableBeanFactory.java:1222) ~[spring-beans-5.3.27.jar:5.3.27]
	at org.springframework.beans.factory.support.AbstractAutowireCapableBeanFactory.doCreateBean(AbstractAutowireCapableBeanFactory.java:582) ~[spring-beans-5.3.27.jar:5.3.27]
	at org.springframework.beans.factory.support.AbstractAutowireCapableBeanFactory.createBean(AbstractAutowireCapableBeanFactory.java:542) ~[spring-beans-5.3.27.jar:5.3.27]
	at org.springframework.beans.factory.support.AbstractBeanFactory.lambda$doGetBean$0(AbstractBeanFactory.java:335) ~[spring-beans-5.3.27.jar:5.3.27]
	at org.springframework.beans.factory.support.DefaultSingletonBeanRegistry.getSingleton(DefaultSingletonBeanRegistry.java:234) ~[spring-beans-5.3.27.jar:5.3.27]
	at org.springframework.beans.factory.support.AbstractBeanFactory.doGetBean(AbstractBeanFactory.java:333) ~[spring-beans-5.3.27.jar:5.3.27]
	at org.springframework.beans.factory.support.AbstractBeanFactory.getBean(AbstractBeanFactory.java:208) ~[spring-beans-5.3.27.jar:5.3.27]
	at org.springframework.beans.factory.support.DefaultListableBeanFactory.preInstantiateSingletons(DefaultListableBeanFactory.java:955) ~[spring-beans-5.3.27.jar:5.3.27]
	at org.springframework.context.support.AbstractApplicationContext.finishBeanFactoryInitialization(AbstractApplicationContext.java:920) ~[spring-context-5.3.27.jar:5.3.27]
	at org.springframework.context.support.AbstractApplicationContext.refresh(AbstractApplicationContext.java:583) ~[spring-context-5.3.27.jar:5.3.27]
	at org.springframework.boot.web.servlet.context.ServletWebServerApplicationContext.refresh(ServletWebServerApplicationContext.java:147) ~[spring-boot-2.7.12.jar:2.7.12]
	at org.springframework.boot.SpringApplication.refresh(SpringApplication.java:731) ~[spring-boot-2.7.12.jar:2.7.12]
	at org.springframework.boot.SpringApplication.refreshContext(SpringApplication.java:408) ~[spring-boot-2.7.12.jar:2.7.12]
	at org.springframework.boot.SpringApplication.run(SpringApplication.java:307) ~[spring-boot-2.7.12.jar:2.7.12]
	at org.springframework.boot.SpringApplication.run(SpringApplication.java:1303) ~[spring-boot-2.7.12.jar:2.7.12]
	at org.springframework.boot.SpringApplication.run(SpringApplication.java:1292) ~[spring-boot-2.7.12.jar:2.7.12]
	at com.hmall.search.SearchApplication.main(SearchApplication.java:11) ~[classes/:na]
Caused by: com.mysql.cj.exceptions.CJCommunicationsException: Communications link failure

The last packet sent successfully to the server was 0 milliseconds ago. The driver has not received any packets from the server.
	at java.base/jdk.internal.reflect.NativeConstructorAccessorImpl.newInstance0(Native Method) ~[na:na]
	at java.base/jdk.internal.reflect.NativeConstructorAccessorImpl.newInstance(NativeConstructorAccessorImpl.java:62) ~[na:na]
	at java.base/jdk.internal.reflect.DelegatingConstructorAccessorImpl.newInstance(DelegatingConstructorAccessorImpl.java:45) ~[na:na]
	at java.base/java.lang.reflect.Constructor.newInstance(Constructor.java:490) ~[na:na]
	at com.mysql.cj.exceptions.ExceptionFactory.createException(ExceptionFactory.java:61) ~[mysql-connector-java-8.0.23.jar:8.0.23]
	at com.mysql.cj.exceptions.ExceptionFactory.createException(ExceptionFactory.java:105) ~[mysql-connector-java-8.0.23.jar:8.0.23]
	at com.mysql.cj.exceptions.ExceptionFactory.createException(ExceptionFactory.java:151) ~[mysql-connector-java-8.0.23.jar:8.0.23]
	at com.mysql.cj.exceptions.ExceptionFactory.createCommunicationsException(ExceptionFactory.java:167) ~[mysql-connector-java-8.0.23.jar:8.0.23]
	at com.mysql.cj.protocol.a.NativeSocketConnection.connect(NativeSocketConnection.java:89) ~[mysql-connector-java-8.0.23.jar:8.0.23]
	at com.mysql.cj.NativeSession.connect(NativeSession.java:144) ~[mysql-connector-java-8.0.23.jar:8.0.23]
	at com.mysql.cj.jdbc.ConnectionImpl.connectWithRetries(ConnectionImpl.java:847) ~[mysql-connector-java-8.0.23.jar:8.0.23]
	... 88 common frames omitted
Caused by: java.net.UnknownHostException: mysql
	at java.base/java.net.InetAddress$CachedAddresses.get(InetAddress.java:797) ~[na:na]
	at java.base/java.net.InetAddress.getAllByName0(InetAddress.java:1533) ~[na:na]
	at java.base/java.net.InetAddress.getAllByName(InetAddress.java:1386) ~[na:na]
	at java.base/java.net.InetAddress.getAllByName(InetAddress.java:1307) ~[na:na]
	at com.mysql.cj.protocol.StandardSocketFactory.connect(StandardSocketFactory.java:132) ~[mysql-connector-java-8.0.23.jar:8.0.23]
	at com.mysql.cj.protocol.a.NativeSocketConnection.connect(NativeSocketConnection.java:63) ~[mysql-connector-java-8.0.23.jar:8.0.23]
	... 90 common frames omitted

18:39:46:227  WARN 20156 --- [main] ConfigServletWebServerApplicationContext : Exception encountered during context initialization - cancelling refresh attempt: org.springframework.beans.factory.UnsatisfiedDependencyException: Error creating bean with name 'searchController' defined in file [F:\bishe\hmsc\hmall\search-service\target\classes\com\hmall\search\controller\SearchController.class]: Unsatisfied dependency expressed through constructor parameter 0; nested exception is org.springframework.beans.factory.UnsatisfiedDependencyException: Error creating bean with name 'searchServiceImpl': Unsatisfied dependency expressed through field 'baseMapper'; nested exception is org.springframework.beans.factory.UnsatisfiedDependencyException: Error creating bean with name 'searchMapper' defined in file [F:\bishe\hmsc\hmall\search-service\target\classes\com\hmall\search\mapper\SearchMapper.class]: Unsatisfied dependency expressed through bean property 'sqlSessionFactory'; nested exception is org.springframework.beans.factory.UnsatisfiedDependencyException: Error creating bean with name 'sqlSessionFactory' defined in class path resource [com/baomidou/mybatisplus/autoconfigure/MybatisPlusAutoConfiguration.class]: Unsatisfied dependency expressed through method 'sqlSessionFactory' parameter 0; nested exception is org.springframework.beans.factory.BeanCreationException: Error creating bean with name 'dataSource' defined in class path resource [org/springframework/boot/autoconfigure/jdbc/DataSourceConfiguration$Hikari.class]: Initialization of bean failed; nested exception is java.lang.IllegalStateException: can not init DataSourceResource with HikariDataSource (null)
18:39:46:235  INFO 20156 --- [main] o.apache.catalina.core.StandardService   : Stopping service [Tomcat]
18:39:46:246  INFO 20156 --- [main] ConditionEvaluationReportLoggingListener : 

Error starting ApplicationContext. To display the conditions report re-run your application with 'debug' enabled.
18:39:46:273 ERROR 20156 --- [main] o.s.boot.SpringApplication               : Application run failed

org.springframework.beans.factory.UnsatisfiedDependencyException: Error creating bean with name 'searchController' defined in file [F:\bishe\hmsc\hmall\search-service\target\classes\com\hmall\search\controller\SearchController.class]: Unsatisfied dependency expressed through constructor parameter 0; nested exception is org.springframework.beans.factory.UnsatisfiedDependencyException: Error creating bean with name 'searchServiceImpl': Unsatisfied dependency expressed through field 'baseMapper'; nested exception is org.springframework.beans.factory.UnsatisfiedDependencyException: Error creating bean with name 'searchMapper' defined in file [F:\bishe\hmsc\hmall\search-service\target\classes\com\hmall\search\mapper\SearchMapper.class]: Unsatisfied dependency expressed through bean property 'sqlSessionFactory'; nested exception is org.springframework.beans.factory.UnsatisfiedDependencyException: Error creating bean with name 'sqlSessionFactory' defined in class path resource [com/baomidou/mybatisplus/autoconfigure/MybatisPlusAutoConfiguration.class]: Unsatisfied dependency expressed through method 'sqlSessionFactory' parameter 0; nested exception is org.springframework.beans.factory.BeanCreationException: Error creating bean with name 'dataSource' defined in class path resource [org/springframework/boot/autoconfigure/jdbc/DataSourceConfiguration$Hikari.class]: Initialization of bean failed; nested exception is java.lang.IllegalStateException: can not init DataSourceResource with HikariDataSource (null)
	at org.springframework.beans.factory.support.ConstructorResolver.createArgumentArray(ConstructorResolver.java:800) ~[spring-beans-5.3.27.jar:5.3.27]
	at org.springframework.beans.factory.support.ConstructorResolver.autowireConstructor(ConstructorResolver.java:229) ~[spring-beans-5.3.27.jar:5.3.27]
	at org.springframework.beans.factory.support.AbstractAutowireCapableBeanFactory.autowireConstructor(AbstractAutowireCapableBeanFactory.java:1372) ~[spring-beans-5.3.27.jar:5.3.27]
	at org.springframework.beans.factory.support.AbstractAutowireCapableBeanFactory.createBeanInstance(AbstractAutowireCapableBeanFactory.java:1222) ~[spring-beans-5.3.27.jar:5.3.27]
	at org.springframework.beans.factory.support.AbstractAutowireCapableBeanFactory.doCreateBean(AbstractAutowireCapableBeanFactory.java:582) ~[spring-beans-5.3.27.jar:5.3.27]
	at org.springframework.beans.factory.support.AbstractAutowireCapableBeanFactory.createBean(AbstractAutowireCapableBeanFactory.java:542) ~[spring-beans-5.3.27.jar:5.3.27]
	at org.springframework.beans.factory.support.AbstractBeanFactory.lambda$doGetBean$0(AbstractBeanFactory.java:335) ~[spring-beans-5.3.27.jar:5.3.27]
	at org.springframework.beans.factory.support.DefaultSingletonBeanRegistry.getSingleton(DefaultSingletonBeanRegistry.java:234) ~[spring-beans-5.3.27.jar:5.3.27]
	at org.springframework.beans.factory.support.AbstractBeanFactory.doGetBean(AbstractBeanFactory.java:333) ~[spring-beans-5.3.27.jar:5.3.27]
	at org.springframework.beans.factory.support.AbstractBeanFactory.getBean(AbstractBeanFactory.java:208) ~[spring-beans-5.3.27.jar:5.3.27]
	at org.springframework.beans.factory.support.DefaultListableBeanFactory.preInstantiateSingletons(DefaultListableBeanFactory.java:955) ~[spring-beans-5.3.27.jar:5.3.27]
	at org.springframework.context.support.AbstractApplicationContext.finishBeanFactoryInitialization(AbstractApplicationContext.java:920) ~[spring-context-5.3.27.jar:5.3.27]
	at org.springframework.context.support.AbstractApplicationContext.refresh(AbstractApplicationContext.java:583) ~[spring-context-5.3.27.jar:5.3.27]
	at org.springframework.boot.web.servlet.context.ServletWebServerApplicationContext.refresh(ServletWebServerApplicationContext.java:147) ~[spring-boot-2.7.12.jar:2.7.12]
	at org.springframework.boot.SpringApplication.refresh(SpringApplication.java:731) ~[spring-boot-2.7.12.jar:2.7.12]
	at org.springframework.boot.SpringApplication.refreshContext(SpringApplication.java:408) ~[spring-boot-2.7.12.jar:2.7.12]
	at org.springframework.boot.SpringApplication.run(SpringApplication.java:307) ~[spring-boot-2.7.12.jar:2.7.12]
	at org.springframework.boot.SpringApplication.run(SpringApplication.java:1303) ~[spring-boot-2.7.12.jar:2.7.12]
	at org.springframework.boot.SpringApplication.run(SpringApplication.java:1292) ~[spring-boot-2.7.12.jar:2.7.12]
	at com.hmall.search.SearchApplication.main(SearchApplication.java:11) ~[classes/:na]
Caused by: org.springframework.beans.factory.UnsatisfiedDependencyException: Error creating bean with name 'searchServiceImpl': Unsatisfied dependency expressed through field 'baseMapper'; nested exception is org.springframework.beans.factory.UnsatisfiedDependencyException: Error creating bean with name 'searchMapper' defined in file [F:\bishe\hmsc\hmall\search-service\target\classes\com\hmall\search\mapper\SearchMapper.class]: Unsatisfied dependency expressed through bean property 'sqlSessionFactory'; nested exception is org.springframework.beans.factory.UnsatisfiedDependencyException: Error creating bean with name 'sqlSessionFactory' defined in class path resource [com/baomidou/mybatisplus/autoconfigure/MybatisPlusAutoConfiguration.class]: Unsatisfied dependency expressed through method 'sqlSessionFactory' parameter 0; nested exception is org.springframework.beans.factory.BeanCreationException: Error creating bean with name 'dataSource' defined in class path resource [org/springframework/boot/autoconfigure/jdbc/DataSourceConfiguration$Hikari.class]: Initialization of bean failed; nested exception is java.lang.IllegalStateException: can not init DataSourceResource with HikariDataSource (null)
	at org.springframework.beans.factory.annotation.AutowiredAnnotationBeanPostProcessor$AutowiredFieldElement.resolveFieldValue(AutowiredAnnotationBeanPostProcessor.java:660) ~[spring-beans-5.3.27.jar:5.3.27]
	at org.springframework.beans.factory.annotation.AutowiredAnnotationBeanPostProcessor$AutowiredFieldElement.inject(AutowiredAnnotationBeanPostProcessor.java:640) ~[spring-beans-5.3.27.jar:5.3.27]
	at org.springframework.beans.factory.annotation.InjectionMetadata.inject(InjectionMetadata.java:119) ~[spring-beans-5.3.27.jar:5.3.27]
	at org.springframework.beans.factory.annotation.AutowiredAnnotationBeanPostProcessor.postProcessProperties(AutowiredAnnotationBeanPostProcessor.java:399) ~[spring-beans-5.3.27.jar:5.3.27]
	at org.springframework.beans.factory.support.AbstractAutowireCapableBeanFactory.populateBean(AbstractAutowireCapableBeanFactory.java:1431) ~[spring-beans-5.3.27.jar:5.3.27]
	at org.springframework.beans.factory.support.AbstractAutowireCapableBeanFactory.doCreateBean(AbstractAutowireCapableBeanFactory.java:619) ~[spring-beans-5.3.27.jar:5.3.27]
	at org.springframework.beans.factory.support.AbstractAutowireCapableBeanFactory.createBean(AbstractAutowireCapableBeanFactory.java:542) ~[spring-beans-5.3.27.jar:5.3.27]
	at org.springframework.beans.factory.support.AbstractBeanFactory.lambda$doGetBean$0(AbstractBeanFactory.java:335) ~[spring-beans-5.3.27.jar:5.3.27]
	at org.springframework.beans.factory.support.DefaultSingletonBeanRegistry.getSingleton(DefaultSingletonBeanRegistry.java:234) ~[spring-beans-5.3.27.jar:5.3.27]
	at org.springframework.beans.factory.support.AbstractBeanFactory.doGetBean(AbstractBeanFactory.java:333) ~[spring-beans-5.3.27.jar:5.3.27]
	at org.springframework.beans.factory.support.AbstractBeanFactory.getBean(AbstractBeanFactory.java:208) ~[spring-beans-5.3.27.jar:5.3.27]
	at org.springframework.beans.factory.config.DependencyDescriptor.resolveCandidate(DependencyDescriptor.java:276) ~[spring-beans-5.3.27.jar:5.3.27]
	at org.springframework.beans.factory.support.DefaultListableBeanFactory.doResolveDependency(DefaultListableBeanFactory.java:1391) ~[spring-beans-5.3.27.jar:5.3.27]
	at org.springframework.beans.factory.support.DefaultListableBeanFactory.resolveDependency(DefaultListableBeanFactory.java:1311) ~[spring-beans-5.3.27.jar:5.3.27]
	at org.springframework.beans.factory.support.ConstructorResolver.resolveAutowiredArgument(ConstructorResolver.java:887) ~[spring-beans-5.3.27.jar:5.3.27]
	at org.springframework.beans.factory.support.ConstructorResolver.createArgumentArray(ConstructorResolver.java:791) ~[spring-beans-5.3.27.jar:5.3.27]
	... 19 common frames omitted
Caused by: org.springframework.beans.factory.UnsatisfiedDependencyException: Error creating bean with name 'searchMapper' defined in file [F:\bishe\hmsc\hmall\search-service\target\classes\com\hmall\search\mapper\SearchMapper.class]: Unsatisfied dependency expressed through bean property 'sqlSessionFactory'; nested exception is org.springframework.beans.factory.UnsatisfiedDependencyException: Error creating bean with name 'sqlSessionFactory' defined in class path resource [com/baomidou/mybatisplus/autoconfigure/MybatisPlusAutoConfiguration.class]: Unsatisfied dependency expressed through method 'sqlSessionFactory' parameter 0; nested exception is org.springframework.beans.factory.BeanCreationException: Error creating bean with name 'dataSource' defined in class path resource [org/springframework/boot/autoconfigure/jdbc/DataSourceConfiguration$Hikari.class]: Initialization of bean failed; nested exception is java.lang.IllegalStateException: can not init DataSourceResource with HikariDataSource (null)
	at org.springframework.beans.factory.support.AbstractAutowireCapableBeanFactory.autowireByType(AbstractAutowireCapableBeanFactory.java:1534) ~[spring-beans-5.3.27.jar:5.3.27]
	at org.springframework.beans.factory.support.AbstractAutowireCapableBeanFactory.populateBean(AbstractAutowireCapableBeanFactory.java:1417) ~[spring-beans-5.3.27.jar:5.3.27]
	at org.springframework.beans.factory.support.AbstractAutowireCapableBeanFactory.doCreateBean(AbstractAutowireCapableBeanFactory.java:619) ~[spring-beans-5.3.27.jar:5.3.27]
	at org.springframework.beans.factory.support.AbstractAutowireCapableBeanFactory.createBean(AbstractAutowireCapableBeanFactory.java:542) ~[spring-beans-5.3.27.jar:5.3.27]
	at org.springframework.beans.factory.support.AbstractBeanFactory.lambda$doGetBean$0(AbstractBeanFactory.java:335) ~[spring-beans-5.3.27.jar:5.3.27]
	at org.springframework.beans.factory.support.DefaultSingletonBeanRegistry.getSingleton(DefaultSingletonBeanRegistry.java:234) ~[spring-beans-5.3.27.jar:5.3.27]
	at org.springframework.beans.factory.support.AbstractBeanFactory.doGetBean(AbstractBeanFactory.java:333) ~[spring-beans-5.3.27.jar:5.3.27]
	at org.springframework.beans.factory.support.AbstractBeanFactory.getBean(AbstractBeanFactory.java:208) ~[spring-beans-5.3.27.jar:5.3.27]
	at org.springframework.beans.factory.config.DependencyDescriptor.resolveCandidate(DependencyDescriptor.java:276) ~[spring-beans-5.3.27.jar:5.3.27]
	at org.springframework.beans.factory.support.DefaultListableBeanFactory.doResolveDependency(DefaultListableBeanFactory.java:1391) ~[spring-beans-5.3.27.jar:5.3.27]
	at org.springframework.beans.factory.support.DefaultListableBeanFactory.resolveDependency(DefaultListableBeanFactory.java:1311) ~[spring-beans-5.3.27.jar:5.3.27]
	at org.springframework.beans.factory.annotation.AutowiredAnnotationBeanPostProcessor$AutowiredFieldElement.resolveFieldValue(AutowiredAnnotationBeanPostProcessor.java:657) ~[spring-beans-5.3.27.jar:5.3.27]
	... 34 common frames omitted
Caused by: org.springframework.beans.factory.UnsatisfiedDependencyException: Error creating bean with name 'sqlSessionFactory' defined in class path resource [com/baomidou/mybatisplus/autoconfigure/MybatisPlusAutoConfiguration.class]: Unsatisfied dependency expressed through method 'sqlSessionFactory' parameter 0; nested exception is org.springframework.beans.factory.BeanCreationException: Error creating bean with name 'dataSource' defined in class path resource [org/springframework/boot/autoconfigure/jdbc/DataSourceConfiguration$Hikari.class]: Initialization of bean failed; nested exception is java.lang.IllegalStateException: can not init DataSourceResource with HikariDataSource (null)
	at org.springframework.beans.factory.support.ConstructorResolver.createArgumentArray(ConstructorResolver.java:800) ~[spring-beans-5.3.27.jar:5.3.27]
	at org.springframework.beans.factory.support.ConstructorResolver.instantiateUsingFactoryMethod(ConstructorResolver.java:541) ~[spring-beans-5.3.27.jar:5.3.27]
	at org.springframework.beans.factory.support.AbstractAutowireCapableBeanFactory.instantiateUsingFactoryMethod(AbstractAutowireCapableBeanFactory.java:1352) ~[spring-beans-5.3.27.jar:5.3.27]
	at org.springframework.beans.factory.support.AbstractAutowireCapableBeanFactory.createBeanInstance(AbstractAutowireCapableBeanFactory.java:1195) ~[spring-beans-5.3.27.jar:5.3.27]
	at org.springframework.beans.factory.support.AbstractAutowireCapableBeanFactory.doCreateBean(AbstractAutowireCapableBeanFactory.java:582) ~[spring-beans-5.3.27.jar:5.3.27]
	at org.springframework.beans.factory.support.AbstractAutowireCapableBeanFactory.createBean(AbstractAutowireCapableBeanFactory.java:542) ~[spring-beans-5.3.27.jar:5.3.27]
	at org.springframework.beans.factory.support.AbstractBeanFactory.lambda$doGetBean$0(AbstractBeanFactory.java:335) ~[spring-beans-5.3.27.jar:5.3.27]
	at org.springframework.beans.factory.support.DefaultSingletonBeanRegistry.getSingleton(DefaultSingletonBeanRegistry.java:234) ~[spring-beans-5.3.27.jar:5.3.27]
	at org.springframework.beans.factory.support.AbstractBeanFactory.doGetBean(AbstractBeanFactory.java:333) ~[spring-beans-5.3.27.jar:5.3.27]
	at org.springframework.beans.factory.support.AbstractBeanFactory.getBean(AbstractBeanFactory.java:208) ~[spring-beans-5.3.27.jar:5.3.27]
	at org.springframework.beans.factory.config.DependencyDescriptor.resolveCandidate(DependencyDescriptor.java:276) ~[spring-beans-5.3.27.jar:5.3.27]
	at org.springframework.beans.factory.support.DefaultListableBeanFactory.doResolveDependency(DefaultListableBeanFactory.java:1391) ~[spring-beans-5.3.27.jar:5.3.27]
	at org.springframework.beans.factory.support.DefaultListableBeanFactory.resolveDependency(DefaultListableBeanFactory.java:1311) ~[spring-beans-5.3.27.jar:5.3.27]
	at org.springframework.beans.factory.support.AbstractAutowireCapableBeanFactory.autowireByType(AbstractAutowireCapableBeanFactory.java:1519) ~[spring-beans-5.3.27.jar:5.3.27]
	... 45 common frames omitted
Caused by: org.springframework.beans.factory.BeanCreationException: Error creating bean with name 'dataSource' defined in class path resource [org/springframework/boot/autoconfigure/jdbc/DataSourceConfiguration$Hikari.class]: Initialization of bean failed; nested exception is java.lang.IllegalStateException: can not init DataSourceResource with HikariDataSource (null)
	at org.springframework.beans.factory.support.AbstractAutowireCapableBeanFactory.doCreateBean(AbstractAutowireCapableBeanFactory.java:628) ~[spring-beans-5.3.27.jar:5.3.27]
	at org.springframework.beans.factory.support.AbstractAutowireCapableBeanFactory.createBean(AbstractAutowireCapableBeanFactory.java:542) ~[spring-beans-5.3.27.jar:5.3.27]
	at org.springframework.beans.factory.support.AbstractBeanFactory.lambda$doGetBean$0(AbstractBeanFactory.java:335) ~[spring-beans-5.3.27.jar:5.3.27]
	at org.springframework.beans.factory.support.DefaultSingletonBeanRegistry.getSingleton(DefaultSingletonBeanRegistry.java:234) ~[spring-beans-5.3.27.jar:5.3.27]
	at org.springframework.beans.factory.support.AbstractBeanFactory.doGetBean(AbstractBeanFactory.java:333) ~[spring-beans-5.3.27.jar:5.3.27]
	at org.springframework.beans.factory.support.AbstractBeanFactory.getBean(AbstractBeanFactory.java:208) ~[spring-beans-5.3.27.jar:5.3.27]
	at org.springframework.beans.factory.config.DependencyDescriptor.resolveCandidate(DependencyDescriptor.java:276) ~[spring-beans-5.3.27.jar:5.3.27]
	at org.springframework.beans.factory.support.DefaultListableBeanFactory.doResolveDependency(DefaultListableBeanFactory.java:1391) ~[spring-beans-5.3.27.jar:5.3.27]
	at org.springframework.beans.factory.support.DefaultListableBeanFactory.resolveDependency(DefaultListableBeanFactory.java:1311) ~[spring-beans-5.3.27.jar:5.3.27]
	at org.springframework.beans.factory.support.ConstructorResolver.resolveAutowiredArgument(ConstructorResolver.java:887) ~[spring-beans-5.3.27.jar:5.3.27]
	at org.springframework.beans.factory.support.ConstructorResolver.createArgumentArray(ConstructorResolver.java:791) ~[spring-beans-5.3.27.jar:5.3.27]
	... 58 common frames omitted
Caused by: java.lang.IllegalStateException: can not init DataSourceResource with HikariDataSource (null)
	at io.seata.rm.datasource.util.JdbcUtils.initDataSourceResource(JdbcUtils.java:73) ~[seata-all-1.5.2.jar:1.5.2]
	at io.seata.rm.datasource.xa.DataSourceProxyXA.<init>(DataSourceProxyXA.java:51) ~[seata-all-1.5.2.jar:1.5.2]
	at io.seata.rm.datasource.xa.DataSourceProxyXA.<init>(DataSourceProxyXA.java:41) ~[seata-all-1.5.2.jar:1.5.2]
	at io.seata.spring.annotation.datasource.SeataAutoDataSourceProxyCreator.buildProxy(SeataAutoDataSourceProxyCreator.java:117) ~[seata-all-1.5.2.jar:1.5.2]
	at io.seata.spring.annotation.datasource.SeataAutoDataSourceProxyCreator.wrapIfNecessary(SeataAutoDataSourceProxyCreator.java:89) ~[seata-all-1.5.2.jar:1.5.2]
	at org.springframework.aop.framework.autoproxy.AbstractAutoProxyCreator.postProcessAfterInitialization(AbstractAutoProxyCreator.java:293) ~[spring-aop-5.3.27.jar:5.3.27]
	at org.springframework.beans.factory.support.AbstractAutowireCapableBeanFactory.applyBeanPostProcessorsAfterInitialization(AbstractAutowireCapableBeanFactory.java:455) ~[spring-beans-5.3.27.jar:5.3.27]
	at org.springframework.beans.factory.support.AbstractAutowireCapableBeanFactory.initializeBean(AbstractAutowireCapableBeanFactory.java:1808) ~[spring-beans-5.3.27.jar:5.3.27]
	at org.springframework.beans.factory.support.AbstractAutowireCapableBeanFactory.doCreateBean(AbstractAutowireCapableBeanFactory.java:620) ~[spring-beans-5.3.27.jar:5.3.27]
	... 68 common frames omitted
Caused by: java.sql.SQLNonTransientConnectionException: Could not create connection to database server. Attempted reconnect 3 times. Giving up.
	at com.mysql.cj.jdbc.exceptions.SQLError.createSQLException(SQLError.java:110) ~[mysql-connector-java-8.0.23.jar:8.0.23]
	at com.mysql.cj.jdbc.exceptions.SQLError.createSQLException(SQLError.java:97) ~[mysql-connector-java-8.0.23.jar:8.0.23]
	at com.mysql.cj.jdbc.exceptions.SQLError.createSQLException(SQLError.java:89) ~[mysql-connector-java-8.0.23.jar:8.0.23]
	at com.mysql.cj.jdbc.exceptions.SQLError.createSQLException(SQLError.java:63) ~[mysql-connector-java-8.0.23.jar:8.0.23]
	at com.mysql.cj.jdbc.exceptions.SQLError.createSQLException(SQLError.java:73) ~[mysql-connector-java-8.0.23.jar:8.0.23]
	at com.mysql.cj.jdbc.ConnectionImpl.connectWithRetries(ConnectionImpl.java:903) ~[mysql-connector-java-8.0.23.jar:8.0.23]
	at com.mysql.cj.jdbc.ConnectionImpl.createNewIO(ConnectionImpl.java:828) ~[mysql-connector-java-8.0.23.jar:8.0.23]
	at com.mysql.cj.jdbc.ConnectionImpl.<init>(ConnectionImpl.java:453) ~[mysql-connector-java-8.0.23.jar:8.0.23]
	at com.mysql.cj.jdbc.ConnectionImpl.getInstance(ConnectionImpl.java:246) ~[mysql-connector-java-8.0.23.jar:8.0.23]
	at com.mysql.cj.jdbc.NonRegisteringDriver.connect(NonRegisteringDriver.java:198) ~[mysql-connector-java-8.0.23.jar:8.0.23]
	at com.zaxxer.hikari.util.DriverDataSource.getConnection(DriverDataSource.java:138) ~[HikariCP-4.0.3.jar:na]
	at com.zaxxer.hikari.pool.PoolBase.newConnection(PoolBase.java:364) ~[HikariCP-4.0.3.jar:na]
	at com.zaxxer.hikari.pool.PoolBase.newPoolEntry(PoolBase.java:206) ~[HikariCP-4.0.3.jar:na]
	at com.zaxxer.hikari.pool.HikariPool.createPoolEntry(HikariPool.java:476) ~[HikariCP-4.0.3.jar:na]
	at com.zaxxer.hikari.pool.HikariPool.checkFailFast(HikariPool.java:561) ~[HikariCP-4.0.3.jar:na]
	at com.zaxxer.hikari.pool.HikariPool.<init>(HikariPool.java:115) ~[HikariCP-4.0.3.jar:na]
	at com.zaxxer.hikari.HikariDataSource.getConnection(HikariDataSource.java:112) ~[HikariCP-4.0.3.jar:na]
	at io.seata.rm.datasource.util.JdbcUtils.initDataSourceResource(JdbcUtils.java:66) ~[seata-all-1.5.2.jar:1.5.2]
	... 76 common frames omitted
Caused by: com.mysql.cj.exceptions.CJCommunicationsException: Communications link failure

The last packet sent successfully to the server was 0 milliseconds ago. The driver has not received any packets from the server.
	at java.base/jdk.internal.reflect.NativeConstructorAccessorImpl.newInstance0(Native Method) ~[na:na]
	at java.base/jdk.internal.reflect.NativeConstructorAccessorImpl.newInstance(NativeConstructorAccessorImpl.java:62) ~[na:na]
	at java.base/jdk.internal.reflect.DelegatingConstructorAccessorImpl.newInstance(DelegatingConstructorAccessorImpl.java:45) ~[na:na]
	at java.base/java.lang.reflect.Constructor.newInstance(Constructor.java:490) ~[na:na]
	at com.mysql.cj.exceptions.ExceptionFactory.createException(ExceptionFactory.java:61) ~[mysql-connector-java-8.0.23.jar:8.0.23]
	at com.mysql.cj.exceptions.ExceptionFactory.createException(ExceptionFactory.java:105) ~[mysql-connector-java-8.0.23.jar:8.0.23]
	at com.mysql.cj.exceptions.ExceptionFactory.createException(ExceptionFactory.java:151) ~[mysql-connector-java-8.0.23.jar:8.0.23]
	at com.mysql.cj.exceptions.ExceptionFactory.createCommunicationsException(ExceptionFactory.java:167) ~[mysql-connector-java-8.0.23.jar:8.0.23]
	at com.mysql.cj.protocol.a.NativeSocketConnection.connect(NativeSocketConnection.java:89) ~[mysql-connector-java-8.0.23.jar:8.0.23]
	at com.mysql.cj.NativeSession.connect(NativeSession.java:144) ~[mysql-connector-java-8.0.23.jar:8.0.23]
	at com.mysql.cj.jdbc.ConnectionImpl.connectWithRetries(ConnectionImpl.java:847) ~[mysql-connector-java-8.0.23.jar:8.0.23]
	... 88 common frames omitted
Caused by: java.net.UnknownHostException: mysql
	at java.base/java.net.InetAddress$CachedAddresses.get(InetAddress.java:797) ~[na:na]
	at java.base/java.net.InetAddress.getAllByName0(InetAddress.java:1533) ~[na:na]
	at java.base/java.net.InetAddress.getAllByName(InetAddress.java:1386) ~[na:na]
	at java.base/java.net.InetAddress.getAllByName(InetAddress.java:1307) ~[na:na]
	at com.mysql.cj.protocol.StandardSocketFactory.connect(StandardSocketFactory.java:132) ~[mysql-connector-java-8.0.23.jar:8.0.23]
	at com.mysql.cj.protocol.a.NativeSocketConnection.connect(NativeSocketConnection.java:63) ~[mysql-connector-java-8.0.23.jar:8.0.23]
	... 90 common frames omitted

18:39:46:277  WARN 20156 --- [Thread-1] c.a.n.common.http.HttpClientBeanHolder   : [HttpClientBeanHolder] Start destroying common HttpClient
18:39:46:277  WARN 20156 --- [Thread-5] c.a.nacos.common.notify.NotifyCenter     : [NotifyCenter] Start destroying Publisher
18:39:46:277  WARN 20156 --- [Thread-5] c.a.nacos.common.notify.NotifyCenter     : [NotifyCenter] Destruction of the end
18:47:32:266  WARN 17220 --- [Thread-3] c.a.n.common.http.HttpClientBeanHolder   : [HttpClientBeanHolder] Start destroying common HttpClient
18:47:32:267  WARN 17220 --- [Thread-9] c.a.nacos.common.notify.NotifyCenter     : [NotifyCenter] Start destroying Publisher
18:47:32:268  WARN 17220 --- [Thread-3] c.a.n.common.http.HttpClientBeanHolder   : [HttpClientBeanHolder] Destruction of the end
18:47:32:268  WARN 17220 --- [Thread-9] c.a.nacos.common.notify.NotifyCenter     : [NotifyCenter] Destruction of the end
18:47:32:289  WARN 5372 --- [Thread-3] c.a.n.common.http.HttpClientBeanHolder   : [HttpClientBeanHolder] Start destroying common HttpClient
18:47:32:289  WARN 5372 --- [Thread-9] c.a.nacos.common.notify.NotifyCenter     : [NotifyCenter] Start destroying Publisher
18:47:32:290  WARN 5372 --- [Thread-9] c.a.nacos.common.notify.NotifyCenter     : [NotifyCenter] Destruction of the end
18:47:32:290  WARN 5372 --- [Thread-3] c.a.n.common.http.HttpClientBeanHolder   : [HttpClientBeanHolder] Destruction of the end
18:47:32:806  INFO 17220 --- [SpringApplicationShutdownHook] c.a.c.n.registry.NacosServiceRegistry    : De-registering from Nacos Server now...
18:47:32:811  INFO 17220 --- [SpringApplicationShutdownHook] c.a.c.n.registry.NacosServiceRegistry    : De-registration finished.
18:47:32:828  INFO 5372 --- [SpringApplicationShutdownHook] c.a.c.n.registry.NacosServiceRegistry    : De-registering from Nacos Server now...
18:47:32:833  INFO 5372 --- [SpringApplicationShutdownHook] c.a.c.n.registry.NacosServiceRegistry    : De-registration finished.
18:47:39:317  INFO 5372 --- [SpringApplicationShutdownHook] com.zaxxer.hikari.HikariDataSource       : HikariPool-1 - Shutdown initiated...
18:47:39:330  INFO 5372 --- [SpringApplicationShutdownHook] com.zaxxer.hikari.HikariDataSource       : HikariPool-1 - Shutdown completed.
18:47:39:633  INFO 17220 --- [SpringApplicationShutdownHook] com.zaxxer.hikari.HikariDataSource       : HikariPool-1 - Shutdown initiated...
18:47:39:644  INFO 17220 --- [SpringApplicationShutdownHook] com.zaxxer.hikari.HikariDataSource       : HikariPool-1 - Shutdown completed.
19:31:36:035  INFO 22052 --- [main] com.hmall.item.ItemApplication           : Starting ItemApplication using Java 11.0.24 on 扬名立万 with PID 22052 (F:\bishe\hmsc\hmall\item-service\target\classes started by 沈从文 in F:\bishe\hmsc\hmall)
19:31:36:038 DEBUG 22052 --- [main] com.hmall.item.ItemApplication           : Running with Spring Boot v2.7.12, Spring v5.3.27
19:31:36:039  INFO 22052 --- [main] com.hmall.item.ItemApplication           : The following 1 profile is active: "local"
19:31:38:183  INFO 22052 --- [main] o.s.cloud.context.scope.GenericScope     : BeanFactory id=f58b2cf8-e32f-3ff3-8391-275eae3e5825
19:31:38:691  INFO 22052 --- [main] o.s.b.w.embedded.tomcat.TomcatWebServer  : Tomcat initialized with port(s): 8083 (http)
19:31:38:705  INFO 22052 --- [main] o.apache.catalina.core.StandardService   : Starting service [Tomcat]
19:31:38:706  INFO 22052 --- [main] org.apache.catalina.core.StandardEngine  : Starting Servlet engine: [Apache Tomcat/9.0.75]
19:31:38:966  INFO 22052 --- [main] o.a.c.c.C.[Tomcat].[localhost].[/]       : Initializing Spring embedded WebApplicationContext
19:31:38:966  INFO 22052 --- [main] w.s.c.ServletWebServerApplicationContext : Root WebApplicationContext: initialization completed in 2847 ms
19:31:39:748  INFO 7484 --- [main] com.hmall.item.ItemApplication           : Starting ItemApplication using Java 11.0.24 on 扬名立万 with PID 7484 (F:\bishe\hmsc\hmall\item-service\target\classes started by 沈从文 in F:\bishe\hmsc\hmall)
19:31:39:751 DEBUG 7484 --- [main] com.hmall.item.ItemApplication           : Running with Spring Boot v2.7.12, Spring v5.3.27
19:31:39:751  INFO 7484 --- [main] com.hmall.item.ItemApplication           : The following 1 profile is active: "local"
19:31:41:304  INFO 22052 --- [main] pertySourcedRequestMappingHandlerMapping : Mapped URL path [/v2/api-docs] onto method [springfox.documentation.swagger2.web.Swagger2ControllerWebMvc#getDocumentation(String, HttpServletRequest)]
19:31:41:555  INFO 7484 --- [main] o.s.cloud.context.scope.GenericScope     : BeanFactory id=f58b2cf8-e32f-3ff3-8391-275eae3e5825
19:31:42:134  INFO 7484 --- [main] o.s.b.w.embedded.tomcat.TomcatWebServer  : Tomcat initialized with port(s): 8081 (http)
19:31:42:146  INFO 7484 --- [main] o.apache.catalina.core.StandardService   : Starting service [Tomcat]
19:31:42:147  INFO 7484 --- [main] org.apache.catalina.core.StandardEngine  : Starting Servlet engine: [Apache Tomcat/9.0.75]
19:31:42:368  INFO 7484 --- [main] o.a.c.c.C.[Tomcat].[localhost].[/]       : Initializing Spring embedded WebApplicationContext
19:31:42:369  INFO 7484 --- [main] w.s.c.ServletWebServerApplicationContext : Root WebApplicationContext: initialization completed in 2559 ms
19:31:42:885  INFO 22052 --- [main] o.s.b.w.embedded.tomcat.TomcatWebServer  : Tomcat started on port(s): 8083 (http) with context path ''
19:31:42:901  INFO 22052 --- [main] c.a.c.n.registry.NacosServiceRegistry    : nacos registry, DEFAULT_GROUP item-service 192.168.79.1:8083 register finished
19:31:43:729  INFO 22052 --- [main] d.s.w.p.DocumentationPluginsBootstrapper : Documentation plugins bootstrapped
19:31:43:733  INFO 22052 --- [main] d.s.w.p.DocumentationPluginsBootstrapper : Found 1 custom documentation plugin(s)
19:31:43:777  INFO 22052 --- [main] s.d.s.w.s.ApiListingReferenceScanner     : Scanning for api listing references
19:31:43:977  INFO 22052 --- [main] com.hmall.item.ItemApplication           : Started ItemApplication in 9.444 seconds (JVM running for 11.018)
19:31:44:701  INFO 7484 --- [main] pertySourcedRequestMappingHandlerMapping : Mapped URL path [/v2/api-docs] onto method [springfox.documentation.swagger2.web.Swagger2ControllerWebMvc#getDocumentation(String, HttpServletRequest)]
19:31:46:183  INFO 7484 --- [main] o.s.b.w.embedded.tomcat.TomcatWebServer  : Tomcat started on port(s): 8081 (http) with context path ''
19:31:46:195  INFO 7484 --- [main] c.a.c.n.registry.NacosServiceRegistry    : nacos registry, DEFAULT_GROUP item-service 192.168.79.1:8081 register finished
19:31:46:845  INFO 7484 --- [main] d.s.w.p.DocumentationPluginsBootstrapper : Documentation plugins bootstrapped
19:31:46:849  INFO 7484 --- [main] d.s.w.p.DocumentationPluginsBootstrapper : Found 1 custom documentation plugin(s)
19:31:46:883  INFO 7484 --- [main] s.d.s.w.s.ApiListingReferenceScanner     : Scanning for api listing references
19:31:47:030  INFO 7484 --- [main] com.hmall.item.ItemApplication           : Started ItemApplication in 8.545 seconds (JVM running for 10.715)
19:32:30:237  INFO 22052 --- [http-nio-8083-exec-1] o.a.c.c.C.[Tomcat].[localhost].[/]       : Initializing Spring DispatcherServlet 'dispatcherServlet'
19:32:30:237  INFO 22052 --- [http-nio-8083-exec-1] o.s.web.servlet.DispatcherServlet        : Initializing Servlet 'dispatcherServlet'
19:32:30:238  INFO 22052 --- [http-nio-8083-exec-1] o.s.web.servlet.DispatcherServlet        : Completed initialization in 1 ms
19:32:30:411  INFO 22052 --- [http-nio-8083-exec-1] com.zaxxer.hikari.HikariDataSource       : HikariPool-1 - Starting...
19:32:30:585  INFO 22052 --- [http-nio-8083-exec-1] com.zaxxer.hikari.HikariDataSource       : HikariPool-1 - Start completed.
19:32:30:591 DEBUG 22052 --- [http-nio-8083-exec-1] c.h.i.m.ItemMapper.selectList_mpCount    : ==>  Preparing: SELECT COUNT(*) AS total FROM item WHERE (status = ?)
19:32:30:608 DEBUG 22052 --- [http-nio-8083-exec-1] c.h.i.m.ItemMapper.selectList_mpCount    : ==> Parameters: 1(Integer)
19:32:30:643 DEBUG 22052 --- [http-nio-8083-exec-1] c.h.i.m.ItemMapper.selectList_mpCount    : <==      Total: 1
19:32:30:658 DEBUG 22052 --- [http-nio-8083-exec-1] c.h.item.mapper.ItemMapper.selectList    : ==>  Preparing: SELECT id, name, price, stock, image, category, brand, spec, sold, comment_count, isAD, status, create_time, update_time, creater, updater FROM item WHERE (status = ?) ORDER BY update_time DESC LIMIT ?
19:32:30:658 DEBUG 22052 --- [http-nio-8083-exec-1] c.h.item.mapper.ItemMapper.selectList    : ==> Parameters: 1(Integer), 20(Long)
19:32:30:671 DEBUG 22052 --- [http-nio-8083-exec-1] c.h.item.mapper.ItemMapper.selectList    : <==      Total: 20
19:32:44:263  INFO 7484 --- [http-nio-8081-exec-1] o.a.c.c.C.[Tomcat].[localhost].[/]       : Initializing Spring DispatcherServlet 'dispatcherServlet'
19:32:44:264  INFO 7484 --- [http-nio-8081-exec-1] o.s.web.servlet.DispatcherServlet        : Initializing Servlet 'dispatcherServlet'
19:32:44:265  INFO 7484 --- [http-nio-8081-exec-1] o.s.web.servlet.DispatcherServlet        : Completed initialization in 1 ms
19:32:44:441  INFO 7484 --- [http-nio-8081-exec-1] com.zaxxer.hikari.HikariDataSource       : HikariPool-1 - Starting...
19:32:44:614  INFO 7484 --- [http-nio-8081-exec-1] com.zaxxer.hikari.HikariDataSource       : HikariPool-1 - Start completed.
19:32:44:619 DEBUG 7484 --- [http-nio-8081-exec-1] c.h.i.m.ItemMapper.selectList_mpCount    : ==>  Preparing: SELECT COUNT(*) AS total FROM item WHERE (category = ? AND status = ?)
19:32:44:637 DEBUG 7484 --- [http-nio-8081-exec-1] c.h.i.m.ItemMapper.selectList_mpCount    : ==> Parameters: 手机(String), 1(Integer)
19:32:44:730 DEBUG 7484 --- [http-nio-8081-exec-1] c.h.i.m.ItemMapper.selectList_mpCount    : <==      Total: 1
19:32:44:742 DEBUG 7484 --- [http-nio-8081-exec-1] c.h.item.mapper.ItemMapper.selectList    : ==>  Preparing: SELECT id, name, price, stock, image, category, brand, spec, sold, comment_count, isAD, status, create_time, update_time, creater, updater FROM item WHERE (category = ? AND status = ?) ORDER BY update_time DESC LIMIT ?
19:32:44:742 DEBUG 7484 --- [http-nio-8081-exec-1] c.h.item.mapper.ItemMapper.selectList    : ==> Parameters: 手机(String), 1(Integer), 20(Long)
19:32:45:082 DEBUG 7484 --- [http-nio-8081-exec-1] c.h.item.mapper.ItemMapper.selectList    : <==      Total: 20
19:32:46:730 DEBUG 22052 --- [http-nio-8083-exec-2] c.h.i.m.ItemMapper.selectList_mpCount    : ==>  Preparing: SELECT COUNT(*) AS total FROM item WHERE (status = ?)
19:32:46:731 DEBUG 22052 --- [http-nio-8083-exec-2] c.h.i.m.ItemMapper.selectList_mpCount    : ==> Parameters: 1(Integer)
19:32:46:746 DEBUG 22052 --- [http-nio-8083-exec-2] c.h.i.m.ItemMapper.selectList_mpCount    : <==      Total: 1
19:32:46:750 DEBUG 22052 --- [http-nio-8083-exec-2] c.h.item.mapper.ItemMapper.selectList    : ==>  Preparing: SELECT id, name, price, stock, image, category, brand, spec, sold, comment_count, isAD, status, create_time, update_time, creater, updater FROM item WHERE (status = ?) ORDER BY update_time DESC LIMIT ?
19:32:46:750 DEBUG 22052 --- [http-nio-8083-exec-2] c.h.item.mapper.ItemMapper.selectList    : ==> Parameters: 1(Integer), 20(Long)
19:32:46:755 DEBUG 22052 --- [http-nio-8083-exec-2] c.h.item.mapper.ItemMapper.selectList    : <==      Total: 20
19:32:47:537 DEBUG 7484 --- [http-nio-8081-exec-2] c.h.i.m.ItemMapper.selectList_mpCount    : ==>  Preparing: SELECT COUNT(*) AS total FROM item WHERE (brand = ? AND status = ?)
19:32:47:537 DEBUG 7484 --- [http-nio-8081-exec-2] c.h.i.m.ItemMapper.selectList_mpCount    : ==> Parameters: 希捷(String), 1(Integer)
19:32:47:745 DEBUG 7484 --- [http-nio-8081-exec-2] c.h.i.m.ItemMapper.selectList_mpCount    : <==      Total: 1
19:32:47:748 DEBUG 7484 --- [http-nio-8081-exec-2] c.h.item.mapper.ItemMapper.selectList    : ==>  Preparing: SELECT id, name, price, stock, image, category, brand, spec, sold, comment_count, isAD, status, create_time, update_time, creater, updater FROM item WHERE (brand = ? AND status = ?) ORDER BY update_time DESC LIMIT ?
19:32:47:748 DEBUG 7484 --- [http-nio-8081-exec-2] c.h.item.mapper.ItemMapper.selectList    : ==> Parameters: 希捷(String), 1(Integer), 20(Long)
19:32:47:818 DEBUG 7484 --- [http-nio-8081-exec-2] c.h.item.mapper.ItemMapper.selectList    : <==      Total: 20
19:32:48:935 DEBUG 22052 --- [http-nio-8083-exec-3] c.h.i.m.ItemMapper.selectList_mpCount    : ==>  Preparing: SELECT COUNT(*) AS total FROM item WHERE (status = ?)
19:32:48:935 DEBUG 22052 --- [http-nio-8083-exec-3] c.h.i.m.ItemMapper.selectList_mpCount    : ==> Parameters: 1(Integer)
19:32:48:951 DEBUG 22052 --- [http-nio-8083-exec-3] c.h.i.m.ItemMapper.selectList_mpCount    : <==      Total: 1
19:32:48:954 DEBUG 22052 --- [http-nio-8083-exec-3] c.h.item.mapper.ItemMapper.selectList    : ==>  Preparing: SELECT id, name, price, stock, image, category, brand, spec, sold, comment_count, isAD, status, create_time, update_time, creater, updater FROM item WHERE (status = ?) ORDER BY update_time DESC LIMIT ?
19:32:48:954 DEBUG 22052 --- [http-nio-8083-exec-3] c.h.item.mapper.ItemMapper.selectList    : ==> Parameters: 1(Integer), 20(Long)
19:32:48:958 DEBUG 22052 --- [http-nio-8083-exec-3] c.h.item.mapper.ItemMapper.selectList    : <==      Total: 20
19:32:50:048 DEBUG 7484 --- [http-nio-8081-exec-4] c.h.i.m.ItemMapper.selectList_mpCount    : ==>  Preparing: SELECT COUNT(*) AS total FROM item WHERE (status = ? AND price BETWEEN ? AND ?)
19:32:50:048 DEBUG 7484 --- [http-nio-8081-exec-4] c.h.i.m.ItemMapper.selectList_mpCount    : ==> Parameters: 1(Integer), 0(Integer), 10000(Integer)
19:32:50:142 DEBUG 7484 --- [http-nio-8081-exec-4] c.h.i.m.ItemMapper.selectList_mpCount    : <==      Total: 1
19:32:50:145 DEBUG 7484 --- [http-nio-8081-exec-4] c.h.item.mapper.ItemMapper.selectList    : ==>  Preparing: SELECT id, name, price, stock, image, category, brand, spec, sold, comment_count, isAD, status, create_time, update_time, creater, updater FROM item WHERE (status = ? AND price BETWEEN ? AND ?) ORDER BY update_time DESC LIMIT ?
19:32:50:146 DEBUG 7484 --- [http-nio-8081-exec-4] c.h.item.mapper.ItemMapper.selectList    : ==> Parameters: 1(Integer), 0(Integer), 10000(Integer), 20(Long)
19:32:50:150 DEBUG 7484 --- [http-nio-8081-exec-4] c.h.item.mapper.ItemMapper.selectList    : <==      Total: 20
19:32:50:997 DEBUG 22052 --- [http-nio-8083-exec-4] c.h.i.m.ItemMapper.selectList_mpCount    : ==>  Preparing: SELECT COUNT(*) AS total FROM item WHERE (status = ?)
19:32:50:998 DEBUG 22052 --- [http-nio-8083-exec-4] c.h.i.m.ItemMapper.selectList_mpCount    : ==> Parameters: 1(Integer)
19:32:51:014 DEBUG 22052 --- [http-nio-8083-exec-4] c.h.i.m.ItemMapper.selectList_mpCount    : <==      Total: 1
19:32:51:016 DEBUG 22052 --- [http-nio-8083-exec-4] c.h.item.mapper.ItemMapper.selectList    : ==>  Preparing: SELECT id, name, price, stock, image, category, brand, spec, sold, comment_count, isAD, status, create_time, update_time, creater, updater FROM item WHERE (status = ?) ORDER BY update_time DESC LIMIT ?
19:32:51:017 DEBUG 22052 --- [http-nio-8083-exec-4] c.h.item.mapper.ItemMapper.selectList    : ==> Parameters: 1(Integer), 20(Long)
19:32:51:020 DEBUG 22052 --- [http-nio-8083-exec-4] c.h.item.mapper.ItemMapper.selectList    : <==      Total: 20
19:32:51:686 DEBUG 7484 --- [http-nio-8081-exec-3] c.h.i.m.ItemMapper.selectList_mpCount    : ==>  Preparing: SELECT COUNT(*) AS total FROM item WHERE (category = ? AND status = ?)
19:32:51:687 DEBUG 7484 --- [http-nio-8081-exec-3] c.h.i.m.ItemMapper.selectList_mpCount    : ==> Parameters: 曲面电视(String), 1(Integer)
19:32:51:715 DEBUG 7484 --- [http-nio-8081-exec-3] c.h.i.m.ItemMapper.selectList_mpCount    : <==      Total: 1
19:32:51:719 DEBUG 7484 --- [http-nio-8081-exec-3] c.h.item.mapper.ItemMapper.selectList    : ==>  Preparing: SELECT id, name, price, stock, image, category, brand, spec, sold, comment_count, isAD, status, create_time, update_time, creater, updater FROM item WHERE (category = ? AND status = ?) ORDER BY update_time DESC LIMIT ?
19:32:51:719 DEBUG 7484 --- [http-nio-8081-exec-3] c.h.item.mapper.ItemMapper.selectList    : ==> Parameters: 曲面电视(String), 1(Integer), 20(Long)
19:32:51:751 DEBUG 7484 --- [http-nio-8081-exec-3] c.h.item.mapper.ItemMapper.selectList    : <==      Total: 20
19:32:52:580 DEBUG 22052 --- [http-nio-8083-exec-5] c.h.i.m.ItemMapper.selectList_mpCount    : ==>  Preparing: SELECT COUNT(*) AS total FROM item WHERE (status = ?)
19:32:52:580 DEBUG 22052 --- [http-nio-8083-exec-5] c.h.i.m.ItemMapper.selectList_mpCount    : ==> Parameters: 1(Integer)
19:32:52:597 DEBUG 22052 --- [http-nio-8083-exec-5] c.h.i.m.ItemMapper.selectList_mpCount    : <==      Total: 1
19:32:52:599 DEBUG 22052 --- [http-nio-8083-exec-5] c.h.item.mapper.ItemMapper.selectList    : ==>  Preparing: SELECT id, name, price, stock, image, category, brand, spec, sold, comment_count, isAD, status, create_time, update_time, creater, updater FROM item WHERE (status = ?) ORDER BY update_time DESC LIMIT ?
19:32:52:600 DEBUG 22052 --- [http-nio-8083-exec-5] c.h.item.mapper.ItemMapper.selectList    : ==> Parameters: 1(Integer), 20(Long)
19:32:52:603 DEBUG 22052 --- [http-nio-8083-exec-5] c.h.item.mapper.ItemMapper.selectList    : <==      Total: 20
19:32:54:781 DEBUG 7484 --- [http-nio-8081-exec-5] c.h.i.m.ItemMapper.selectList_mpCount    : ==>  Preparing: SELECT COUNT(*) AS total FROM item WHERE (name LIKE ? AND status = ?)
19:32:54:782 DEBUG 7484 --- [http-nio-8081-exec-5] c.h.i.m.ItemMapper.selectList_mpCount    : ==> Parameters: %手机%(String), 1(Integer)
19:32:54:900 DEBUG 7484 --- [http-nio-8081-exec-5] c.h.i.m.ItemMapper.selectList_mpCount    : <==      Total: 1
19:32:54:903 DEBUG 7484 --- [http-nio-8081-exec-5] c.h.item.mapper.ItemMapper.selectList    : ==>  Preparing: SELECT id, name, price, stock, image, category, brand, spec, sold, comment_count, isAD, status, create_time, update_time, creater, updater FROM item WHERE (name LIKE ? AND status = ?) ORDER BY update_time DESC LIMIT ?
19:32:54:903 DEBUG 7484 --- [http-nio-8081-exec-5] c.h.item.mapper.ItemMapper.selectList    : ==> Parameters: %手机%(String), 1(Integer), 20(Long)
19:32:54:906 DEBUG 7484 --- [http-nio-8081-exec-5] c.h.item.mapper.ItemMapper.selectList    : <==      Total: 20
19:33:01:133 DEBUG 22052 --- [http-nio-8083-exec-6] c.h.i.m.ItemMapper.selectList_mpCount    : ==>  Preparing: SELECT COUNT(*) AS total FROM item WHERE (brand = ? AND status = ?)
19:33:01:133 DEBUG 22052 --- [http-nio-8083-exec-6] c.h.i.m.ItemMapper.selectList_mpCount    : ==> Parameters: 莎米特(String), 1(Integer)
19:33:01:219 DEBUG 22052 --- [http-nio-8083-exec-6] c.h.i.m.ItemMapper.selectList_mpCount    : <==      Total: 1
19:33:01:222 DEBUG 22052 --- [http-nio-8083-exec-6] c.h.item.mapper.ItemMapper.selectList    : ==>  Preparing: SELECT id, name, price, stock, image, category, brand, spec, sold, comment_count, isAD, status, create_time, update_time, creater, updater FROM item WHERE (brand = ? AND status = ?) ORDER BY update_time DESC LIMIT ?
19:33:01:222 DEBUG 22052 --- [http-nio-8083-exec-6] c.h.item.mapper.ItemMapper.selectList    : ==> Parameters: 莎米特(String), 1(Integer), 20(Long)
19:33:01:240 DEBUG 22052 --- [http-nio-8083-exec-6] c.h.item.mapper.ItemMapper.selectList    : <==      Total: 20
19:33:35:720 DEBUG 7484 --- [http-nio-8081-exec-6] c.h.i.m.ItemMapper.selectList_mpCount    : ==>  Preparing: SELECT COUNT(*) AS total FROM item WHERE (brand = ? AND category = ? AND status = ?)
19:33:35:721 DEBUG 7484 --- [http-nio-8081-exec-6] c.h.i.m.ItemMapper.selectList_mpCount    : ==> Parameters: 莎米特(String), 曲面电视(String), 1(Integer)
19:33:35:749 DEBUG 7484 --- [http-nio-8081-exec-6] c.h.i.m.ItemMapper.selectList_mpCount    : <==      Total: 1
19:33:36:619 DEBUG 22052 --- [http-nio-8083-exec-7] c.h.i.m.ItemMapper.selectList_mpCount    : ==>  Preparing: SELECT COUNT(*) AS total FROM item WHERE (brand = ? AND status = ?)
19:33:36:619 DEBUG 22052 --- [http-nio-8083-exec-7] c.h.i.m.ItemMapper.selectList_mpCount    : ==> Parameters: 莎米特(String), 1(Integer)
19:33:36:702 DEBUG 22052 --- [http-nio-8083-exec-7] c.h.i.m.ItemMapper.selectList_mpCount    : <==      Total: 1
19:33:36:704 DEBUG 22052 --- [http-nio-8083-exec-7] c.h.item.mapper.ItemMapper.selectList    : ==>  Preparing: SELECT id, name, price, stock, image, category, brand, spec, sold, comment_count, isAD, status, create_time, update_time, creater, updater FROM item WHERE (brand = ? AND status = ?) ORDER BY update_time DESC LIMIT ?
19:33:36:704 DEBUG 22052 --- [http-nio-8083-exec-7] c.h.item.mapper.ItemMapper.selectList    : ==> Parameters: 莎米特(String), 1(Integer), 20(Long)
19:33:36:721 DEBUG 22052 --- [http-nio-8083-exec-7] c.h.item.mapper.ItemMapper.selectList    : <==      Total: 20
19:33:37:348 DEBUG 7484 --- [http-nio-8081-exec-7] c.h.i.m.ItemMapper.selectList_mpCount    : ==>  Preparing: SELECT COUNT(*) AS total FROM item WHERE (status = ?)
19:33:37:349 DEBUG 7484 --- [http-nio-8081-exec-7] c.h.i.m.ItemMapper.selectList_mpCount    : ==> Parameters: 1(Integer)
19:33:37:366 DEBUG 7484 --- [http-nio-8081-exec-7] c.h.i.m.ItemMapper.selectList_mpCount    : <==      Total: 1
19:33:37:369 DEBUG 7484 --- [http-nio-8081-exec-7] c.h.item.mapper.ItemMapper.selectList    : ==>  Preparing: SELECT id, name, price, stock, image, category, brand, spec, sold, comment_count, isAD, status, create_time, update_time, creater, updater FROM item WHERE (status = ?) ORDER BY update_time DESC LIMIT ?
19:33:37:369 DEBUG 7484 --- [http-nio-8081-exec-7] c.h.item.mapper.ItemMapper.selectList    : ==> Parameters: 1(Integer), 20(Long)
19:33:37:372 DEBUG 7484 --- [http-nio-8081-exec-7] c.h.item.mapper.ItemMapper.selectList    : <==      Total: 20
19:33:38:696 DEBUG 22052 --- [http-nio-8083-exec-8] c.h.i.m.ItemMapper.selectList_mpCount    : ==>  Preparing: SELECT COUNT(*) AS total FROM item WHERE (category = ? AND status = ?)
19:33:38:697 DEBUG 22052 --- [http-nio-8083-exec-8] c.h.i.m.ItemMapper.selectList_mpCount    : ==> Parameters: 手机(String), 1(Integer)
19:33:38:727 DEBUG 22052 --- [http-nio-8083-exec-8] c.h.i.m.ItemMapper.selectList_mpCount    : <==      Total: 1
19:33:38:730 DEBUG 22052 --- [http-nio-8083-exec-8] c.h.item.mapper.ItemMapper.selectList    : ==>  Preparing: SELECT id, name, price, stock, image, category, brand, spec, sold, comment_count, isAD, status, create_time, update_time, creater, updater FROM item WHERE (category = ? AND status = ?) ORDER BY update_time DESC LIMIT ?
19:33:38:731 DEBUG 22052 --- [http-nio-8083-exec-8] c.h.item.mapper.ItemMapper.selectList    : ==> Parameters: 手机(String), 1(Integer), 20(Long)
19:33:38:735 DEBUG 22052 --- [http-nio-8083-exec-8] c.h.item.mapper.ItemMapper.selectList    : <==      Total: 20
19:34:36:574 DEBUG 7484 --- [http-nio-8081-exec-8] c.h.i.m.ItemMapper.selectList_mpCount    : ==>  Preparing: SELECT COUNT(*) AS total FROM item WHERE (status = ?)
19:34:36:574 DEBUG 7484 --- [http-nio-8081-exec-8] c.h.i.m.ItemMapper.selectList_mpCount    : ==> Parameters: 1(Integer)
19:34:36:590 DEBUG 7484 --- [http-nio-8081-exec-8] c.h.i.m.ItemMapper.selectList_mpCount    : <==      Total: 1
19:34:36:592 DEBUG 7484 --- [http-nio-8081-exec-8] c.h.item.mapper.ItemMapper.selectList    : ==>  Preparing: SELECT id, name, price, stock, image, category, brand, spec, sold, comment_count, isAD, status, create_time, update_time, creater, updater FROM item WHERE (status = ?) ORDER BY update_time DESC LIMIT ?
19:34:36:592 DEBUG 7484 --- [http-nio-8081-exec-8] c.h.item.mapper.ItemMapper.selectList    : ==> Parameters: 1(Integer), 20(Long)
19:34:36:595 DEBUG 7484 --- [http-nio-8081-exec-8] c.h.item.mapper.ItemMapper.selectList    : <==      Total: 20
19:34:39:156 DEBUG 22052 --- [http-nio-8083-exec-10] c.h.i.m.ItemMapper.selectList_mpCount    : ==>  Preparing: SELECT COUNT(*) AS total FROM item WHERE (category = ? AND status = ?)
19:34:39:157 DEBUG 22052 --- [http-nio-8083-exec-10] c.h.i.m.ItemMapper.selectList_mpCount    : ==> Parameters: 手机(String), 1(Integer)
19:34:39:187 DEBUG 22052 --- [http-nio-8083-exec-10] c.h.i.m.ItemMapper.selectList_mpCount    : <==      Total: 1
19:34:39:189 DEBUG 22052 --- [http-nio-8083-exec-10] c.h.item.mapper.ItemMapper.selectList    : ==>  Preparing: SELECT id, name, price, stock, image, category, brand, spec, sold, comment_count, isAD, status, create_time, update_time, creater, updater FROM item WHERE (category = ? AND status = ?) ORDER BY update_time DESC LIMIT ?
19:34:39:189 DEBUG 22052 --- [http-nio-8083-exec-10] c.h.item.mapper.ItemMapper.selectList    : ==> Parameters: 手机(String), 1(Integer), 20(Long)
19:34:39:192 DEBUG 22052 --- [http-nio-8083-exec-10] c.h.item.mapper.ItemMapper.selectList    : <==      Total: 20
19:34:39:206 DEBUG 7484 --- [http-nio-8081-exec-9] c.h.i.m.ItemMapper.selectList_mpCount    : ==>  Preparing: SELECT COUNT(*) AS total FROM item WHERE (brand = ? AND category = ? AND status = ?)
19:34:39:207 DEBUG 7484 --- [http-nio-8081-exec-9] c.h.i.m.ItemMapper.selectList_mpCount    : ==> Parameters: 希捷(String), 手机(String), 1(Integer)
19:34:39:221 DEBUG 7484 --- [http-nio-8081-exec-9] c.h.i.m.ItemMapper.selectList_mpCount    : <==      Total: 1
19:34:40:387 DEBUG 22052 --- [http-nio-8083-exec-1] c.h.i.m.ItemMapper.selectList_mpCount    : ==>  Preparing: SELECT COUNT(*) AS total FROM item WHERE (category = ? AND status = ?)
19:34:40:387 DEBUG 22052 --- [http-nio-8083-exec-1] c.h.i.m.ItemMapper.selectList_mpCount    : ==> Parameters: 手机(String), 1(Integer)
19:34:40:418 DEBUG 22052 --- [http-nio-8083-exec-1] c.h.i.m.ItemMapper.selectList_mpCount    : <==      Total: 1
19:34:40:420 DEBUG 22052 --- [http-nio-8083-exec-1] c.h.item.mapper.ItemMapper.selectList    : ==>  Preparing: SELECT id, name, price, stock, image, category, brand, spec, sold, comment_count, isAD, status, create_time, update_time, creater, updater FROM item WHERE (category = ? AND status = ?) ORDER BY update_time DESC LIMIT ?
19:34:40:420 DEBUG 22052 --- [http-nio-8083-exec-1] c.h.item.mapper.ItemMapper.selectList    : ==> Parameters: 手机(String), 1(Integer), 20(Long)
19:34:40:424 DEBUG 22052 --- [http-nio-8083-exec-1] c.h.item.mapper.ItemMapper.selectList    : <==      Total: 20
19:34:42:742 DEBUG 22052 --- [http-nio-8083-exec-2] c.h.i.mapper.ItemMapper.selectBatchIds   : ==>  Preparing: SELECT id,name,price,stock,image,category,brand,spec,sold,comment_count,isAD,status,create_time,update_time,creater,updater FROM item WHERE id IN ( ? )
19:34:42:742 DEBUG 22052 --- [http-nio-8083-exec-2] c.h.i.mapper.ItemMapper.selectBatchIds   : ==> Parameters: 5284203(Long)
19:34:42:744 DEBUG 22052 --- [http-nio-8083-exec-2] c.h.i.mapper.ItemMapper.selectBatchIds   : <==      Total: 1
19:34:46:239 DEBUG 7484 --- [http-nio-8081-exec-10] c.h.i.mapper.ItemMapper.selectBatchIds   : ==>  Preparing: SELECT id,name,price,stock,image,category,brand,spec,sold,comment_count,isAD,status,create_time,update_time,creater,updater FROM item WHERE id IN ( ? )
19:34:46:240 DEBUG 7484 --- [http-nio-8081-exec-10] c.h.i.mapper.ItemMapper.selectBatchIds   : ==> Parameters: 5284203(Long)
19:34:46:241 DEBUG 7484 --- [http-nio-8081-exec-10] c.h.i.mapper.ItemMapper.selectBatchIds   : <==      Total: 1
19:34:46:513 DEBUG 22052 --- [http-nio-8083-exec-3] c.h.item.mapper.ItemMapper.updateStock   : ==>  Preparing: UPDATE item SET stock = stock - ? WHERE id = ?
19:34:46:514 DEBUG 22052 --- [http-nio-8083-exec-3] c.h.item.mapper.ItemMapper.updateStock   : ==> Parameters: 1(Integer), 5284203(Long)
19:37:12:552  WARN 7484 --- [Thread-3] c.a.n.common.http.HttpClientBeanHolder   : [HttpClientBeanHolder] Start destroying common HttpClient
19:37:12:553  WARN 7484 --- [Thread-9] c.a.nacos.common.notify.NotifyCenter     : [NotifyCenter] Start destroying Publisher
19:37:12:554  WARN 7484 --- [Thread-3] c.a.n.common.http.HttpClientBeanHolder   : [HttpClientBeanHolder] Destruction of the end
19:37:12:555  WARN 7484 --- [Thread-9] c.a.nacos.common.notify.NotifyCenter     : [NotifyCenter] Destruction of the end
19:37:12:587  WARN 22052 --- [Thread-9] c.a.nacos.common.notify.NotifyCenter     : [NotifyCenter] Start destroying Publisher
19:37:12:587  WARN 22052 --- [Thread-3] c.a.n.common.http.HttpClientBeanHolder   : [HttpClientBeanHolder] Start destroying common HttpClient
19:37:12:587  WARN 22052 --- [Thread-9] c.a.nacos.common.notify.NotifyCenter     : [NotifyCenter] Destruction of the end
19:37:12:588  WARN 22052 --- [Thread-3] c.a.n.common.http.HttpClientBeanHolder   : [HttpClientBeanHolder] Destruction of the end
19:37:13:159  INFO 7484 --- [SpringApplicationShutdownHook] c.a.c.n.registry.NacosServiceRegistry    : De-registering from Nacos Server now...
19:37:13:167  INFO 7484 --- [SpringApplicationShutdownHook] c.a.c.n.registry.NacosServiceRegistry    : De-registration finished.
19:37:13:183  INFO 22052 --- [SpringApplicationShutdownHook] c.a.c.n.registry.NacosServiceRegistry    : De-registering from Nacos Server now...
19:37:13:187  INFO 22052 --- [SpringApplicationShutdownHook] c.a.c.n.registry.NacosServiceRegistry    : De-registration finished.
19:37:20:255  INFO 7484 --- [SpringApplicationShutdownHook] com.zaxxer.hikari.HikariDataSource       : HikariPool-1 - Shutdown initiated...
19:37:20:265  INFO 7484 --- [SpringApplicationShutdownHook] com.zaxxer.hikari.HikariDataSource       : HikariPool-1 - Shutdown completed.
19:37:22:200  INFO 22052 --- [SpringApplicationShutdownHook] com.zaxxer.hikari.HikariDataSource       : HikariPool-1 - Shutdown initiated...
19:37:22:212  INFO 22052 --- [SpringApplicationShutdownHook] com.zaxxer.hikari.HikariDataSource       : HikariPool-1 - Shutdown completed.
